[2025-07-04T05:33:49.263+0000] {manager.py:483} INFO - Processing files using up to 2 processes at a time 
[2025-07-04T05:33:49.265+0000] {manager.py:484} INFO - Process each file at most once every 30 seconds
[2025-07-04T05:33:49.266+0000] {manager.py:485} INFO - Checking for new files in /opt/airflow/dags every 300 seconds
[2025-07-04T05:33:49.269+0000] {manager.py:821} INFO - Searching for files in /opt/airflow/dags
[2025-07-04T05:33:49.286+0000] {manager.py:824} INFO - There are 0 files in /opt/airflow/dags
[2025-07-04T05:38:49.276+0000] {manager.py:821} INFO - Searching for files in /opt/airflow/dags
[2025-07-04T05:38:49.329+0000] {manager.py:824} INFO - There are 0 files in /opt/airflow/dags
[2025-07-04T05:43:50.006+0000] {manager.py:821} INFO - Searching for files in /opt/airflow/dags
[2025-07-04T05:43:50.014+0000] {manager.py:824} INFO - There are 0 files in /opt/airflow/dags
[2025-07-04T05:48:50.818+0000] {manager.py:821} INFO - Searching for files in /opt/airflow/dags
[2025-07-04T05:48:50.832+0000] {manager.py:824} INFO - There are 0 files in /opt/airflow/dags
[2025-07-04T05:53:51.286+0000] {manager.py:821} INFO - Searching for files in /opt/airflow/dags
[2025-07-04T05:53:51.297+0000] {manager.py:824} INFO - There are 0 files in /opt/airflow/dags
[2025-07-04T05:58:52.080+0000] {manager.py:821} INFO - Searching for files in /opt/airflow/dags
[2025-07-04T05:58:52.124+0000] {manager.py:824} INFO - There are 1 files in /opt/airflow/dags
[2025-07-04T05:59:01.745+0000] {manager.py:997} INFO - 
================================================================================
DAG File Processing Stats

File Path                                    PID  Runtime      # DAGs    # Errors  Last Runtime    Last Run      Last # of DB Queries
-----------------------------------------  -----  ---------  --------  ----------  --------------  ----------  ----------------------
/opt/airflow/dags/driven_data_pipeline.py    371  1.08s             0           0                                                   0
================================================================================
[2025-07-04T05:59:31.979+0000] {manager.py:997} INFO - 
================================================================================
DAG File Processing Stats

File Path                                  PID    Runtime      # DAGs    # Errors  Last Runtime    Last Run               Last # of DB Queries
-----------------------------------------  -----  ---------  --------  ----------  --------------  -------------------  ----------------------
/opt/airflow/dags/driven_data_pipeline.py                           1           0  7.89s           2025-07-04T05:59:08                      45
================================================================================
[2025-07-04T06:00:02.390+0000] {manager.py:997} INFO - 
================================================================================
DAG File Processing Stats

File Path                                  PID    Runtime      # DAGs    # Errors  Last Runtime    Last Run               Last # of DB Queries
-----------------------------------------  -----  ---------  --------  ----------  --------------  -------------------  ----------------------
/opt/airflow/dags/driven_data_pipeline.py                           1           0  0.65s           2025-07-04T05:59:39                      12
================================================================================
[2025-07-04T06:00:32.551+0000] {manager.py:997} INFO - 
================================================================================
DAG File Processing Stats

File Path                                  PID    Runtime      # DAGs    # Errors  Last Runtime    Last Run               Last # of DB Queries
-----------------------------------------  -----  ---------  --------  ----------  --------------  -------------------  ----------------------
/opt/airflow/dags/driven_data_pipeline.py                           1           0  2.74s           2025-07-04T06:00:12                      12
================================================================================
[2025-07-04T06:01:03.318+0000] {manager.py:997} INFO - 
================================================================================
DAG File Processing Stats

File Path                                  PID    Runtime      # DAGs    # Errors  Last Runtime    Last Run               Last # of DB Queries
-----------------------------------------  -----  ---------  --------  ----------  --------------  -------------------  ----------------------
/opt/airflow/dags/driven_data_pipeline.py                           1           0  0.49s           2025-07-04T06:00:43                      12
================================================================================
[2025-07-04T06:01:33.662+0000] {manager.py:997} INFO - 
================================================================================
DAG File Processing Stats

File Path                                  PID    Runtime      # DAGs    # Errors  Last Runtime    Last Run               Last # of DB Queries
-----------------------------------------  -----  ---------  --------  ----------  --------------  -------------------  ----------------------
/opt/airflow/dags/driven_data_pipeline.py                           1           0  0.60s           2025-07-04T06:01:14                      12
================================================================================
[2025-07-04T06:02:04.184+0000] {manager.py:997} INFO - 
================================================================================
DAG File Processing Stats

File Path                                  PID    Runtime      # DAGs    # Errors  Last Runtime    Last Run               Last # of DB Queries
-----------------------------------------  -----  ---------  --------  ----------  --------------  -------------------  ----------------------
/opt/airflow/dags/driven_data_pipeline.py                           1           0  0.57s           2025-07-04T06:01:44                      12
================================================================================
[2025-07-04T06:02:34.468+0000] {manager.py:997} INFO - 
================================================================================
DAG File Processing Stats

File Path                                  PID    Runtime      # DAGs    # Errors  Last Runtime    Last Run               Last # of DB Queries
-----------------------------------------  -----  ---------  --------  ----------  --------------  -------------------  ----------------------
/opt/airflow/dags/driven_data_pipeline.py                           1           0  0.78s           2025-07-04T06:02:16                      12
================================================================================
[2025-07-04T06:03:04.949+0000] {manager.py:997} INFO - 
================================================================================
DAG File Processing Stats

File Path                                  PID    Runtime      # DAGs    # Errors  Last Runtime    Last Run               Last # of DB Queries
-----------------------------------------  -----  ---------  --------  ----------  --------------  -------------------  ----------------------
/opt/airflow/dags/driven_data_pipeline.py                           1           0  0.85s           2025-07-04T06:02:47                      12
================================================================================
[2025-07-04T06:03:35.074+0000] {manager.py:997} INFO - 
================================================================================
DAG File Processing Stats

File Path                                  PID    Runtime      # DAGs    # Errors  Last Runtime    Last Run               Last # of DB Queries
-----------------------------------------  -----  ---------  --------  ----------  --------------  -------------------  ----------------------
/opt/airflow/dags/driven_data_pipeline.py                           1           0  1.69s           2025-07-04T06:03:19                      12
================================================================================
[2025-07-04T06:03:52.279+0000] {manager.py:821} INFO - Searching for files in /opt/airflow/dags
[2025-07-04T06:03:52.337+0000] {manager.py:824} INFO - There are 1 files in /opt/airflow/dags
[2025-07-04T06:04:05.455+0000] {manager.py:997} INFO - 
================================================================================
DAG File Processing Stats

File Path                                  PID    Runtime      # DAGs    # Errors  Last Runtime    Last Run               Last # of DB Queries
-----------------------------------------  -----  ---------  --------  ----------  --------------  -------------------  ----------------------
/opt/airflow/dags/driven_data_pipeline.py                           1           0  0.99s           2025-07-04T06:03:51                      12
================================================================================
[2025-07-04T06:04:36.064+0000] {manager.py:997} INFO - 
================================================================================
DAG File Processing Stats

File Path                                  PID    Runtime      # DAGs    # Errors  Last Runtime    Last Run               Last # of DB Queries
-----------------------------------------  -----  ---------  --------  ----------  --------------  -------------------  ----------------------
/opt/airflow/dags/driven_data_pipeline.py                           1           0  0.61s           2025-07-04T06:04:22                      12
================================================================================
[2025-07-04T06:05:06.409+0000] {manager.py:997} INFO - 
================================================================================
DAG File Processing Stats

File Path                                  PID    Runtime      # DAGs    # Errors  Last Runtime    Last Run               Last # of DB Queries
-----------------------------------------  -----  ---------  --------  ----------  --------------  -------------------  ----------------------
/opt/airflow/dags/driven_data_pipeline.py                           1           0  4.72s           2025-07-04T06:05:05                      45
================================================================================
[2025-07-04T06:05:36.597+0000] {manager.py:997} INFO - 
================================================================================
DAG File Processing Stats

File Path                                    PID  Runtime      # DAGs    # Errors  Last Runtime    Last Run               Last # of DB Queries
-----------------------------------------  -----  ---------  --------  ----------  --------------  -------------------  ----------------------
/opt/airflow/dags/driven_data_pipeline.py    475  0.01s             1           0  4.72s           2025-07-04T06:05:05                      45
================================================================================
[2025-07-04T06:06:07.093+0000] {manager.py:997} INFO - 
================================================================================
DAG File Processing Stats

File Path                                  PID    Runtime      # DAGs    # Errors  Last Runtime    Last Run               Last # of DB Queries
-----------------------------------------  -----  ---------  --------  ----------  --------------  -------------------  ----------------------
/opt/airflow/dags/driven_data_pipeline.py                           1           0  1.13s           2025-07-04T06:05:37                      12
================================================================================
[2025-07-04T06:06:37.234+0000] {manager.py:997} INFO - 
================================================================================
DAG File Processing Stats

File Path                                  PID    Runtime      # DAGs    # Errors  Last Runtime    Last Run               Last # of DB Queries
-----------------------------------------  -----  ---------  --------  ----------  --------------  -------------------  ----------------------
/opt/airflow/dags/driven_data_pipeline.py                           1           0  1.85s           2025-07-04T06:06:10                      12
================================================================================
[2025-07-04T06:07:07.574+0000] {manager.py:997} INFO - 
================================================================================
DAG File Processing Stats

File Path                                  PID    Runtime      # DAGs    # Errors  Last Runtime    Last Run               Last # of DB Queries
-----------------------------------------  -----  ---------  --------  ----------  --------------  -------------------  ----------------------
/opt/airflow/dags/driven_data_pipeline.py                           1           0  1.16s           2025-07-04T06:06:41                      12
================================================================================
[2025-07-04T06:07:37.749+0000] {manager.py:997} INFO - 
================================================================================
DAG File Processing Stats

File Path                                  PID    Runtime      # DAGs    # Errors  Last Runtime    Last Run               Last # of DB Queries
-----------------------------------------  -----  ---------  --------  ----------  --------------  -------------------  ----------------------
/opt/airflow/dags/driven_data_pipeline.py                           1           0  0.92s           2025-07-04T06:07:12                      12
================================================================================
[2025-07-04T06:08:07.912+0000] {manager.py:997} INFO - 
================================================================================
DAG File Processing Stats

File Path                                  PID    Runtime      # DAGs    # Errors  Last Runtime    Last Run               Last # of DB Queries
-----------------------------------------  -----  ---------  --------  ----------  --------------  -------------------  ----------------------
/opt/airflow/dags/driven_data_pipeline.py                           1           0  1.42s           2025-07-04T06:07:44                      12
================================================================================
[2025-07-04T06:08:37.984+0000] {manager.py:997} INFO - 
================================================================================
DAG File Processing Stats

File Path                                  PID    Runtime      # DAGs    # Errors  Last Runtime    Last Run               Last # of DB Queries
-----------------------------------------  -----  ---------  --------  ----------  --------------  -------------------  ----------------------
/opt/airflow/dags/driven_data_pipeline.py                           1           0  1.43s           2025-07-04T06:08:16                      12
================================================================================
[2025-07-04T06:08:52.327+0000] {manager.py:821} INFO - Searching for files in /opt/airflow/dags
[2025-07-04T06:08:52.359+0000] {manager.py:824} INFO - There are 1 files in /opt/airflow/dags
[2025-07-04T06:09:08.232+0000] {manager.py:997} INFO - 
================================================================================
DAG File Processing Stats

File Path                                  PID    Runtime      # DAGs    # Errors  Last Runtime    Last Run               Last # of DB Queries
-----------------------------------------  -----  ---------  --------  ----------  --------------  -------------------  ----------------------
/opt/airflow/dags/driven_data_pipeline.py                           1           0  0.44s           2025-07-04T06:08:47                      12
================================================================================
[2025-07-04T06:09:38.834+0000] {manager.py:997} INFO - 
================================================================================
DAG File Processing Stats

File Path                                  PID    Runtime      # DAGs    # Errors  Last Runtime    Last Run               Last # of DB Queries
-----------------------------------------  -----  ---------  --------  ----------  --------------  -------------------  ----------------------
/opt/airflow/dags/driven_data_pipeline.py                           1           0  0.68s           2025-07-04T06:09:17                      12
================================================================================
[2025-07-04T06:10:09.246+0000] {manager.py:997} INFO - 
================================================================================
DAG File Processing Stats

File Path                                  PID    Runtime      # DAGs    # Errors  Last Runtime    Last Run               Last # of DB Queries
-----------------------------------------  -----  ---------  --------  ----------  --------------  -------------------  ----------------------
/opt/airflow/dags/driven_data_pipeline.py                           1           0  0.46s           2025-07-04T06:09:48                      12
================================================================================
[2025-07-04T06:10:39.509+0000] {manager.py:997} INFO - 
================================================================================
DAG File Processing Stats

File Path                                  PID    Runtime      # DAGs    # Errors  Last Runtime    Last Run               Last # of DB Queries
-----------------------------------------  -----  ---------  --------  ----------  --------------  -------------------  ----------------------
/opt/airflow/dags/driven_data_pipeline.py                           1           0  0.47s           2025-07-04T06:10:19                      12
================================================================================
[2025-07-04T06:11:10.224+0000] {manager.py:997} INFO - 
================================================================================
DAG File Processing Stats

File Path                                  PID    Runtime      # DAGs    # Errors  Last Runtime    Last Run               Last # of DB Queries
-----------------------------------------  -----  ---------  --------  ----------  --------------  -------------------  ----------------------
/opt/airflow/dags/driven_data_pipeline.py                           1           0  0.55s           2025-07-04T06:10:49                      12
================================================================================
[2025-07-04T06:11:40.706+0000] {manager.py:997} INFO - 
================================================================================
DAG File Processing Stats

File Path                                  PID    Runtime      # DAGs    # Errors  Last Runtime    Last Run               Last # of DB Queries
-----------------------------------------  -----  ---------  --------  ----------  --------------  -------------------  ----------------------
/opt/airflow/dags/driven_data_pipeline.py                           1           0  1.20s           2025-07-04T06:11:21                      12
================================================================================
[2025-07-04T06:11:56.789+0000] {manager.py:465} INFO - Exiting gracefully upon receiving signal 15
[2025-07-04T06:16:36.359+0000] {manager.py:483} INFO - Processing files using up to 2 processes at a time 
[2025-07-04T06:16:36.360+0000] {manager.py:484} INFO - Process each file at most once every 30 seconds
[2025-07-04T06:16:36.361+0000] {manager.py:485} INFO - Checking for new files in /opt/airflow/dags every 300 seconds
[2025-07-04T06:16:36.362+0000] {manager.py:821} INFO - Searching for files in /opt/airflow/dags
[2025-07-04T06:16:36.384+0000] {manager.py:824} INFO - There are 1 files in /opt/airflow/dags
[2025-07-04T06:16:37.265+0000] {manager.py:997} INFO - 
================================================================================
DAG File Processing Stats

File Path                                    PID  Runtime      # DAGs    # Errors  Last Runtime    Last Run      Last # of DB Queries
-----------------------------------------  -----  ---------  --------  ----------  --------------  ----------  ----------------------
/opt/airflow/dags/driven_data_pipeline.py     79  0.08s             0           0                                                   0
================================================================================
[2025-07-04T06:17:07.502+0000] {manager.py:997} INFO - 
================================================================================
DAG File Processing Stats

File Path                                  PID    Runtime      # DAGs    # Errors  Last Runtime    Last Run               Last # of DB Queries
-----------------------------------------  -----  ---------  --------  ----------  --------------  -------------------  ----------------------
/opt/airflow/dags/driven_data_pipeline.py                           1           0  15.79s          2025-07-04T06:16:52                      12
================================================================================
[2025-07-04T06:17:37.790+0000] {manager.py:997} INFO - 
================================================================================
DAG File Processing Stats

File Path                                  PID    Runtime      # DAGs    # Errors  Last Runtime    Last Run               Last # of DB Queries
-----------------------------------------  -----  ---------  --------  ----------  --------------  -------------------  ----------------------
/opt/airflow/dags/driven_data_pipeline.py                           1           0  10.39s          2025-07-04T06:17:33                      12
================================================================================
[2025-07-04T06:18:07.826+0000] {manager.py:997} INFO - 
================================================================================
DAG File Processing Stats

File Path                                    PID  Runtime      # DAGs    # Errors  Last Runtime    Last Run               Last # of DB Queries
-----------------------------------------  -----  ---------  --------  ----------  --------------  -------------------  ----------------------
/opt/airflow/dags/driven_data_pipeline.py    102  3.52s             1           0  10.39s          2025-07-04T06:17:33                      12
================================================================================
[2025-07-04T06:18:37.811+0000] {manager.py:997} INFO - 
================================================================================
DAG File Processing Stats

File Path                                  PID    Runtime      # DAGs    # Errors  Last Runtime    Last Run               Last # of DB Queries
-----------------------------------------  -----  ---------  --------  ----------  --------------  -------------------  ----------------------
/opt/airflow/dags/driven_data_pipeline.py                           1           0  7.04s           2025-07-04T06:18:11                      12
================================================================================
[2025-07-04T06:19:08.101+0000] {manager.py:997} INFO - 
================================================================================
DAG File Processing Stats

File Path                                    PID  Runtime      # DAGs    # Errors  Last Runtime    Last Run               Last # of DB Queries
-----------------------------------------  -----  ---------  --------  ----------  --------------  -------------------  ----------------------
/opt/airflow/dags/driven_data_pipeline.py    110  26.40s            1           0  7.04s           2025-07-04T06:18:11                      12
================================================================================
[2025-07-04T06:19:38.811+0000] {manager.py:997} INFO - 
================================================================================
DAG File Processing Stats

File Path                                  PID    Runtime      # DAGs    # Errors  Last Runtime    Last Run               Last # of DB Queries
-----------------------------------------  -----  ---------  --------  ----------  --------------  -------------------  ----------------------
/opt/airflow/dags/driven_data_pipeline.py                           1           0  47.69s          2025-07-04T06:19:29                      12
================================================================================
[2025-07-04T06:20:09.188+0000] {manager.py:997} INFO - 
================================================================================
DAG File Processing Stats

File Path                                  PID    Runtime      # DAGs    # Errors  Last Runtime    Last Run               Last # of DB Queries
-----------------------------------------  -----  ---------  --------  ----------  --------------  -------------------  ----------------------
/opt/airflow/dags/driven_data_pipeline.py                           1           0  3.02s           2025-07-04T06:20:02                      12
================================================================================
[2025-07-04T06:20:40.464+0000] {manager.py:997} INFO - 
================================================================================
DAG File Processing Stats

File Path                                    PID  Runtime      # DAGs    # Errors  Last Runtime    Last Run               Last # of DB Queries
-----------------------------------------  -----  ---------  --------  ----------  --------------  -------------------  ----------------------
/opt/airflow/dags/driven_data_pipeline.py    137  7.35s             1           0  3.02s           2025-07-04T06:20:02                      12
================================================================================
[2025-07-04T06:21:10.803+0000] {manager.py:997} INFO - 
================================================================================
DAG File Processing Stats

File Path                                  PID    Runtime      # DAGs    # Errors  Last Runtime    Last Run               Last # of DB Queries
-----------------------------------------  -----  ---------  --------  ----------  --------------  -------------------  ----------------------
/opt/airflow/dags/driven_data_pipeline.py                           1           0  19.03s          2025-07-04T06:20:52                      12
================================================================================
[2025-07-04T06:21:36.524+0000] {manager.py:821} INFO - Searching for files in /opt/airflow/dags
[2025-07-04T06:21:36.849+0000] {manager.py:824} INFO - There are 1 files in /opt/airflow/dags
[2025-07-04T06:21:41.478+0000] {manager.py:997} INFO - 
================================================================================
DAG File Processing Stats

File Path                                  PID    Runtime      # DAGs    # Errors  Last Runtime    Last Run               Last # of DB Queries
-----------------------------------------  -----  ---------  --------  ----------  --------------  -------------------  ----------------------
/opt/airflow/dags/driven_data_pipeline.py                           1           0  0.80s           2025-07-04T06:21:23                      12
================================================================================
[2025-07-04T06:22:11.575+0000] {manager.py:997} INFO - 
================================================================================
DAG File Processing Stats

File Path                                  PID    Runtime      # DAGs    # Errors  Last Runtime    Last Run               Last # of DB Queries
-----------------------------------------  -----  ---------  --------  ----------  --------------  -------------------  ----------------------
/opt/airflow/dags/driven_data_pipeline.py                           1           0  0.64s           2025-07-04T06:21:54                      12
================================================================================
[2025-07-04T06:22:41.879+0000] {manager.py:997} INFO - 
================================================================================
DAG File Processing Stats

File Path                                  PID    Runtime      # DAGs    # Errors  Last Runtime    Last Run               Last # of DB Queries
-----------------------------------------  -----  ---------  --------  ----------  --------------  -------------------  ----------------------
/opt/airflow/dags/driven_data_pipeline.py                           1           0  1.85s           2025-07-04T06:22:26                      12
================================================================================
[2025-07-04T06:23:12.769+0000] {manager.py:997} INFO - 
================================================================================
DAG File Processing Stats

File Path                                  PID    Runtime      # DAGs    # Errors  Last Runtime    Last Run               Last # of DB Queries
-----------------------------------------  -----  ---------  --------  ----------  --------------  -------------------  ----------------------
/opt/airflow/dags/driven_data_pipeline.py                           1           0  0.63s           2025-07-04T06:22:57                      12
================================================================================
[2025-07-04T06:23:42.945+0000] {manager.py:997} INFO - 
================================================================================
DAG File Processing Stats

File Path                                  PID    Runtime      # DAGs    # Errors  Last Runtime    Last Run               Last # of DB Queries
-----------------------------------------  -----  ---------  --------  ----------  --------------  -------------------  ----------------------
/opt/airflow/dags/driven_data_pipeline.py                           1           0  0.68s           2025-07-04T06:23:28                      12
================================================================================
[2025-07-04T06:24:13.208+0000] {manager.py:997} INFO - 
================================================================================
DAG File Processing Stats

File Path                                  PID    Runtime      # DAGs    # Errors  Last Runtime    Last Run               Last # of DB Queries
-----------------------------------------  -----  ---------  --------  ----------  --------------  -------------------  ----------------------
/opt/airflow/dags/driven_data_pipeline.py                           1           0  4.98s           2025-07-04T06:24:04                      12
================================================================================
[2025-07-04T06:24:44.096+0000] {manager.py:997} INFO - 
================================================================================
DAG File Processing Stats

File Path                                  PID    Runtime      # DAGs    # Errors  Last Runtime    Last Run               Last # of DB Queries
-----------------------------------------  -----  ---------  --------  ----------  --------------  -------------------  ----------------------
/opt/airflow/dags/driven_data_pipeline.py                           1           0  2.05s           2025-07-04T06:24:36                      12
================================================================================
[2025-07-04T06:25:14.250+0000] {manager.py:997} INFO - 
================================================================================
DAG File Processing Stats

File Path                                  PID    Runtime      # DAGs    # Errors  Last Runtime    Last Run               Last # of DB Queries
-----------------------------------------  -----  ---------  --------  ----------  --------------  -------------------  ----------------------
/opt/airflow/dags/driven_data_pipeline.py                           1           0  0.81s           2025-07-04T06:25:08                      12
================================================================================
[2025-07-04T06:25:44.595+0000] {manager.py:997} INFO - 
================================================================================
DAG File Processing Stats

File Path                                  PID    Runtime      # DAGs    # Errors  Last Runtime    Last Run               Last # of DB Queries
-----------------------------------------  -----  ---------  --------  ----------  --------------  -------------------  ----------------------
/opt/airflow/dags/driven_data_pipeline.py                           1           0  0.98s           2025-07-04T06:25:39                      12
================================================================================
[2025-07-04T06:26:14.916+0000] {manager.py:997} INFO - 
================================================================================
DAG File Processing Stats

File Path                                  PID    Runtime      # DAGs    # Errors  Last Runtime    Last Run               Last # of DB Queries
-----------------------------------------  -----  ---------  --------  ----------  --------------  -------------------  ----------------------
/opt/airflow/dags/driven_data_pipeline.py                           1           0  1.61s           2025-07-04T06:26:11                      12
================================================================================
[2025-07-04T06:26:25.876+0000] {manager.py:465} INFO - Exiting gracefully upon receiving signal 15
[2025-07-04T06:32:30.739+0000] {manager.py:483} INFO - Processing files using up to 2 processes at a time 
[2025-07-04T06:32:30.751+0000] {manager.py:484} INFO - Process each file at most once every 30 seconds
[2025-07-04T06:32:30.757+0000] {manager.py:485} INFO - Checking for new files in /opt/airflow/dags every 300 seconds
[2025-07-04T06:32:30.759+0000] {manager.py:821} INFO - Searching for files in /opt/airflow/dags
[2025-07-04T06:32:30.784+0000] {manager.py:824} INFO - There are 0 files in /opt/airflow/dags
[2025-07-04T06:35:44.693+0000] {manager.py:465} INFO - Exiting gracefully upon receiving signal 15
[2025-07-04T06:40:18.088+0000] {manager.py:483} INFO - Processing files using up to 2 processes at a time 
[2025-07-04T06:40:18.092+0000] {manager.py:484} INFO - Process each file at most once every 30 seconds
[2025-07-04T06:40:18.099+0000] {manager.py:485} INFO - Checking for new files in /opt/airflow/dags every 300 seconds
[2025-07-04T06:40:18.112+0000] {manager.py:821} INFO - Searching for files in /opt/airflow/dags
[2025-07-04T06:40:18.973+0000] {manager.py:824} INFO - There are 1 files in /opt/airflow/dags
[2025-07-04T06:40:19.962+0000] {manager.py:997} INFO - 
================================================================================
DAG File Processing Stats

File Path                                    PID  Runtime      # DAGs    # Errors  Last Runtime    Last Run      Last # of DB Queries
-----------------------------------------  -----  ---------  --------  ----------  --------------  ----------  ----------------------
/opt/airflow/dags/driven_data_pipeline.py    107  0.11s             0           0                                                   0
================================================================================
[2025-07-04T06:40:50.277+0000] {manager.py:997} INFO - 
================================================================================
DAG File Processing Stats

File Path                                    PID  Runtime      # DAGs    # Errors  Last Runtime    Last Run      Last # of DB Queries
-----------------------------------------  -----  ---------  --------  ----------  --------------  ----------  ----------------------
/opt/airflow/dags/driven_data_pipeline.py    107  30.45s            0           0                                                   0
================================================================================
[2025-07-04T06:41:20.684+0000] {manager.py:997} INFO - 
================================================================================
DAG File Processing Stats

File Path                                  PID    Runtime      # DAGs    # Errors  Last Runtime    Last Run               Last # of DB Queries
-----------------------------------------  -----  ---------  --------  ----------  --------------  -------------------  ----------------------
/opt/airflow/dags/driven_data_pipeline.py                           1           0  32.66s          2025-07-04T06:40:52                      34
================================================================================
[2025-07-04T06:41:51.585+0000] {manager.py:997} INFO - 
================================================================================
DAG File Processing Stats

File Path                                    PID  Runtime      # DAGs    # Errors  Last Runtime    Last Run               Last # of DB Queries
-----------------------------------------  -----  ---------  --------  ----------  --------------  -------------------  ----------------------
/opt/airflow/dags/driven_data_pipeline.py    120  28.74s            1           0  32.66s          2025-07-04T06:40:52                      34
================================================================================
[2025-07-04T06:42:21.727+0000] {manager.py:997} INFO - 
================================================================================
DAG File Processing Stats

File Path                                  PID    Runtime      # DAGs    # Errors  Last Runtime    Last Run               Last # of DB Queries
-----------------------------------------  -----  ---------  --------  ----------  --------------  -------------------  ----------------------
/opt/airflow/dags/driven_data_pipeline.py                           1           0  31.56s          2025-07-04T06:41:54                      12
================================================================================
[2025-07-04T06:42:52.007+0000] {manager.py:997} INFO - 
================================================================================
DAG File Processing Stats

File Path                                  PID    Runtime      # DAGs    # Errors  Last Runtime    Last Run               Last # of DB Queries
-----------------------------------------  -----  ---------  --------  ----------  --------------  -------------------  ----------------------
/opt/airflow/dags/driven_data_pipeline.py                           1           0  8.80s           2025-07-04T06:42:33                      12
================================================================================
[2025-07-04T06:43:22.145+0000] {manager.py:997} INFO - 
================================================================================
DAG File Processing Stats

File Path                                  PID    Runtime      # DAGs    # Errors  Last Runtime    Last Run               Last # of DB Queries
-----------------------------------------  -----  ---------  --------  ----------  --------------  -------------------  ----------------------
/opt/airflow/dags/driven_data_pipeline.py                           1           0  7.37s           2025-07-04T06:43:11                      12
================================================================================
[2025-07-04T06:43:52.901+0000] {manager.py:997} INFO - 
================================================================================
DAG File Processing Stats

File Path                                  PID    Runtime      # DAGs    # Errors  Last Runtime    Last Run               Last # of DB Queries
-----------------------------------------  -----  ---------  --------  ----------  --------------  -------------------  ----------------------
/opt/airflow/dags/driven_data_pipeline.py                           1           0  1.10s           2025-07-04T06:43:42                      12
================================================================================
[2025-07-04T06:44:23.060+0000] {manager.py:997} INFO - 
================================================================================
DAG File Processing Stats

File Path                                  PID    Runtime      # DAGs    # Errors  Last Runtime    Last Run               Last # of DB Queries
-----------------------------------------  -----  ---------  --------  ----------  --------------  -------------------  ----------------------
/opt/airflow/dags/driven_data_pipeline.py                           1           0  1.11s           2025-07-04T06:44:14                      12
================================================================================
[2025-07-04T06:44:53.275+0000] {manager.py:997} INFO - 
================================================================================
DAG File Processing Stats

File Path                                  PID    Runtime      # DAGs    # Errors  Last Runtime    Last Run               Last # of DB Queries
-----------------------------------------  -----  ---------  --------  ----------  --------------  -------------------  ----------------------
/opt/airflow/dags/driven_data_pipeline.py                           1           0  0.61s           2025-07-04T06:44:44                      12
================================================================================
[2025-07-04T06:45:18.115+0000] {manager.py:821} INFO - Searching for files in /opt/airflow/dags
[2025-07-04T06:45:18.138+0000] {manager.py:824} INFO - There are 1 files in /opt/airflow/dags
[2025-07-04T06:45:23.506+0000] {manager.py:997} INFO - 
================================================================================
DAG File Processing Stats

File Path                                  PID    Runtime      # DAGs    # Errors  Last Runtime    Last Run               Last # of DB Queries
-----------------------------------------  -----  ---------  --------  ----------  --------------  -------------------  ----------------------
/opt/airflow/dags/driven_data_pipeline.py                           1           0  5.87s           2025-07-04T06:45:21                      12
================================================================================
[2025-07-04T06:45:53.671+0000] {manager.py:997} INFO - 
================================================================================
DAG File Processing Stats

File Path                                  PID    Runtime      # DAGs    # Errors  Last Runtime    Last Run               Last # of DB Queries
-----------------------------------------  -----  ---------  --------  ----------  --------------  -------------------  ----------------------
/opt/airflow/dags/driven_data_pipeline.py                           1           0  1.50s           2025-07-04T06:45:53                      12
================================================================================
[2025-07-04T06:46:26.282+0000] {manager.py:997} INFO - 
================================================================================
DAG File Processing Stats

File Path                                    PID  Runtime      # DAGs    # Errors  Last Runtime    Last Run               Last # of DB Queries
-----------------------------------------  -----  ---------  --------  ----------  --------------  -------------------  ----------------------
/opt/airflow/dags/driven_data_pipeline.py    194  0.39s             1           0  1.50s           2025-07-04T06:45:53                      12
================================================================================
[2025-07-04T06:46:57.236+0000] {manager.py:997} INFO - 
================================================================================
DAG File Processing Stats

File Path                                  PID    Runtime      # DAGs    # Errors  Last Runtime    Last Run               Last # of DB Queries
-----------------------------------------  -----  ---------  --------  ----------  --------------  -------------------  ----------------------
/opt/airflow/dags/driven_data_pipeline.py                           1           0  5.16s           2025-07-04T06:46:31                      12
================================================================================
[2025-07-04T06:47:27.884+0000] {manager.py:997} INFO - 
================================================================================
DAG File Processing Stats

File Path                                  PID    Runtime      # DAGs    # Errors  Last Runtime    Last Run               Last # of DB Queries
-----------------------------------------  -----  ---------  --------  ----------  --------------  -------------------  ----------------------
/opt/airflow/dags/driven_data_pipeline.py                           1           0  1.03s           2025-07-04T06:47:02                      12
================================================================================
[2025-07-04T06:47:58.138+0000] {manager.py:997} INFO - 
================================================================================
DAG File Processing Stats

File Path                                  PID    Runtime      # DAGs    # Errors  Last Runtime    Last Run               Last # of DB Queries
-----------------------------------------  -----  ---------  --------  ----------  --------------  -------------------  ----------------------
/opt/airflow/dags/driven_data_pipeline.py                           1           0  3.12s           2025-07-04T06:47:36                      12
================================================================================
[2025-07-04T06:48:28.265+0000] {manager.py:997} INFO - 
================================================================================
DAG File Processing Stats

File Path                                  PID    Runtime      # DAGs    # Errors  Last Runtime    Last Run               Last # of DB Queries
-----------------------------------------  -----  ---------  --------  ----------  --------------  -------------------  ----------------------
/opt/airflow/dags/driven_data_pipeline.py                           1           0  2.85s           2025-07-04T06:48:09                      12
================================================================================
[2025-07-04T06:48:59.299+0000] {manager.py:997} INFO - 
================================================================================
DAG File Processing Stats

File Path                                  PID    Runtime      # DAGs    # Errors  Last Runtime    Last Run               Last # of DB Queries
-----------------------------------------  -----  ---------  --------  ----------  --------------  -------------------  ----------------------
/opt/airflow/dags/driven_data_pipeline.py                           1           0  1.07s           2025-07-04T06:48:41                      12
================================================================================
[2025-07-04T06:49:29.996+0000] {manager.py:997} INFO - 
================================================================================
DAG File Processing Stats

File Path                                  PID    Runtime      # DAGs    # Errors  Last Runtime    Last Run               Last # of DB Queries
-----------------------------------------  -----  ---------  --------  ----------  --------------  -------------------  ----------------------
/opt/airflow/dags/driven_data_pipeline.py                           1           0  1.36s           2025-07-04T06:49:12                      12
================================================================================
[2025-07-04T06:50:00.493+0000] {manager.py:997} INFO - 
================================================================================
DAG File Processing Stats

File Path                                  PID    Runtime      # DAGs    # Errors  Last Runtime    Last Run               Last # of DB Queries
-----------------------------------------  -----  ---------  --------  ----------  --------------  -------------------  ----------------------
/opt/airflow/dags/driven_data_pipeline.py                           1           0  1.41s           2025-07-04T06:49:44                      12
================================================================================
[2025-07-04T06:50:18.117+0000] {manager.py:821} INFO - Searching for files in /opt/airflow/dags
[2025-07-04T06:50:18.398+0000] {manager.py:824} INFO - There are 1 files in /opt/airflow/dags
[2025-07-04T06:50:30.871+0000] {manager.py:997} INFO - 
================================================================================
DAG File Processing Stats

File Path                                  PID    Runtime      # DAGs    # Errors  Last Runtime    Last Run               Last # of DB Queries
-----------------------------------------  -----  ---------  --------  ----------  --------------  -------------------  ----------------------
/opt/airflow/dags/driven_data_pipeline.py                           1           0  1.46s           2025-07-04T06:50:16                      12
================================================================================
[2025-07-04T06:51:01.154+0000] {manager.py:997} INFO - 
================================================================================
DAG File Processing Stats

File Path                                  PID    Runtime      # DAGs    # Errors  Last Runtime    Last Run               Last # of DB Queries
-----------------------------------------  -----  ---------  --------  ----------  --------------  -------------------  ----------------------
/opt/airflow/dags/driven_data_pipeline.py                           1           0  0.86s           2025-07-04T06:50:47                      12
================================================================================
[2025-07-04T06:51:31.550+0000] {manager.py:997} INFO - 
================================================================================
DAG File Processing Stats

File Path                                  PID    Runtime      # DAGs    # Errors  Last Runtime    Last Run               Last # of DB Queries
-----------------------------------------  -----  ---------  --------  ----------  --------------  -------------------  ----------------------
/opt/airflow/dags/driven_data_pipeline.py                           1           0  0.64s           2025-07-04T06:51:17                      12
================================================================================
[2025-07-04T06:52:01.992+0000] {manager.py:997} INFO - 
================================================================================
DAG File Processing Stats

File Path                                  PID    Runtime      # DAGs    # Errors  Last Runtime    Last Run               Last # of DB Queries
-----------------------------------------  -----  ---------  --------  ----------  --------------  -------------------  ----------------------
/opt/airflow/dags/driven_data_pipeline.py                           1           0  3.50s           2025-07-04T06:51:51                      12
================================================================================
[2025-07-04T06:52:32.112+0000] {manager.py:997} INFO - 
================================================================================
DAG File Processing Stats

File Path                                  PID    Runtime      # DAGs    # Errors  Last Runtime    Last Run               Last # of DB Queries
-----------------------------------------  -----  ---------  --------  ----------  --------------  -------------------  ----------------------
/opt/airflow/dags/driven_data_pipeline.py                           1           0  1.68s           2025-07-04T06:52:23                      12
================================================================================
[2025-07-04T06:53:02.441+0000] {manager.py:997} INFO - 
================================================================================
DAG File Processing Stats

File Path                                  PID    Runtime      # DAGs    # Errors  Last Runtime    Last Run               Last # of DB Queries
-----------------------------------------  -----  ---------  --------  ----------  --------------  -------------------  ----------------------
/opt/airflow/dags/driven_data_pipeline.py                           1           0  1.32s           2025-07-04T06:52:55                      12
================================================================================
[2025-07-04T06:53:32.529+0000] {manager.py:997} INFO - 
================================================================================
DAG File Processing Stats

File Path                                  PID    Runtime      # DAGs    # Errors  Last Runtime    Last Run               Last # of DB Queries
-----------------------------------------  -----  ---------  --------  ----------  --------------  -------------------  ----------------------
/opt/airflow/dags/driven_data_pipeline.py                           1           0  0.79s           2025-07-04T06:53:26                      12
================================================================================
[2025-07-04T06:54:02.680+0000] {manager.py:997} INFO - 
================================================================================
DAG File Processing Stats

File Path                                  PID    Runtime      # DAGs    # Errors  Last Runtime    Last Run               Last # of DB Queries
-----------------------------------------  -----  ---------  --------  ----------  --------------  -------------------  ----------------------
/opt/airflow/dags/driven_data_pipeline.py                           1           0  0.69s           2025-07-04T06:53:57                      12
================================================================================
[2025-07-04T06:54:32.752+0000] {manager.py:997} INFO - 
================================================================================
DAG File Processing Stats

File Path                                  PID    Runtime      # DAGs    # Errors  Last Runtime    Last Run               Last # of DB Queries
-----------------------------------------  -----  ---------  --------  ----------  --------------  -------------------  ----------------------
/opt/airflow/dags/driven_data_pipeline.py                           1           0  0.77s           2025-07-04T06:54:28                      12
================================================================================
[2025-07-04T06:55:03.147+0000] {manager.py:997} INFO - 
================================================================================
DAG File Processing Stats

File Path                                  PID    Runtime      # DAGs    # Errors  Last Runtime    Last Run               Last # of DB Queries
-----------------------------------------  -----  ---------  --------  ----------  --------------  -------------------  ----------------------
/opt/airflow/dags/driven_data_pipeline.py                           1           0  1.74s           2025-07-04T06:54:58                      34
================================================================================
[2025-07-04T06:55:18.720+0000] {manager.py:821} INFO - Searching for files in /opt/airflow/dags
[2025-07-04T06:55:19.149+0000] {manager.py:824} INFO - There are 1 files in /opt/airflow/dags
[2025-07-04T06:55:33.452+0000] {manager.py:997} INFO - 
================================================================================
DAG File Processing Stats

File Path                                  PID    Runtime      # DAGs    # Errors  Last Runtime    Last Run               Last # of DB Queries
-----------------------------------------  -----  ---------  --------  ----------  --------------  -------------------  ----------------------
/opt/airflow/dags/driven_data_pipeline.py                           1           0  3.38s           2025-07-04T06:55:32                      12
================================================================================
[2025-07-04T06:56:03.869+0000] {manager.py:997} INFO - 
================================================================================
DAG File Processing Stats

File Path                                  PID    Runtime      # DAGs    # Errors  Last Runtime    Last Run               Last # of DB Queries
-----------------------------------------  -----  ---------  --------  ----------  --------------  -------------------  ----------------------
/opt/airflow/dags/driven_data_pipeline.py                           1           0  0.66s           2025-07-04T06:56:03                      12
================================================================================
[2025-07-04T06:56:34.312+0000] {manager.py:997} INFO - 
================================================================================
DAG File Processing Stats

File Path                                    PID  Runtime      # DAGs    # Errors  Last Runtime    Last Run               Last # of DB Queries
-----------------------------------------  -----  ---------  --------  ----------  --------------  -------------------  ----------------------
/opt/airflow/dags/driven_data_pipeline.py    355  0.70s             1           0  0.66s           2025-07-04T06:56:03                      12
================================================================================
[2025-07-04T06:57:04.472+0000] {manager.py:997} INFO - 
================================================================================
DAG File Processing Stats

File Path                                  PID    Runtime      # DAGs    # Errors  Last Runtime    Last Run               Last # of DB Queries
-----------------------------------------  -----  ---------  --------  ----------  --------------  -------------------  ----------------------
/opt/airflow/dags/driven_data_pipeline.py                           1           0  8.57s           2025-07-04T06:56:42                      12
================================================================================
[2025-07-04T06:57:34.776+0000] {manager.py:997} INFO - 
================================================================================
DAG File Processing Stats

File Path                                  PID    Runtime      # DAGs    # Errors  Last Runtime    Last Run               Last # of DB Queries
-----------------------------------------  -----  ---------  --------  ----------  --------------  -------------------  ----------------------
/opt/airflow/dags/driven_data_pipeline.py                           1           0  1.30s           2025-07-04T06:57:13                      12
================================================================================
[2025-07-04T06:57:40.853+0000] {manager.py:1291} WARNING - Skipping processing of missing file: /opt/airflow/dags/driven_data_pipeline.py
[2025-07-04T06:58:18.750+0000] {manager.py:465} INFO - Exiting gracefully upon receiving signal 15
[2025-07-04T06:59:23.996+0000] {manager.py:483} INFO - Processing files using up to 2 processes at a time 
[2025-07-04T06:59:23.997+0000] {manager.py:484} INFO - Process each file at most once every 30 seconds
[2025-07-04T06:59:23.998+0000] {manager.py:485} INFO - Checking for new files in /opt/airflow/dags every 300 seconds
[2025-07-04T06:59:24.000+0000] {manager.py:821} INFO - Searching for files in /opt/airflow/dags
[2025-07-04T06:59:24.044+0000] {manager.py:824} INFO - There are 1 files in /opt/airflow/dags
[2025-07-04T06:59:24.216+0000] {manager.py:997} INFO - 
================================================================================
DAG File Processing Stats

File Path                                         PID  Runtime      # DAGs    # Errors  Last Runtime    Last Run      Last # of DB Queries
----------------------------------------------  -----  ---------  --------  ----------  --------------  ----------  ----------------------
/opt/airflow/dags/extract_raw_data_pipeline.py     78  0.03s             0           0                                                   0
================================================================================
[2025-07-04T06:59:54.906+0000] {manager.py:997} INFO - 
================================================================================
DAG File Processing Stats

File Path                                       PID    Runtime      # DAGs    # Errors  Last Runtime    Last Run               Last # of DB Queries
----------------------------------------------  -----  ---------  --------  ----------  --------------  -------------------  ----------------------
/opt/airflow/dags/extract_raw_data_pipeline.py                           1           0  5.33s           2025-07-04T06:59:29                      34
================================================================================
[2025-07-04T07:00:25.331+0000] {manager.py:997} INFO - 
================================================================================
DAG File Processing Stats

File Path                                       PID    Runtime      # DAGs    # Errors  Last Runtime    Last Run               Last # of DB Queries
----------------------------------------------  -----  ---------  --------  ----------  --------------  -------------------  ----------------------
/opt/airflow/dags/extract_raw_data_pipeline.py                           1           0  0.78s           2025-07-04T07:00:00                      12
================================================================================
[2025-07-04T07:00:55.788+0000] {manager.py:997} INFO - 
================================================================================
DAG File Processing Stats

File Path                                       PID    Runtime      # DAGs    # Errors  Last Runtime    Last Run               Last # of DB Queries
----------------------------------------------  -----  ---------  --------  ----------  --------------  -------------------  ----------------------
/opt/airflow/dags/extract_raw_data_pipeline.py                           1           0  1.39s           2025-07-04T07:00:32                      12
================================================================================
[2025-07-04T07:01:26.549+0000] {manager.py:997} INFO - 
================================================================================
DAG File Processing Stats

File Path                                       PID    Runtime      # DAGs    # Errors  Last Runtime    Last Run               Last # of DB Queries
----------------------------------------------  -----  ---------  --------  ----------  --------------  -------------------  ----------------------
/opt/airflow/dags/extract_raw_data_pipeline.py                           1           0  2.19s           2025-07-04T07:01:05                      12
================================================================================
[2025-07-04T07:01:56.908+0000] {manager.py:997} INFO - 
================================================================================
DAG File Processing Stats

File Path                                       PID    Runtime      # DAGs    # Errors  Last Runtime    Last Run               Last # of DB Queries
----------------------------------------------  -----  ---------  --------  ----------  --------------  -------------------  ----------------------
/opt/airflow/dags/extract_raw_data_pipeline.py                           1           0  0.81s           2025-07-04T07:01:36                      12
================================================================================
[2025-07-04T07:02:27.285+0000] {manager.py:997} INFO - 
================================================================================
DAG File Processing Stats

File Path                                       PID    Runtime      # DAGs    # Errors  Last Runtime    Last Run               Last # of DB Queries
----------------------------------------------  -----  ---------  --------  ----------  --------------  -------------------  ----------------------
/opt/airflow/dags/extract_raw_data_pipeline.py                           1           0  1.22s           2025-07-04T07:02:08                      12
================================================================================
[2025-07-04T07:02:57.752+0000] {manager.py:997} INFO - 
================================================================================
DAG File Processing Stats

File Path                                       PID    Runtime      # DAGs    # Errors  Last Runtime    Last Run               Last # of DB Queries
----------------------------------------------  -----  ---------  --------  ----------  --------------  -------------------  ----------------------
/opt/airflow/dags/extract_raw_data_pipeline.py                           1           0  1.02s           2025-07-04T07:02:39                      12
================================================================================
[2025-07-04T07:03:28.158+0000] {manager.py:997} INFO - 
================================================================================
DAG File Processing Stats

File Path                                       PID    Runtime      # DAGs    # Errors  Last Runtime    Last Run               Last # of DB Queries
----------------------------------------------  -----  ---------  --------  ----------  --------------  -------------------  ----------------------
/opt/airflow/dags/extract_raw_data_pipeline.py                           1           0  0.50s           2025-07-04T07:03:10                      12
================================================================================
[2025-07-04T07:03:58.238+0000] {manager.py:997} INFO - 
================================================================================
DAG File Processing Stats

File Path                                       PID    Runtime      # DAGs    # Errors  Last Runtime    Last Run               Last # of DB Queries
----------------------------------------------  -----  ---------  --------  ----------  --------------  -------------------  ----------------------
/opt/airflow/dags/extract_raw_data_pipeline.py                           1           0  0.52s           2025-07-04T07:03:42                      12
================================================================================
[2025-07-04T07:04:24.428+0000] {manager.py:821} INFO - Searching for files in /opt/airflow/dags
[2025-07-04T07:04:24.452+0000] {manager.py:824} INFO - There are 1 files in /opt/airflow/dags
[2025-07-04T07:04:28.495+0000] {manager.py:997} INFO - 
================================================================================
DAG File Processing Stats

File Path                                       PID    Runtime      # DAGs    # Errors  Last Runtime    Last Run               Last # of DB Queries
----------------------------------------------  -----  ---------  --------  ----------  --------------  -------------------  ----------------------
/opt/airflow/dags/extract_raw_data_pipeline.py                           1           0  0.54s           2025-07-04T07:04:12                      12
================================================================================
[2025-07-04T07:04:58.723+0000] {manager.py:997} INFO - 
================================================================================
DAG File Processing Stats

File Path                                       PID    Runtime      # DAGs    # Errors  Last Runtime    Last Run               Last # of DB Queries
----------------------------------------------  -----  ---------  --------  ----------  --------------  -------------------  ----------------------
/opt/airflow/dags/extract_raw_data_pipeline.py                           1           0  1.19s           2025-07-04T07:04:44                      12
================================================================================
[2025-07-04T07:05:28.850+0000] {manager.py:997} INFO - 
================================================================================
DAG File Processing Stats

File Path                                       PID    Runtime      # DAGs    # Errors  Last Runtime    Last Run               Last # of DB Queries
----------------------------------------------  -----  ---------  --------  ----------  --------------  -------------------  ----------------------
/opt/airflow/dags/extract_raw_data_pipeline.py                           1           0  1.21s           2025-07-04T07:05:15                      12
================================================================================
[2025-07-04T07:05:59.393+0000] {manager.py:997} INFO - 
================================================================================
DAG File Processing Stats

File Path                                       PID    Runtime      # DAGs    # Errors  Last Runtime    Last Run               Last # of DB Queries
----------------------------------------------  -----  ---------  --------  ----------  --------------  -------------------  ----------------------
/opt/airflow/dags/extract_raw_data_pipeline.py                           1           0  2.09s           2025-07-04T07:05:48                      12
================================================================================
[2025-07-04T07:06:20.433+0000] {manager.py:465} INFO - Exiting gracefully upon receiving signal 15
[2025-07-04T07:07:12.974+0000] {manager.py:483} INFO - Processing files using up to 2 processes at a time 
[2025-07-04T07:07:12.976+0000] {manager.py:484} INFO - Process each file at most once every 30 seconds
[2025-07-04T07:07:12.977+0000] {manager.py:485} INFO - Checking for new files in /opt/airflow/dags every 300 seconds
[2025-07-04T07:07:12.981+0000] {manager.py:821} INFO - Searching for files in /opt/airflow/dags
[2025-07-04T07:07:13.053+0000] {manager.py:824} INFO - There are 2 files in /opt/airflow/dags
[2025-07-04T07:07:13.465+0000] {manager.py:997} INFO - 
================================================================================
DAG File Processing Stats

File Path                                         PID  Runtime      # DAGs    # Errors  Last Runtime    Last Run      Last # of DB Queries
----------------------------------------------  -----  ---------  --------  ----------  --------------  ----------  ----------------------
/opt/airflow/dags/dag_test.py                      79  0.34s             0           0                                                   0
/opt/airflow/dags/extract_raw_data_pipeline.py     80  0.11s             0           0                                                   0
================================================================================
[2025-07-04T07:07:44.020+0000] {manager.py:997} INFO - 
================================================================================
DAG File Processing Stats

File Path                                       PID    Runtime      # DAGs    # Errors  Last Runtime    Last Run               Last # of DB Queries
----------------------------------------------  -----  ---------  --------  ----------  --------------  -------------------  ----------------------
/opt/airflow/dags/extract_raw_data_pipeline.py                           1           0  8.57s           2025-07-04T07:07:21                      12
/opt/airflow/dags/dag_test.py                                            1           0  7.95s           2025-07-04T07:07:21                      45
================================================================================
[2025-07-04T07:08:14.116+0000] {manager.py:997} INFO - 
================================================================================
DAG File Processing Stats

File Path                                       PID    Runtime      # DAGs    # Errors  Last Runtime    Last Run               Last # of DB Queries
----------------------------------------------  -----  ---------  --------  ----------  --------------  -------------------  ----------------------
/opt/airflow/dags/extract_raw_data_pipeline.py                           1           0  2.42s           2025-07-04T07:07:54                      12
/opt/airflow/dags/dag_test.py                                            1           0  0.37s           2025-07-04T07:07:51                      12
================================================================================
[2025-07-04T07:08:44.331+0000] {manager.py:997} INFO - 
================================================================================
DAG File Processing Stats

File Path                                       PID    Runtime      # DAGs    # Errors  Last Runtime    Last Run               Last # of DB Queries
----------------------------------------------  -----  ---------  --------  ----------  --------------  -------------------  ----------------------
/opt/airflow/dags/dag_test.py                                            1           0  1.41s           2025-07-04T07:08:23                      12
/opt/airflow/dags/extract_raw_data_pipeline.py                           1           0  1.32s           2025-07-04T07:08:26                      12
================================================================================
[2025-07-04T07:09:14.997+0000] {manager.py:997} INFO - 
================================================================================
DAG File Processing Stats

File Path                                       PID    Runtime      # DAGs    # Errors  Last Runtime    Last Run               Last # of DB Queries
----------------------------------------------  -----  ---------  --------  ----------  --------------  -------------------  ----------------------
/opt/airflow/dags/extract_raw_data_pipeline.py                           1           0  4.31s           2025-07-04T07:09:00                      12
/opt/airflow/dags/dag_test.py                                            1           0  0.45s           2025-07-04T07:08:54                      12
================================================================================
[2025-07-04T07:09:45.039+0000] {manager.py:997} INFO - 
================================================================================
DAG File Processing Stats

File Path                                       PID    Runtime      # DAGs    # Errors  Last Runtime    Last Run               Last # of DB Queries
----------------------------------------------  -----  ---------  --------  ----------  --------------  -------------------  ----------------------
/opt/airflow/dags/extract_raw_data_pipeline.py                           1           0  0.60s           2025-07-04T07:09:31                      12
/opt/airflow/dags/dag_test.py                                            1           0  0.29s           2025-07-04T07:09:25                      12
================================================================================
[2025-07-04T07:09:45.558+0000] {manager.py:465} INFO - Exiting gracefully upon receiving signal 15
[2025-07-04T07:10:29.888+0000] {manager.py:483} INFO - Processing files using up to 2 processes at a time 
[2025-07-04T07:10:29.889+0000] {manager.py:484} INFO - Process each file at most once every 30 seconds
[2025-07-04T07:10:29.889+0000] {manager.py:485} INFO - Checking for new files in /opt/airflow/dags every 300 seconds
[2025-07-04T07:10:29.890+0000] {manager.py:821} INFO - Searching for files in /opt/airflow/dags
[2025-07-04T07:10:29.924+0000] {manager.py:824} INFO - There are 2 files in /opt/airflow/dags
[2025-07-04T07:10:30.159+0000] {manager.py:997} INFO - 
================================================================================
DAG File Processing Stats

File Path                                         PID  Runtime      # DAGs    # Errors  Last Runtime    Last Run      Last # of DB Queries
----------------------------------------------  -----  ---------  --------  ----------  --------------  ----------  ----------------------
/opt/airflow/dags/dag_test.py                      79  0.16s             0           0                                                   0
/opt/airflow/dags/extract_raw_data_pipeline.py     80  0.07s             0           0                                                   0
================================================================================
[2025-07-04T07:10:52.346+0000] {manager.py:465} INFO - Exiting gracefully upon receiving signal 15
[2025-07-04T07:11:20.581+0000] {manager.py:483} INFO - Processing files using up to 2 processes at a time 
[2025-07-04T07:11:20.582+0000] {manager.py:484} INFO - Process each file at most once every 30 seconds
[2025-07-04T07:11:20.589+0000] {manager.py:485} INFO - Checking for new files in /opt/airflow/dags every 300 seconds
[2025-07-04T07:11:20.589+0000] {manager.py:821} INFO - Searching for files in /opt/airflow/dags
[2025-07-04T07:11:20.636+0000] {manager.py:824} INFO - There are 2 files in /opt/airflow/dags
[2025-07-04T07:11:20.822+0000] {manager.py:997} INFO - 
================================================================================
DAG File Processing Stats

File Path                                         PID  Runtime      # DAGs    # Errors  Last Runtime    Last Run      Last # of DB Queries
----------------------------------------------  -----  ---------  --------  ----------  --------------  ----------  ----------------------
/opt/airflow/dags/dag_test.py                      64  0.13s             0           0                                                   0
/opt/airflow/dags/extract_raw_data_pipeline.py     65  0.08s             0           0                                                   0
================================================================================
[2025-07-04T07:11:51.247+0000] {manager.py:997} INFO - 
================================================================================
DAG File Processing Stats

File Path                                         PID  Runtime      # DAGs    # Errors  Last Runtime    Last Run               Last # of DB Queries
----------------------------------------------  -----  ---------  --------  ----------  --------------  -------------------  ----------------------
/opt/airflow/dags/extract_raw_data_pipeline.py                           1           0  2.71s           2025-07-04T07:11:23                      12
/opt/airflow/dags/dag_test.py                      73  0.01s             1           0  0.27s           2025-07-04T07:11:20                      12
================================================================================
[2025-07-04T07:12:21.410+0000] {manager.py:997} INFO - 
================================================================================
DAG File Processing Stats

File Path                                       PID    Runtime      # DAGs    # Errors  Last Runtime    Last Run               Last # of DB Queries
----------------------------------------------  -----  ---------  --------  ----------  --------------  -------------------  ----------------------
/opt/airflow/dags/extract_raw_data_pipeline.py                           1           0  1.39s           2025-07-04T07:11:54                      12
/opt/airflow/dags/dag_test.py                                            1           0  0.48s           2025-07-04T07:11:51                      12
================================================================================
[2025-07-04T07:12:52.252+0000] {manager.py:997} INFO - 
================================================================================
DAG File Processing Stats

File Path                                       PID    Runtime      # DAGs    # Errors  Last Runtime    Last Run               Last # of DB Queries
----------------------------------------------  -----  ---------  --------  ----------  --------------  -------------------  ----------------------
/opt/airflow/dags/extract_raw_data_pipeline.py                           1           0  1.12s           2025-07-04T07:12:26                      12
/opt/airflow/dags/dag_test.py                                            1           0  0.14s           2025-07-04T07:12:22                      12
================================================================================
[2025-07-04T07:13:22.937+0000] {manager.py:997} INFO - 
================================================================================
DAG File Processing Stats

File Path                                       PID    Runtime      # DAGs    # Errors  Last Runtime    Last Run               Last # of DB Queries
----------------------------------------------  -----  ---------  --------  ----------  --------------  -------------------  ----------------------
/opt/airflow/dags/extract_raw_data_pipeline.py                           1           0  1.77s           2025-07-04T07:12:58                      12
/opt/airflow/dags/dag_test.py                                            1           0  0.46s           2025-07-04T07:12:53                      12
================================================================================
[2025-07-04T07:13:52.974+0000] {manager.py:997} INFO - 
================================================================================
DAG File Processing Stats

File Path                                       PID    Runtime      # DAGs    # Errors  Last Runtime    Last Run               Last # of DB Queries
----------------------------------------------  -----  ---------  --------  ----------  --------------  -------------------  ----------------------
/opt/airflow/dags/extract_raw_data_pipeline.py                           1           0  2.77s           2025-07-04T07:13:31                      12
/opt/airflow/dags/dag_test.py                                            1           0  0.41s           2025-07-04T07:13:24                      12
================================================================================
[2025-07-04T07:14:23.448+0000] {manager.py:997} INFO - 
================================================================================
DAG File Processing Stats

File Path                                       PID    Runtime      # DAGs    # Errors  Last Runtime    Last Run               Last # of DB Queries
----------------------------------------------  -----  ---------  --------  ----------  --------------  -------------------  ----------------------
/opt/airflow/dags/extract_raw_data_pipeline.py                           1           0  0.81s           2025-07-04T07:14:03                      12
/opt/airflow/dags/dag_test.py                                            1           0  0.39s           2025-07-04T07:13:55                      12
================================================================================
[2025-07-04T07:14:53.937+0000] {manager.py:997} INFO - 
================================================================================
DAG File Processing Stats

File Path                                       PID    Runtime      # DAGs    # Errors  Last Runtime    Last Run               Last # of DB Queries
----------------------------------------------  -----  ---------  --------  ----------  --------------  -------------------  ----------------------
/opt/airflow/dags/extract_raw_data_pipeline.py                           1           0  4.32s           2025-07-04T07:14:37                      12
/opt/airflow/dags/dag_test.py                                            1           0  0.69s           2025-07-04T07:14:26                      12
================================================================================
[2025-07-04T07:15:24.149+0000] {manager.py:997} INFO - 
================================================================================
DAG File Processing Stats

File Path                                       PID    Runtime      # DAGs    # Errors  Last Runtime    Last Run               Last # of DB Queries
----------------------------------------------  -----  ---------  --------  ----------  --------------  -------------------  ----------------------
/opt/airflow/dags/extract_raw_data_pipeline.py                           1           0  0.68s           2025-07-04T07:15:08                      12
/opt/airflow/dags/dag_test.py                                            1           0  0.65s           2025-07-04T07:14:58                      12
================================================================================
[2025-07-04T07:15:54.351+0000] {manager.py:997} INFO - 
================================================================================
DAG File Processing Stats

File Path                                       PID    Runtime      # DAGs    # Errors  Last Runtime    Last Run               Last # of DB Queries
----------------------------------------------  -----  ---------  --------  ----------  --------------  -------------------  ----------------------
/opt/airflow/dags/dag_test.py                                            1           0  3.63s           2025-07-04T07:15:32                      12
/opt/airflow/dags/extract_raw_data_pipeline.py                           1           0  1.92s           2025-07-04T07:15:41                      12
================================================================================
[2025-07-04T07:16:20.815+0000] {manager.py:821} INFO - Searching for files in /opt/airflow/dags
[2025-07-04T07:16:20.846+0000] {manager.py:824} INFO - There are 2 files in /opt/airflow/dags
[2025-07-04T07:16:24.576+0000] {manager.py:997} INFO - 
================================================================================
DAG File Processing Stats

File Path                                       PID    Runtime      # DAGs    # Errors  Last Runtime    Last Run               Last # of DB Queries
----------------------------------------------  -----  ---------  --------  ----------  --------------  -------------------  ----------------------
/opt/airflow/dags/extract_raw_data_pipeline.py                           1           0  0.50s           2025-07-04T07:16:11                      12
/opt/airflow/dags/dag_test.py                                            1           0  0.18s           2025-07-04T07:16:03                      12
================================================================================
[2025-07-04T07:16:55.143+0000] {manager.py:997} INFO - 
================================================================================
DAG File Processing Stats

File Path                                       PID    Runtime      # DAGs    # Errors  Last Runtime    Last Run               Last # of DB Queries
----------------------------------------------  -----  ---------  --------  ----------  --------------  -------------------  ----------------------
/opt/airflow/dags/extract_raw_data_pipeline.py                           1           0  0.78s           2025-07-04T07:16:42                      12
/opt/airflow/dags/dag_test.py                                            1           0  0.15s           2025-07-04T07:16:33                      12
================================================================================
[2025-07-04T07:17:25.170+0000] {manager.py:997} INFO - 
================================================================================
DAG File Processing Stats

File Path                                       PID    Runtime      # DAGs    # Errors  Last Runtime    Last Run               Last # of DB Queries
----------------------------------------------  -----  ---------  --------  ----------  --------------  -------------------  ----------------------
/opt/airflow/dags/extract_raw_data_pipeline.py                           1           0  1.06s           2025-07-04T07:17:13                      12
/opt/airflow/dags/dag_test.py                                            1           0  0.49s           2025-07-04T07:17:04                      12
================================================================================
[2025-07-04T07:17:55.454+0000] {manager.py:997} INFO - 
================================================================================
DAG File Processing Stats

File Path                                       PID    Runtime      # DAGs    # Errors  Last Runtime    Last Run               Last # of DB Queries
----------------------------------------------  -----  ---------  --------  ----------  --------------  -------------------  ----------------------
/opt/airflow/dags/extract_raw_data_pipeline.py                           1           0  0.86s           2025-07-04T07:17:45                      12
/opt/airflow/dags/dag_test.py                                            1           0  0.13s           2025-07-04T07:17:35                      12
================================================================================
[2025-07-04T07:18:25.644+0000] {manager.py:997} INFO - 
================================================================================
DAG File Processing Stats

File Path                                       PID    Runtime      # DAGs    # Errors  Last Runtime    Last Run               Last # of DB Queries
----------------------------------------------  -----  ---------  --------  ----------  --------------  -------------------  ----------------------
/opt/airflow/dags/extract_raw_data_pipeline.py                           1           0  0.81s           2025-07-04T07:18:16                      12
/opt/airflow/dags/dag_test.py                                            1           0  0.17s           2025-07-04T07:18:05                      12
================================================================================
[2025-07-04T07:18:55.758+0000] {manager.py:997} INFO - 
================================================================================
DAG File Processing Stats

File Path                                       PID    Runtime      # DAGs    # Errors  Last Runtime    Last Run               Last # of DB Queries
----------------------------------------------  -----  ---------  --------  ----------  --------------  -------------------  ----------------------
/opt/airflow/dags/extract_raw_data_pipeline.py                           1           0  0.77s           2025-07-04T07:18:47                      12
/opt/airflow/dags/dag_test.py                                            1           0  0.18s           2025-07-04T07:18:35                      12
================================================================================
[2025-07-04T07:19:26.266+0000] {manager.py:997} INFO - 
================================================================================
DAG File Processing Stats

File Path                                       PID    Runtime      # DAGs    # Errors  Last Runtime    Last Run               Last # of DB Queries
----------------------------------------------  -----  ---------  --------  ----------  --------------  -------------------  ----------------------
/opt/airflow/dags/extract_raw_data_pipeline.py                           1           0  0.85s           2025-07-04T07:19:19                      12
/opt/airflow/dags/dag_test.py                                            1           0  0.17s           2025-07-04T07:19:06                      12
================================================================================
[2025-07-04T07:19:54.794+0000] {manager.py:465} INFO - Exiting gracefully upon receiving signal 15
[2025-07-04T07:20:55.224+0000] {manager.py:483} INFO - Processing files using up to 2 processes at a time 
[2025-07-04T07:20:55.225+0000] {manager.py:484} INFO - Process each file at most once every 30 seconds
[2025-07-04T07:20:55.225+0000] {manager.py:485} INFO - Checking for new files in /opt/airflow/dags every 300 seconds
[2025-07-04T07:20:55.226+0000] {manager.py:821} INFO - Searching for files in /opt/airflow/dags
[2025-07-04T07:20:55.273+0000] {manager.py:824} INFO - There are 2 files in /opt/airflow/dags
[2025-07-04T07:20:55.569+0000] {manager.py:997} INFO - 
================================================================================
DAG File Processing Stats

File Path                                         PID  Runtime      # DAGs    # Errors  Last Runtime    Last Run      Last # of DB Queries
----------------------------------------------  -----  ---------  --------  ----------  --------------  ----------  ----------------------
/opt/airflow/dags/dag_test.py                      74  0.22s             0           0                                                   0
/opt/airflow/dags/extract_raw_data_pipeline.py     75  0.10s             0           0                                                   0
================================================================================
[2025-07-04T07:21:25.698+0000] {manager.py:997} INFO - 
================================================================================
DAG File Processing Stats

File Path                                         PID  Runtime      # DAGs    # Errors  Last Runtime    Last Run               Last # of DB Queries
----------------------------------------------  -----  ---------  --------  ----------  --------------  -------------------  ----------------------
/opt/airflow/dags/extract_raw_data_pipeline.py                           1           0  1.80s           2025-07-04T07:20:57                      12
/opt/airflow/dags/dag_test.py                      83  0.01s             1           0  0.31s           2025-07-04T07:20:55                      12
================================================================================
[2025-07-04T07:21:56.162+0000] {manager.py:997} INFO - 
================================================================================
DAG File Processing Stats

File Path                                       PID    Runtime      # DAGs    # Errors  Last Runtime    Last Run               Last # of DB Queries
----------------------------------------------  -----  ---------  --------  ----------  --------------  -------------------  ----------------------
/opt/airflow/dags/extract_raw_data_pipeline.py                           1           0  1.40s           2025-07-04T07:21:29                      12
/opt/airflow/dags/dag_test.py                                            1           0  0.26s           2025-07-04T07:21:25                      12
================================================================================
[2025-07-04T07:22:26.301+0000] {manager.py:997} INFO - 
================================================================================
DAG File Processing Stats

File Path                                       PID    Runtime      # DAGs    # Errors  Last Runtime    Last Run               Last # of DB Queries
----------------------------------------------  -----  ---------  --------  ----------  --------------  -------------------  ----------------------
/opt/airflow/dags/extract_raw_data_pipeline.py                           1           0  5.71s           2025-07-04T07:22:05                      12
/opt/airflow/dags/dag_test.py                                            1           0  1.22s           2025-07-04T07:21:57                      12
================================================================================
[2025-07-04T07:22:56.338+0000] {manager.py:997} INFO - 
================================================================================
DAG File Processing Stats

File Path                                       PID    Runtime      # DAGs    # Errors  Last Runtime    Last Run               Last # of DB Queries
----------------------------------------------  -----  ---------  --------  ----------  --------------  -------------------  ----------------------
/opt/airflow/dags/extract_raw_data_pipeline.py                           1           0  0.70s           2025-07-04T07:22:36                      12
/opt/airflow/dags/dag_test.py                                            1           0  0.30s           2025-07-04T07:22:27                      12
================================================================================
[2025-07-04T07:23:26.757+0000] {manager.py:997} INFO - 
================================================================================
DAG File Processing Stats

File Path                                       PID    Runtime      # DAGs    # Errors  Last Runtime    Last Run               Last # of DB Queries
----------------------------------------------  -----  ---------  --------  ----------  --------------  -------------------  ----------------------
/opt/airflow/dags/dag_test.py                                            1           0  2.14s           2025-07-04T07:23:00                      12
/opt/airflow/dags/extract_raw_data_pipeline.py                           1           0  0.98s           2025-07-04T07:23:07                      12
================================================================================
[2025-07-04T07:23:56.884+0000] {manager.py:997} INFO - 
================================================================================
DAG File Processing Stats

File Path                                       PID    Runtime      # DAGs    # Errors  Last Runtime    Last Run               Last # of DB Queries
----------------------------------------------  -----  ---------  --------  ----------  --------------  -------------------  ----------------------
/opt/airflow/dags/extract_raw_data_pipeline.py                           1           0  0.64s           2025-07-04T07:23:38                      12
/opt/airflow/dags/dag_test.py                                            1           0  0.38s           2025-07-04T07:23:31                      12
================================================================================
[2025-07-04T07:24:27.078+0000] {manager.py:997} INFO - 
================================================================================
DAG File Processing Stats

File Path                                       PID    Runtime      # DAGs    # Errors  Last Runtime    Last Run               Last # of DB Queries
----------------------------------------------  -----  ---------  --------  ----------  --------------  -------------------  ----------------------
/opt/airflow/dags/extract_raw_data_pipeline.py                           1           0  0.79s           2025-07-04T07:24:09                      12
/opt/airflow/dags/dag_test.py                                            1           0  0.29s           2025-07-04T07:24:01                      12
================================================================================
[2025-07-04T07:24:57.621+0000] {manager.py:997} INFO - 
================================================================================
DAG File Processing Stats

File Path                                       PID    Runtime      # DAGs    # Errors  Last Runtime    Last Run               Last # of DB Queries
----------------------------------------------  -----  ---------  --------  ----------  --------------  -------------------  ----------------------
/opt/airflow/dags/extract_raw_data_pipeline.py                           1           0  1.51s           2025-07-04T07:24:41                      12
/opt/airflow/dags/dag_test.py                                            1           0  0.36s           2025-07-04T07:24:32                      12
================================================================================
[2025-07-04T07:25:27.920+0000] {manager.py:997} INFO - 
================================================================================
DAG File Processing Stats

File Path                                       PID    Runtime      # DAGs    # Errors  Last Runtime    Last Run               Last # of DB Queries
----------------------------------------------  -----  ---------  --------  ----------  --------------  -------------------  ----------------------
/opt/airflow/dags/extract_raw_data_pipeline.py                           1           0  1.43s           2025-07-04T07:25:13                      12
/opt/airflow/dags/dag_test.py                                            1           0  0.19s           2025-07-04T07:25:02                      12
================================================================================
[2025-07-04T07:25:55.469+0000] {manager.py:821} INFO - Searching for files in /opt/airflow/dags
[2025-07-04T07:25:55.553+0000] {manager.py:824} INFO - There are 2 files in /opt/airflow/dags
[2025-07-04T07:25:58.728+0000] {manager.py:997} INFO - 
================================================================================
DAG File Processing Stats

File Path                                       PID    Runtime      # DAGs    # Errors  Last Runtime    Last Run               Last # of DB Queries
----------------------------------------------  -----  ---------  --------  ----------  --------------  -------------------  ----------------------
/opt/airflow/dags/extract_raw_data_pipeline.py                           1           0  1.15s           2025-07-04T07:25:44                      12
/opt/airflow/dags/dag_test.py                                            1           0  0.14s           2025-07-04T07:25:33                      12
================================================================================
[2025-07-04T07:26:29.419+0000] {manager.py:997} INFO - 
================================================================================
DAG File Processing Stats

File Path                                       PID    Runtime      # DAGs    # Errors  Last Runtime    Last Run               Last # of DB Queries
----------------------------------------------  -----  ---------  --------  ----------  --------------  -------------------  ----------------------
/opt/airflow/dags/dag_test.py                                            1           0  0.75s           2025-07-04T07:26:04                      12
/opt/airflow/dags/extract_raw_data_pipeline.py                           1           0  0.52s           2025-07-04T07:26:15                      12
================================================================================
[2025-07-04T07:26:59.489+0000] {manager.py:997} INFO - 
================================================================================
DAG File Processing Stats

File Path                                       PID    Runtime      # DAGs    # Errors  Last Runtime    Last Run               Last # of DB Queries
----------------------------------------------  -----  ---------  --------  ----------  --------------  -------------------  ----------------------
/opt/airflow/dags/dag_test.py                                            1           0  0.78s           2025-07-04T07:26:36                      12
/opt/airflow/dags/extract_raw_data_pipeline.py                           1           0  0.47s           2025-07-04T07:26:46                      12
================================================================================
[2025-07-04T07:27:30.067+0000] {manager.py:997} INFO - 
================================================================================
DAG File Processing Stats

File Path                                       PID    Runtime      # DAGs    # Errors  Last Runtime    Last Run               Last # of DB Queries
----------------------------------------------  -----  ---------  --------  ----------  --------------  -------------------  ----------------------
/opt/airflow/dags/extract_raw_data_pipeline.py                           1           0  0.49s           2025-07-04T07:27:17                      12
/opt/airflow/dags/dag_test.py                                            1           0  0.29s           2025-07-04T07:27:06                      12
================================================================================
[2025-07-04T07:28:00.524+0000] {manager.py:997} INFO - 
================================================================================
DAG File Processing Stats

File Path                                       PID    Runtime      # DAGs    # Errors  Last Runtime    Last Run               Last # of DB Queries
----------------------------------------------  -----  ---------  --------  ----------  --------------  -------------------  ----------------------
/opt/airflow/dags/extract_raw_data_pipeline.py                           1           0  0.54s           2025-07-04T07:27:47                      12
/opt/airflow/dags/dag_test.py                                            1           0  0.17s           2025-07-04T07:27:37                      12
================================================================================
[2025-07-04T07:28:30.960+0000] {manager.py:997} INFO - 
================================================================================
DAG File Processing Stats

File Path                                       PID    Runtime      # DAGs    # Errors  Last Runtime    Last Run               Last # of DB Queries
----------------------------------------------  -----  ---------  --------  ----------  --------------  -------------------  ----------------------
/opt/airflow/dags/extract_raw_data_pipeline.py                           1           0  0.43s           2025-07-04T07:28:18                      12
/opt/airflow/dags/dag_test.py                                            1           0  0.16s           2025-07-04T07:28:07                      12
================================================================================
[2025-07-04T07:29:01.137+0000] {manager.py:997} INFO - 
================================================================================
DAG File Processing Stats

File Path                                       PID    Runtime      # DAGs    # Errors  Last Runtime    Last Run               Last # of DB Queries
----------------------------------------------  -----  ---------  --------  ----------  --------------  -------------------  ----------------------
/opt/airflow/dags/extract_raw_data_pipeline.py                           1           0  0.67s           2025-07-04T07:28:49                      12
/opt/airflow/dags/dag_test.py                                            1           0  0.25s           2025-07-04T07:28:38                      12
================================================================================
[2025-07-04T07:29:31.251+0000] {manager.py:997} INFO - 
================================================================================
DAG File Processing Stats

File Path                                       PID    Runtime      # DAGs    # Errors  Last Runtime    Last Run               Last # of DB Queries
----------------------------------------------  -----  ---------  --------  ----------  --------------  -------------------  ----------------------
/opt/airflow/dags/extract_raw_data_pipeline.py                           1           0  0.41s           2025-07-04T07:29:20                      12
/opt/airflow/dags/dag_test.py                                            1           0  0.18s           2025-07-04T07:29:08                      12
================================================================================
[2025-07-04T07:30:01.338+0000] {manager.py:997} INFO - 
================================================================================
DAG File Processing Stats

File Path                                       PID    Runtime      # DAGs    # Errors  Last Runtime    Last Run               Last # of DB Queries
----------------------------------------------  -----  ---------  --------  ----------  --------------  -------------------  ----------------------
/opt/airflow/dags/extract_raw_data_pipeline.py                           1           0  0.66s           2025-07-04T07:29:50                      12
/opt/airflow/dags/dag_test.py                                            1           0  0.18s           2025-07-04T07:29:39                      12
================================================================================
[2025-07-04T07:30:31.801+0000] {manager.py:997} INFO - 
================================================================================
DAG File Processing Stats

File Path                                       PID    Runtime      # DAGs    # Errors  Last Runtime    Last Run               Last # of DB Queries
----------------------------------------------  -----  ---------  --------  ----------  --------------  -------------------  ----------------------
/opt/airflow/dags/extract_raw_data_pipeline.py                           1           0  0.60s           2025-07-04T07:30:22                      12
/opt/airflow/dags/dag_test.py                                            1           0  0.16s           2025-07-04T07:30:09                      12
================================================================================
[2025-07-04T07:30:56.100+0000] {manager.py:821} INFO - Searching for files in /opt/airflow/dags
[2025-07-04T07:30:56.131+0000] {manager.py:824} INFO - There are 2 files in /opt/airflow/dags
[2025-07-04T07:31:02.202+0000] {manager.py:997} INFO - 
================================================================================
DAG File Processing Stats

File Path                                       PID    Runtime      # DAGs    # Errors  Last Runtime    Last Run               Last # of DB Queries
----------------------------------------------  -----  ---------  --------  ----------  --------------  -------------------  ----------------------
/opt/airflow/dags/extract_raw_data_pipeline.py                           1           0  0.43s           2025-07-04T07:30:53                      12
/opt/airflow/dags/dag_test.py                                            1           0  0.14s           2025-07-04T07:30:39                      12
================================================================================
[2025-07-04T07:31:32.442+0000] {manager.py:997} INFO - 
================================================================================
DAG File Processing Stats

File Path                                       PID    Runtime      # DAGs    # Errors  Last Runtime    Last Run               Last # of DB Queries
----------------------------------------------  -----  ---------  --------  ----------  --------------  -------------------  ----------------------
/opt/airflow/dags/extract_raw_data_pipeline.py                           1           0  0.78s           2025-07-04T07:31:24                      12
/opt/airflow/dags/dag_test.py                                            1           0  0.17s           2025-07-04T07:31:10                      12
================================================================================
[2025-07-04T07:32:02.954+0000] {manager.py:997} INFO - 
================================================================================
DAG File Processing Stats

File Path                                       PID    Runtime      # DAGs    # Errors  Last Runtime    Last Run               Last # of DB Queries
----------------------------------------------  -----  ---------  --------  ----------  --------------  -------------------  ----------------------
/opt/airflow/dags/extract_raw_data_pipeline.py                           1           0  0.53s           2025-07-04T07:31:55                      12
/opt/airflow/dags/dag_test.py                                            1           0  0.16s           2025-07-04T07:31:40                      12
================================================================================
[2025-07-04T07:32:32.997+0000] {manager.py:997} INFO - 
================================================================================
DAG File Processing Stats

File Path                                       PID    Runtime      # DAGs    # Errors  Last Runtime    Last Run               Last # of DB Queries
----------------------------------------------  -----  ---------  --------  ----------  --------------  -------------------  ----------------------
/opt/airflow/dags/extract_raw_data_pipeline.py                           1           0  0.54s           2025-07-04T07:32:25                      12
/opt/airflow/dags/dag_test.py                                            1           0  0.21s           2025-07-04T07:32:11                      12
================================================================================
[2025-07-04T07:33:03.140+0000] {manager.py:997} INFO - 
================================================================================
DAG File Processing Stats

File Path                                       PID    Runtime      # DAGs    # Errors  Last Runtime    Last Run               Last # of DB Queries
----------------------------------------------  -----  ---------  --------  ----------  --------------  -------------------  ----------------------
/opt/airflow/dags/extract_raw_data_pipeline.py                           1           0  0.45s           2025-07-04T07:32:57                      12
/opt/airflow/dags/dag_test.py                                            1           0  0.24s           2025-07-04T07:32:41                      12
================================================================================
[2025-07-04T07:33:33.510+0000] {manager.py:997} INFO - 
================================================================================
DAG File Processing Stats

File Path                                       PID    Runtime      # DAGs    # Errors  Last Runtime    Last Run               Last # of DB Queries
----------------------------------------------  -----  ---------  --------  ----------  --------------  -------------------  ----------------------
/opt/airflow/dags/extract_raw_data_pipeline.py                           1           0  0.39s           2025-07-04T07:33:27                      12
/opt/airflow/dags/dag_test.py                                            1           0  0.14s           2025-07-04T07:33:12                      12
================================================================================
[2025-07-04T07:34:03.960+0000] {manager.py:997} INFO - 
================================================================================
DAG File Processing Stats

File Path                                       PID    Runtime      # DAGs    # Errors  Last Runtime    Last Run               Last # of DB Queries
----------------------------------------------  -----  ---------  --------  ----------  --------------  -------------------  ----------------------
/opt/airflow/dags/extract_raw_data_pipeline.py                           1           0  0.59s           2025-07-04T07:33:58                      12
/opt/airflow/dags/dag_test.py                                            1           0  0.16s           2025-07-04T07:33:42                      12
================================================================================
[2025-07-04T07:34:34.518+0000] {manager.py:997} INFO - 
================================================================================
DAG File Processing Stats

File Path                                       PID    Runtime      # DAGs    # Errors  Last Runtime    Last Run               Last # of DB Queries
----------------------------------------------  -----  ---------  --------  ----------  --------------  -------------------  ----------------------
/opt/airflow/dags/extract_raw_data_pipeline.py                           1           0  0.39s           2025-07-04T07:34:28                      12
/opt/airflow/dags/dag_test.py                                            1           0  0.28s           2025-07-04T07:34:13                      12
================================================================================
[2025-07-04T07:35:04.881+0000] {manager.py:997} INFO - 
================================================================================
DAG File Processing Stats

File Path                                       PID    Runtime      # DAGs    # Errors  Last Runtime    Last Run               Last # of DB Queries
----------------------------------------------  -----  ---------  --------  ----------  --------------  -------------------  ----------------------
/opt/airflow/dags/extract_raw_data_pipeline.py                           1           0  0.54s           2025-07-04T07:35:00                      12
/opt/airflow/dags/dag_test.py                                            1           0  0.14s           2025-07-04T07:34:43                      12
================================================================================
[2025-07-04T07:35:35.268+0000] {manager.py:997} INFO - 
================================================================================
DAG File Processing Stats

File Path                                       PID    Runtime      # DAGs    # Errors  Last Runtime    Last Run               Last # of DB Queries
----------------------------------------------  -----  ---------  --------  ----------  --------------  -------------------  ----------------------
/opt/airflow/dags/extract_raw_data_pipeline.py                           1           0  0.47s           2025-07-04T07:35:31                      12
/opt/airflow/dags/dag_test.py                                            1           0  0.15s           2025-07-04T07:35:14                      12
================================================================================
[2025-07-04T07:35:56.434+0000] {manager.py:821} INFO - Searching for files in /opt/airflow/dags
[2025-07-04T07:35:56.458+0000] {manager.py:824} INFO - There are 2 files in /opt/airflow/dags
[2025-07-04T07:36:05.372+0000] {manager.py:997} INFO - 
================================================================================
DAG File Processing Stats

File Path                                       PID    Runtime      # DAGs    # Errors  Last Runtime    Last Run               Last # of DB Queries
----------------------------------------------  -----  ---------  --------  ----------  --------------  -------------------  ----------------------
/opt/airflow/dags/extract_raw_data_pipeline.py                           1           0  0.72s           2025-07-04T07:36:02                      12
/opt/airflow/dags/dag_test.py                                            1           0  0.13s           2025-07-04T07:35:44                      12
================================================================================
[2025-07-04T07:36:35.486+0000] {manager.py:997} INFO - 
================================================================================
DAG File Processing Stats

File Path                                       PID    Runtime      # DAGs    # Errors  Last Runtime    Last Run               Last # of DB Queries
----------------------------------------------  -----  ---------  --------  ----------  --------------  -------------------  ----------------------
/opt/airflow/dags/extract_raw_data_pipeline.py                           1           0  0.59s           2025-07-04T07:36:33                      12
/opt/airflow/dags/dag_test.py                                            1           0  0.13s           2025-07-04T07:36:14                      12
================================================================================
[2025-07-04T07:37:05.636+0000] {manager.py:997} INFO - 
================================================================================
DAG File Processing Stats

File Path                                       PID    Runtime      # DAGs    # Errors  Last Runtime    Last Run               Last # of DB Queries
----------------------------------------------  -----  ---------  --------  ----------  --------------  -------------------  ----------------------
/opt/airflow/dags/extract_raw_data_pipeline.py                           1           0  0.40s           2025-07-04T07:37:04                      12
/opt/airflow/dags/dag_test.py                                            1           0  0.14s           2025-07-04T07:36:45                      12
================================================================================
[2025-07-04T07:37:35.814+0000] {manager.py:997} INFO - 
================================================================================
DAG File Processing Stats

File Path                                       PID    Runtime      # DAGs    # Errors  Last Runtime    Last Run               Last # of DB Queries
----------------------------------------------  -----  ---------  --------  ----------  --------------  -------------------  ----------------------
/opt/airflow/dags/extract_raw_data_pipeline.py                           1           0  0.80s           2025-07-04T07:37:35                      12
/opt/airflow/dags/dag_test.py                                            1           0  0.19s           2025-07-04T07:37:15                      12
================================================================================
[2025-07-04T07:38:06.062+0000] {manager.py:997} INFO - 
================================================================================
DAG File Processing Stats

File Path                                         PID  Runtime      # DAGs    # Errors  Last Runtime    Last Run               Last # of DB Queries
----------------------------------------------  -----  ---------  --------  ----------  --------------  -------------------  ----------------------
/opt/airflow/dags/extract_raw_data_pipeline.py    379  0.01s             1           0  0.80s           2025-07-04T07:37:35                      12
/opt/airflow/dags/dag_test.py                                            1           0  0.24s           2025-07-04T07:37:46                      12
================================================================================
[2025-07-04T07:38:36.508+0000] {manager.py:997} INFO - 
================================================================================
DAG File Processing Stats

File Path                                       PID    Runtime      # DAGs    # Errors  Last Runtime    Last Run               Last # of DB Queries
----------------------------------------------  -----  ---------  --------  ----------  --------------  -------------------  ----------------------
/opt/airflow/dags/extract_raw_data_pipeline.py                           1           0  0.69s           2025-07-04T07:38:06                      12
/opt/airflow/dags/dag_test.py                                            1           0  0.19s           2025-07-04T07:38:16                      12
================================================================================
[2025-07-04T07:39:06.971+0000] {manager.py:997} INFO - 
================================================================================
DAG File Processing Stats

File Path                                       PID    Runtime      # DAGs    # Errors  Last Runtime    Last Run               Last # of DB Queries
----------------------------------------------  -----  ---------  --------  ----------  --------------  -------------------  ----------------------
/opt/airflow/dags/extract_raw_data_pipeline.py                           1           0  0.41s           2025-07-04T07:38:37                      12
/opt/airflow/dags/dag_test.py                                            1           0  0.16s           2025-07-04T07:38:46                      12
================================================================================
[2025-07-04T07:39:37.672+0000] {manager.py:997} INFO - 
================================================================================
DAG File Processing Stats

File Path                                       PID    Runtime      # DAGs    # Errors  Last Runtime    Last Run               Last # of DB Queries
----------------------------------------------  -----  ---------  --------  ----------  --------------  -------------------  ----------------------
/opt/airflow/dags/extract_raw_data_pipeline.py                           1           0  0.63s           2025-07-04T07:39:08                      12
/opt/airflow/dags/dag_test.py                                            1           0  0.26s           2025-07-04T07:39:17                      12
================================================================================
[2025-07-04T07:40:07.997+0000] {manager.py:997} INFO - 
================================================================================
DAG File Processing Stats

File Path                                       PID    Runtime      # DAGs    # Errors  Last Runtime    Last Run               Last # of DB Queries
----------------------------------------------  -----  ---------  --------  ----------  --------------  -------------------  ----------------------
/opt/airflow/dags/extract_raw_data_pipeline.py                           1           0  0.62s           2025-07-04T07:39:39                      12
/opt/airflow/dags/dag_test.py                                            1           0  0.24s           2025-07-04T07:39:48                      12
================================================================================
[2025-07-04T07:40:38.552+0000] {manager.py:997} INFO - 
================================================================================
DAG File Processing Stats

File Path                                       PID    Runtime      # DAGs    # Errors  Last Runtime    Last Run               Last # of DB Queries
----------------------------------------------  -----  ---------  --------  ----------  --------------  -------------------  ----------------------
/opt/airflow/dags/extract_raw_data_pipeline.py                           1           0  0.57s           2025-07-04T07:40:10                      12
/opt/airflow/dags/dag_test.py                                            1           0  0.18s           2025-07-04T07:40:18                      12
================================================================================
[2025-07-04T07:40:56.863+0000] {manager.py:821} INFO - Searching for files in /opt/airflow/dags
[2025-07-04T07:40:56.897+0000] {manager.py:824} INFO - There are 2 files in /opt/airflow/dags
[2025-07-04T07:41:09.048+0000] {manager.py:997} INFO - 
================================================================================
DAG File Processing Stats

File Path                                       PID    Runtime      # DAGs    # Errors  Last Runtime    Last Run               Last # of DB Queries
----------------------------------------------  -----  ---------  --------  ----------  --------------  -------------------  ----------------------
/opt/airflow/dags/extract_raw_data_pipeline.py                           1           0  0.58s           2025-07-04T07:40:41                      12
/opt/airflow/dags/dag_test.py                                            1           0  0.15s           2025-07-04T07:40:48                      12
================================================================================
[2025-07-04T07:41:39.341+0000] {manager.py:997} INFO - 
================================================================================
DAG File Processing Stats

File Path                                       PID    Runtime      # DAGs    # Errors  Last Runtime    Last Run               Last # of DB Queries
----------------------------------------------  -----  ---------  --------  ----------  --------------  -------------------  ----------------------
/opt/airflow/dags/extract_raw_data_pipeline.py                           1           0  0.41s           2025-07-04T07:41:12                      12
/opt/airflow/dags/dag_test.py                                            1           0  0.13s           2025-07-04T07:41:19                      12
================================================================================
[2025-07-04T07:42:09.666+0000] {manager.py:997} INFO - 
================================================================================
DAG File Processing Stats

File Path                                       PID    Runtime      # DAGs    # Errors  Last Runtime    Last Run               Last # of DB Queries
----------------------------------------------  -----  ---------  --------  ----------  --------------  -------------------  ----------------------
/opt/airflow/dags/extract_raw_data_pipeline.py                           1           0  0.45s           2025-07-04T07:41:43                      12
/opt/airflow/dags/dag_test.py                                            1           0  0.15s           2025-07-04T07:41:49                      12
================================================================================
[2025-07-04T07:42:40.060+0000] {manager.py:997} INFO - 
================================================================================
DAG File Processing Stats

File Path                                       PID    Runtime      # DAGs    # Errors  Last Runtime    Last Run               Last # of DB Queries
----------------------------------------------  -----  ---------  --------  ----------  --------------  -------------------  ----------------------
/opt/airflow/dags/extract_raw_data_pipeline.py                           1           0  0.44s           2025-07-04T07:42:14                      12
/opt/airflow/dags/dag_test.py                                            1           0  0.14s           2025-07-04T07:42:20                      12
================================================================================
[2025-07-04T07:43:10.416+0000] {manager.py:997} INFO - 
================================================================================
DAG File Processing Stats

File Path                                       PID    Runtime      # DAGs    # Errors  Last Runtime    Last Run               Last # of DB Queries
----------------------------------------------  -----  ---------  --------  ----------  --------------  -------------------  ----------------------
/opt/airflow/dags/extract_raw_data_pipeline.py                           1           0  0.68s           2025-07-04T07:42:45                      12
/opt/airflow/dags/dag_test.py                                            1           0  0.14s           2025-07-04T07:42:50                      12
================================================================================
[2025-07-04T07:43:40.776+0000] {manager.py:997} INFO - 
================================================================================
DAG File Processing Stats

File Path                                       PID    Runtime      # DAGs    # Errors  Last Runtime    Last Run               Last # of DB Queries
----------------------------------------------  -----  ---------  --------  ----------  --------------  -------------------  ----------------------
/opt/airflow/dags/extract_raw_data_pipeline.py                           1           0  0.51s           2025-07-04T07:43:16                      12
/opt/airflow/dags/dag_test.py                                            1           0  0.28s           2025-07-04T07:43:20                      12
================================================================================
[2025-07-04T07:44:11.363+0000] {manager.py:997} INFO - 
================================================================================
DAG File Processing Stats

File Path                                       PID    Runtime      # DAGs    # Errors  Last Runtime    Last Run               Last # of DB Queries
----------------------------------------------  -----  ---------  --------  ----------  --------------  -------------------  ----------------------
/opt/airflow/dags/extract_raw_data_pipeline.py                           1           0  0.56s           2025-07-04T07:43:47                      12
/opt/airflow/dags/dag_test.py                                            1           0  0.23s           2025-07-04T07:43:51                      12
================================================================================
[2025-07-04T07:44:41.854+0000] {manager.py:997} INFO - 
================================================================================
DAG File Processing Stats

File Path                                       PID    Runtime      # DAGs    # Errors  Last Runtime    Last Run               Last # of DB Queries
----------------------------------------------  -----  ---------  --------  ----------  --------------  -------------------  ----------------------
/opt/airflow/dags/extract_raw_data_pipeline.py                           1           0  0.93s           2025-07-04T07:44:19                      12
/opt/airflow/dags/dag_test.py                                            1           0  0.26s           2025-07-04T07:44:21                      12
================================================================================
[2025-07-04T07:45:12.212+0000] {manager.py:997} INFO - 
================================================================================
DAG File Processing Stats

File Path                                       PID    Runtime      # DAGs    # Errors  Last Runtime    Last Run               Last # of DB Queries
----------------------------------------------  -----  ---------  --------  ----------  --------------  -------------------  ----------------------
/opt/airflow/dags/extract_raw_data_pipeline.py                           1           0  0.89s           2025-07-04T07:44:50                      12
/opt/airflow/dags/dag_test.py                                            1           0  0.21s           2025-07-04T07:44:52                      12
================================================================================
[2025-07-04T07:45:42.867+0000] {manager.py:997} INFO - 
================================================================================
DAG File Processing Stats

File Path                                       PID    Runtime      # DAGs    # Errors  Last Runtime    Last Run               Last # of DB Queries
----------------------------------------------  -----  ---------  --------  ----------  --------------  -------------------  ----------------------
/opt/airflow/dags/extract_raw_data_pipeline.py                           1           0  0.41s           2025-07-04T07:45:22                      12
/opt/airflow/dags/dag_test.py                                            1           0  0.21s           2025-07-04T07:45:22                      12
================================================================================
[2025-07-04T07:45:57.206+0000] {manager.py:821} INFO - Searching for files in /opt/airflow/dags
[2025-07-04T07:45:57.254+0000] {manager.py:824} INFO - There are 2 files in /opt/airflow/dags
[2025-07-04T07:46:13.403+0000] {manager.py:997} INFO - 
================================================================================
DAG File Processing Stats

File Path                                       PID    Runtime      # DAGs    # Errors  Last Runtime    Last Run               Last # of DB Queries
----------------------------------------------  -----  ---------  --------  ----------  --------------  -------------------  ----------------------
/opt/airflow/dags/extract_raw_data_pipeline.py                           1           0  0.43s           2025-07-04T07:45:52                      12
/opt/airflow/dags/dag_test.py                                            1           0  0.13s           2025-07-04T07:45:53                      12
================================================================================
[2025-07-04T07:46:43.863+0000] {manager.py:997} INFO - 
================================================================================
DAG File Processing Stats

File Path                                       PID    Runtime      # DAGs    # Errors  Last Runtime    Last Run               Last # of DB Queries
----------------------------------------------  -----  ---------  --------  ----------  --------------  -------------------  ----------------------
/opt/airflow/dags/extract_raw_data_pipeline.py                           1           0  0.56s           2025-07-04T07:46:24                      12
/opt/airflow/dags/dag_test.py                                            1           0  0.23s           2025-07-04T07:46:23                      12
================================================================================
[2025-07-04T18:23:48.733+0000] {manager.py:483} INFO - Processing files using up to 2 processes at a time 
[2025-07-04T18:23:48.737+0000] {manager.py:484} INFO - Process each file at most once every 30 seconds
[2025-07-04T18:23:48.738+0000] {manager.py:485} INFO - Checking for new files in /opt/airflow/dags every 300 seconds
[2025-07-04T18:23:48.739+0000] {manager.py:821} INFO - Searching for files in /opt/airflow/dags
[2025-07-04T18:23:48.976+0000] {manager.py:824} INFO - There are 2 files in /opt/airflow/dags
[2025-07-04T18:23:49.366+0000] {manager.py:997} INFO - 
================================================================================
DAG File Processing Stats

File Path                                         PID  Runtime      # DAGs    # Errors  Last Runtime    Last Run      Last # of DB Queries
----------------------------------------------  -----  ---------  --------  ----------  --------------  ----------  ----------------------
/opt/airflow/dags/dag_test.py                      80  0.30s             0           0                                                   0
/opt/airflow/dags/extract_raw_data_pipeline.py     81  0.08s             0           0                                                   0
================================================================================
[2025-07-04T18:24:19.508+0000] {manager.py:997} INFO - 
================================================================================
DAG File Processing Stats

File Path                                       PID    Runtime      # DAGs    # Errors  Last Runtime    Last Run               Last # of DB Queries
----------------------------------------------  -----  ---------  --------  ----------  --------------  -------------------  ----------------------
/opt/airflow/dags/extract_raw_data_pipeline.py                           1           0  7.91s           2025-07-04T18:23:57                      12
/opt/airflow/dags/dag_test.py                                            1           0  0.51s           2025-07-04T18:23:49                      12
================================================================================
[2025-07-04T18:24:25.969+0000] {manager.py:465} INFO - Exiting gracefully upon receiving signal 15
[2025-07-04T18:26:31.096+0000] {manager.py:483} INFO - Processing files using up to 2 processes at a time 
[2025-07-04T18:26:31.100+0000] {manager.py:484} INFO - Process each file at most once every 30 seconds
[2025-07-04T18:26:31.101+0000] {manager.py:485} INFO - Checking for new files in /opt/airflow/dags every 300 seconds
[2025-07-04T18:26:31.105+0000] {manager.py:821} INFO - Searching for files in /opt/airflow/dags
[2025-07-04T18:26:31.166+0000] {manager.py:824} INFO - There are 2 files in /opt/airflow/dags
[2025-07-04T18:26:33.357+0000] {manager.py:997} INFO - 
================================================================================
DAG File Processing Stats

File Path                                         PID  Runtime      # DAGs    # Errors  Last Runtime    Last Run      Last # of DB Queries
----------------------------------------------  -----  ---------  --------  ----------  --------------  ----------  ----------------------
/opt/airflow/dags/dag_test.py                      79  2.07s             0           0                                                   0
/opt/airflow/dags/extract_raw_data_pipeline.py     80  1.13s             0           0                                                   0
================================================================================
[2025-07-04T18:27:03.704+0000] {manager.py:997} INFO - 
================================================================================
DAG File Processing Stats

File Path                                       PID    Runtime      # DAGs    # Errors  Last Runtime    Last Run               Last # of DB Queries
----------------------------------------------  -----  ---------  --------  ----------  --------------  -------------------  ----------------------
/opt/airflow/dags/extract_raw_data_pipeline.py                           1           0  28.13s          2025-07-04T18:27:00                      45
/opt/airflow/dags/dag_test.py                                            1           0  6.54s           2025-07-04T18:26:37                      45
================================================================================
[2025-07-04T18:27:33.987+0000] {manager.py:997} INFO - 
================================================================================
DAG File Processing Stats

File Path                                       PID    Runtime      # DAGs    # Errors  Last Runtime    Last Run               Last # of DB Queries
----------------------------------------------  -----  ---------  --------  ----------  --------------  -------------------  ----------------------
/opt/airflow/dags/extract_raw_data_pipeline.py                           1           0  0.72s           2025-07-04T18:27:31                      12
/opt/airflow/dags/dag_test.py                                            1           0  0.22s           2025-07-04T18:27:08                      12
================================================================================
[2025-07-04T18:28:04.243+0000] {manager.py:997} INFO - 
================================================================================
DAG File Processing Stats

File Path                                       PID    Runtime      # DAGs    # Errors  Last Runtime    Last Run               Last # of DB Queries
----------------------------------------------  -----  ---------  --------  ----------  --------------  -------------------  ----------------------
/opt/airflow/dags/extract_raw_data_pipeline.py                           1           0  0.62s           2025-07-04T18:28:02                      12
/opt/airflow/dags/dag_test.py                                            1           0  0.19s           2025-07-04T18:27:38                      12
================================================================================
[2025-07-04T18:28:37.457+0000] {manager.py:997} INFO - 
================================================================================
DAG File Processing Stats

File Path                                         PID  Runtime      # DAGs    # Errors  Last Runtime    Last Run               Last # of DB Queries
----------------------------------------------  -----  ---------  --------  ----------  --------------  -------------------  ----------------------
/opt/airflow/dags/extract_raw_data_pipeline.py    113  1.72s             1           0  0.62s           2025-07-04T18:28:02                      12
/opt/airflow/dags/dag_test.py                                            1           0  0.19s           2025-07-04T18:28:09                      12
================================================================================
[2025-07-04T18:29:07.873+0000] {manager.py:997} INFO - 
================================================================================
DAG File Processing Stats

File Path                                       PID    Runtime      # DAGs    # Errors  Last Runtime    Last Run               Last # of DB Queries
----------------------------------------------  -----  ---------  --------  ----------  --------------  -------------------  ----------------------
/opt/airflow/dags/extract_raw_data_pipeline.py                           1           0  7.45s           2025-07-04T18:28:40                      12
/opt/airflow/dags/dag_test.py                                            1           0  1.10s           2025-07-04T18:28:40                      12
================================================================================
[2025-07-04T18:29:38.396+0000] {manager.py:997} INFO - 
================================================================================
DAG File Processing Stats

File Path                                       PID    Runtime      # DAGs    # Errors  Last Runtime    Last Run               Last # of DB Queries
----------------------------------------------  -----  ---------  --------  ----------  --------------  -------------------  ----------------------
/opt/airflow/dags/extract_raw_data_pipeline.py                           1           0  2.49s           2025-07-04T18:29:13                      12
/opt/airflow/dags/dag_test.py                                            1           0  0.20s           2025-07-04T18:29:11                      12
================================================================================
[2025-07-04T18:30:08.761+0000] {manager.py:997} INFO - 
================================================================================
DAG File Processing Stats

File Path                                       PID    Runtime      # DAGs    # Errors  Last Runtime    Last Run               Last # of DB Queries
----------------------------------------------  -----  ---------  --------  ----------  --------------  -------------------  ----------------------
/opt/airflow/dags/extract_raw_data_pipeline.py                           1           0  1.11s           2025-07-04T18:29:44                      12
/opt/airflow/dags/dag_test.py                                            1           0  0.17s           2025-07-04T18:29:41                      12
================================================================================
[2025-07-04T18:30:39.276+0000] {manager.py:997} INFO - 
================================================================================
DAG File Processing Stats

File Path                                       PID    Runtime      # DAGs    # Errors  Last Runtime    Last Run               Last # of DB Queries
----------------------------------------------  -----  ---------  --------  ----------  --------------  -------------------  ----------------------
/opt/airflow/dags/extract_raw_data_pipeline.py                           1           0  0.48s           2025-07-04T18:30:15                      12
/opt/airflow/dags/dag_test.py                                            1           0  0.11s           2025-07-04T18:30:11                      12
================================================================================
[2025-07-04T18:31:09.436+0000] {manager.py:997} INFO - 
================================================================================
DAG File Processing Stats

File Path                                       PID    Runtime      # DAGs    # Errors  Last Runtime    Last Run               Last # of DB Queries
----------------------------------------------  -----  ---------  --------  ----------  --------------  -------------------  ----------------------
/opt/airflow/dags/extract_raw_data_pipeline.py                           1           0  0.57s           2025-07-04T18:30:46                      12
/opt/airflow/dags/dag_test.py                                            1           0  0.25s           2025-07-04T18:30:42                      12
================================================================================
[2025-07-04T18:31:31.424+0000] {manager.py:821} INFO - Searching for files in /opt/airflow/dags
[2025-07-04T18:31:31.453+0000] {manager.py:824} INFO - There are 2 files in /opt/airflow/dags
[2025-07-04T18:31:39.580+0000] {manager.py:997} INFO - 
================================================================================
DAG File Processing Stats

File Path                                       PID    Runtime      # DAGs    # Errors  Last Runtime    Last Run               Last # of DB Queries
----------------------------------------------  -----  ---------  --------  ----------  --------------  -------------------  ----------------------
/opt/airflow/dags/extract_raw_data_pipeline.py                           1           0  0.51s           2025-07-04T18:31:16                      12
/opt/airflow/dags/dag_test.py                                            1           0  0.27s           2025-07-04T18:31:13                      12
================================================================================
[2025-07-04T18:32:09.744+0000] {manager.py:997} INFO - 
================================================================================
DAG File Processing Stats

File Path                                       PID    Runtime      # DAGs    # Errors  Last Runtime    Last Run               Last # of DB Queries
----------------------------------------------  -----  ---------  --------  ----------  --------------  -------------------  ----------------------
/opt/airflow/dags/extract_raw_data_pipeline.py                           1           0  0.54s           2025-07-04T18:31:47                      12
/opt/airflow/dags/dag_test.py                                            1           0  0.27s           2025-07-04T18:31:43                      12
================================================================================
[2025-07-04T18:32:39.810+0000] {manager.py:997} INFO - 
================================================================================
DAG File Processing Stats

File Path                                       PID    Runtime      # DAGs    # Errors  Last Runtime    Last Run               Last # of DB Queries
----------------------------------------------  -----  ---------  --------  ----------  --------------  -------------------  ----------------------
/opt/airflow/dags/extract_raw_data_pipeline.py                           1           0  0.60s           2025-07-04T18:32:18                      12
/opt/airflow/dags/dag_test.py                                            1           0  0.13s           2025-07-04T18:32:14                      12
================================================================================
[2025-07-04T18:33:10.257+0000] {manager.py:997} INFO - 
================================================================================
DAG File Processing Stats

File Path                                       PID    Runtime      # DAGs    # Errors  Last Runtime    Last Run               Last # of DB Queries
----------------------------------------------  -----  ---------  --------  ----------  --------------  -------------------  ----------------------
/opt/airflow/dags/extract_raw_data_pipeline.py                           1           0  0.52s           2025-07-04T18:32:49                      12
/opt/airflow/dags/dag_test.py                                            1           0  0.11s           2025-07-04T18:32:44                      12
================================================================================
[2025-07-04T18:33:40.714+0000] {manager.py:997} INFO - 
================================================================================
DAG File Processing Stats

File Path                                       PID    Runtime      # DAGs    # Errors  Last Runtime    Last Run               Last # of DB Queries
----------------------------------------------  -----  ---------  --------  ----------  --------------  -------------------  ----------------------
/opt/airflow/dags/extract_raw_data_pipeline.py                           1           0  0.49s           2025-07-04T18:33:20                      12
/opt/airflow/dags/dag_test.py                                            1           0  0.11s           2025-07-04T18:33:15                      12
================================================================================
[2025-07-04T18:34:10.946+0000] {manager.py:997} INFO - 
================================================================================
DAG File Processing Stats

File Path                                       PID    Runtime      # DAGs    # Errors  Last Runtime    Last Run               Last # of DB Queries
----------------------------------------------  -----  ---------  --------  ----------  --------------  -------------------  ----------------------
/opt/airflow/dags/extract_raw_data_pipeline.py                           1           0  0.64s           2025-07-04T18:33:50                      12
/opt/airflow/dags/dag_test.py                                            1           0  0.29s           2025-07-04T18:33:46                      12
================================================================================
[2025-07-04T18:34:41.774+0000] {manager.py:997} INFO - 
================================================================================
DAG File Processing Stats

File Path                                       PID    Runtime      # DAGs    # Errors  Last Runtime    Last Run               Last # of DB Queries
----------------------------------------------  -----  ---------  --------  ----------  --------------  -------------------  ----------------------
/opt/airflow/dags/extract_raw_data_pipeline.py                           1           0  0.79s           2025-07-04T18:34:21                      12
/opt/airflow/dags/dag_test.py                                            1           0  0.34s           2025-07-04T18:34:16                      12
================================================================================
[2025-07-04T18:35:12.441+0000] {manager.py:997} INFO - 
================================================================================
DAG File Processing Stats

File Path                                       PID    Runtime      # DAGs    # Errors  Last Runtime    Last Run               Last # of DB Queries
----------------------------------------------  -----  ---------  --------  ----------  --------------  -------------------  ----------------------
/opt/airflow/dags/extract_raw_data_pipeline.py                           1           0  0.48s           2025-07-04T18:34:52                      12
/opt/airflow/dags/dag_test.py                                            1           0  0.32s           2025-07-04T18:34:47                      12
================================================================================
[2025-07-04T18:35:42.862+0000] {manager.py:997} INFO - 
================================================================================
DAG File Processing Stats

File Path                                       PID    Runtime      # DAGs    # Errors  Last Runtime    Last Run               Last # of DB Queries
----------------------------------------------  -----  ---------  --------  ----------  --------------  -------------------  ----------------------
/opt/airflow/dags/extract_raw_data_pipeline.py                           1           0  0.50s           2025-07-04T18:35:23                      12
/opt/airflow/dags/dag_test.py                                            1           0  0.12s           2025-07-04T18:35:17                      12
================================================================================
[2025-07-04T18:36:12.927+0000] {manager.py:997} INFO - 
================================================================================
DAG File Processing Stats

File Path                                       PID    Runtime      # DAGs    # Errors  Last Runtime    Last Run               Last # of DB Queries
----------------------------------------------  -----  ---------  --------  ----------  --------------  -------------------  ----------------------
/opt/airflow/dags/extract_raw_data_pipeline.py                           1           0  0.60s           2025-07-04T18:35:53                      12
/opt/airflow/dags/dag_test.py                                            1           0  0.13s           2025-07-04T18:35:48                      12
================================================================================
[2025-07-04T18:36:31.442+0000] {manager.py:821} INFO - Searching for files in /opt/airflow/dags
[2025-07-04T18:36:31.532+0000] {manager.py:824} INFO - There are 2 files in /opt/airflow/dags
[2025-07-04T18:36:42.982+0000] {manager.py:997} INFO - 
================================================================================
DAG File Processing Stats

File Path                                       PID    Runtime      # DAGs    # Errors  Last Runtime    Last Run               Last # of DB Queries
----------------------------------------------  -----  ---------  --------  ----------  --------------  -------------------  ----------------------
/opt/airflow/dags/extract_raw_data_pipeline.py                           1           0  0.64s           2025-07-04T18:36:24                      12
/opt/airflow/dags/dag_test.py                                            1           0  0.27s           2025-07-04T18:36:18                      12
================================================================================
[2025-07-04T18:37:13.283+0000] {manager.py:997} INFO - 
================================================================================
DAG File Processing Stats

File Path                                       PID    Runtime      # DAGs    # Errors  Last Runtime    Last Run               Last # of DB Queries
----------------------------------------------  -----  ---------  --------  ----------  --------------  -------------------  ----------------------
/opt/airflow/dags/extract_raw_data_pipeline.py                           1           0  0.56s           2025-07-04T18:36:55                      12
/opt/airflow/dags/dag_test.py                                            1           0  0.27s           2025-07-04T18:36:49                      12
================================================================================
[2025-07-04T18:37:43.300+0000] {manager.py:997} INFO - 
================================================================================
DAG File Processing Stats

File Path                                       PID    Runtime      # DAGs    # Errors  Last Runtime    Last Run               Last # of DB Queries
----------------------------------------------  -----  ---------  --------  ----------  --------------  -------------------  ----------------------
/opt/airflow/dags/dag_test.py                                            1           0  0.69s           2025-07-04T18:37:20                      12
/opt/airflow/dags/extract_raw_data_pipeline.py                           1           0  0.63s           2025-07-04T18:37:26                      12
================================================================================
[2025-07-04T18:38:13.713+0000] {manager.py:997} INFO - 
================================================================================
DAG File Processing Stats

File Path                                       PID    Runtime      # DAGs    # Errors  Last Runtime    Last Run               Last # of DB Queries
----------------------------------------------  -----  ---------  --------  ----------  --------------  -------------------  ----------------------
/opt/airflow/dags/extract_raw_data_pipeline.py                           1           0  0.58s           2025-07-04T18:37:57                      12
/opt/airflow/dags/dag_test.py                                            1           0  0.12s           2025-07-04T18:37:50                      12
================================================================================
[2025-07-04T18:38:44.222+0000] {manager.py:997} INFO - 
================================================================================
DAG File Processing Stats

File Path                                       PID    Runtime      # DAGs    # Errors  Last Runtime    Last Run               Last # of DB Queries
----------------------------------------------  -----  ---------  --------  ----------  --------------  -------------------  ----------------------
/opt/airflow/dags/extract_raw_data_pipeline.py                           1           0  0.50s           2025-07-04T18:38:28                      12
/opt/airflow/dags/dag_test.py                                            1           0  0.17s           2025-07-04T18:38:20                      12
================================================================================
[2025-07-04T18:39:14.603+0000] {manager.py:997} INFO - 
================================================================================
DAG File Processing Stats

File Path                                       PID    Runtime      # DAGs    # Errors  Last Runtime    Last Run               Last # of DB Queries
----------------------------------------------  -----  ---------  --------  ----------  --------------  -------------------  ----------------------
/opt/airflow/dags/extract_raw_data_pipeline.py                           1           0  0.71s           2025-07-04T18:38:59                      12
/opt/airflow/dags/dag_test.py                                            1           0  0.12s           2025-07-04T18:38:51                      12
================================================================================
[2025-07-04T18:39:44.885+0000] {manager.py:997} INFO - 
================================================================================
DAG File Processing Stats

File Path                                       PID    Runtime      # DAGs    # Errors  Last Runtime    Last Run               Last # of DB Queries
----------------------------------------------  -----  ---------  --------  ----------  --------------  -------------------  ----------------------
/opt/airflow/dags/extract_raw_data_pipeline.py                           1           0  0.69s           2025-07-04T18:39:30                      12
/opt/airflow/dags/dag_test.py                                            1           0  0.29s           2025-07-04T18:39:21                      12
================================================================================
[2025-07-04T18:40:15.047+0000] {manager.py:997} INFO - 
================================================================================
DAG File Processing Stats

File Path                                       PID    Runtime      # DAGs    # Errors  Last Runtime    Last Run               Last # of DB Queries
----------------------------------------------  -----  ---------  --------  ----------  --------------  -------------------  ----------------------
/opt/airflow/dags/extract_raw_data_pipeline.py                           1           0  0.52s           2025-07-04T18:40:01                      12
/opt/airflow/dags/dag_test.py                                            1           0  0.34s           2025-07-04T18:39:52                      12
================================================================================
[2025-07-04T18:40:45.204+0000] {manager.py:997} INFO - 
================================================================================
DAG File Processing Stats

File Path                                       PID    Runtime      # DAGs    # Errors  Last Runtime    Last Run               Last # of DB Queries
----------------------------------------------  -----  ---------  --------  ----------  --------------  -------------------  ----------------------
/opt/airflow/dags/extract_raw_data_pipeline.py                           1           0  0.54s           2025-07-04T18:40:32                      12
/opt/airflow/dags/dag_test.py                                            1           0  0.26s           2025-07-04T18:40:22                      12
================================================================================
[2025-07-04T18:41:15.663+0000] {manager.py:997} INFO - 
================================================================================
DAG File Processing Stats

File Path                                       PID    Runtime      # DAGs    # Errors  Last Runtime    Last Run               Last # of DB Queries
----------------------------------------------  -----  ---------  --------  ----------  --------------  -------------------  ----------------------
/opt/airflow/dags/extract_raw_data_pipeline.py                           1           0  0.58s           2025-07-04T18:41:04                      12
/opt/airflow/dags/dag_test.py                                            1           0  0.12s           2025-07-04T18:40:53                      12
================================================================================
[2025-07-04T18:41:31.823+0000] {manager.py:821} INFO - Searching for files in /opt/airflow/dags
[2025-07-04T18:41:31.844+0000] {manager.py:824} INFO - There are 2 files in /opt/airflow/dags
[2025-07-04T18:41:46.107+0000] {manager.py:997} INFO - 
================================================================================
DAG File Processing Stats

File Path                                       PID    Runtime      # DAGs    # Errors  Last Runtime    Last Run               Last # of DB Queries
----------------------------------------------  -----  ---------  --------  ----------  --------------  -------------------  ----------------------
/opt/airflow/dags/extract_raw_data_pipeline.py                           1           0  0.49s           2025-07-04T18:41:35                      12
/opt/airflow/dags/dag_test.py                                            1           0  0.12s           2025-07-04T18:41:23                      12
================================================================================
[2025-07-04T18:42:16.245+0000] {manager.py:997} INFO - 
================================================================================
DAG File Processing Stats

File Path                                       PID    Runtime      # DAGs    # Errors  Last Runtime    Last Run               Last # of DB Queries
----------------------------------------------  -----  ---------  --------  ----------  --------------  -------------------  ----------------------
/opt/airflow/dags/extract_raw_data_pipeline.py                           1           0  0.57s           2025-07-04T18:42:06                      12
/opt/airflow/dags/dag_test.py                                            1           0  0.22s           2025-07-04T18:41:54                      12
================================================================================
[2025-07-04T18:42:46.512+0000] {manager.py:997} INFO - 
================================================================================
DAG File Processing Stats

File Path                                       PID    Runtime      # DAGs    # Errors  Last Runtime    Last Run               Last # of DB Queries
----------------------------------------------  -----  ---------  --------  ----------  --------------  -------------------  ----------------------
/opt/airflow/dags/extract_raw_data_pipeline.py                           1           0  0.52s           2025-07-04T18:42:37                      12
/opt/airflow/dags/dag_test.py                                            1           0  0.23s           2025-07-04T18:42:24                      12
================================================================================
[2025-07-04T18:43:16.843+0000] {manager.py:997} INFO - 
================================================================================
DAG File Processing Stats

File Path                                       PID    Runtime      # DAGs    # Errors  Last Runtime    Last Run               Last # of DB Queries
----------------------------------------------  -----  ---------  --------  ----------  --------------  -------------------  ----------------------
/opt/airflow/dags/extract_raw_data_pipeline.py                           1           0  0.48s           2025-07-04T18:43:07                      12
/opt/airflow/dags/dag_test.py                                            1           0  0.30s           2025-07-04T18:42:55                      12
================================================================================
[2025-07-04T18:43:47.604+0000] {manager.py:997} INFO - 
================================================================================
DAG File Processing Stats

File Path                                       PID    Runtime      # DAGs    # Errors  Last Runtime    Last Run               Last # of DB Queries
----------------------------------------------  -----  ---------  --------  ----------  --------------  -------------------  ----------------------
/opt/airflow/dags/extract_raw_data_pipeline.py                           1           0  0.38s           2025-07-04T18:43:38                      12
/opt/airflow/dags/dag_test.py                                            1           0  0.23s           2025-07-04T18:43:26                      12
================================================================================
[2025-07-04T18:44:18.046+0000] {manager.py:997} INFO - 
================================================================================
DAG File Processing Stats

File Path                                       PID    Runtime      # DAGs    # Errors  Last Runtime    Last Run               Last # of DB Queries
----------------------------------------------  -----  ---------  --------  ----------  --------------  -------------------  ----------------------
/opt/airflow/dags/extract_raw_data_pipeline.py                           1           0  0.50s           2025-07-04T18:44:09                      12
/opt/airflow/dags/dag_test.py                                            1           0  0.11s           2025-07-04T18:43:56                      12
================================================================================
[2025-07-04T18:44:48.518+0000] {manager.py:997} INFO - 
================================================================================
DAG File Processing Stats

File Path                                       PID    Runtime      # DAGs    # Errors  Last Runtime    Last Run               Last # of DB Queries
----------------------------------------------  -----  ---------  --------  ----------  --------------  -------------------  ----------------------
/opt/airflow/dags/extract_raw_data_pipeline.py                           1           0  0.37s           2025-07-04T18:44:39                      12
/opt/airflow/dags/dag_test.py                                            1           0  0.15s           2025-07-04T18:44:27                      12
================================================================================
[2025-07-04T18:45:19.122+0000] {manager.py:997} INFO - 
================================================================================
DAG File Processing Stats

File Path                                       PID    Runtime      # DAGs    # Errors  Last Runtime    Last Run               Last # of DB Queries
----------------------------------------------  -----  ---------  --------  ----------  --------------  -------------------  ----------------------
/opt/airflow/dags/extract_raw_data_pipeline.py                           1           0  0.40s           2025-07-04T18:45:10                      12
/opt/airflow/dags/dag_test.py                                            1           0  0.13s           2025-07-04T18:44:57                      12
================================================================================
[2025-07-04T18:45:49.782+0000] {manager.py:997} INFO - 
================================================================================
DAG File Processing Stats

File Path                                       PID    Runtime      # DAGs    # Errors  Last Runtime    Last Run               Last # of DB Queries
----------------------------------------------  -----  ---------  --------  ----------  --------------  -------------------  ----------------------
/opt/airflow/dags/extract_raw_data_pipeline.py                           1           0  0.40s           2025-07-04T18:45:40                      12
/opt/airflow/dags/dag_test.py                                            1           0  0.21s           2025-07-04T18:45:28                      12
================================================================================
[2025-07-04T18:46:20.279+0000] {manager.py:997} INFO - 
================================================================================
DAG File Processing Stats

File Path                                       PID    Runtime      # DAGs    # Errors  Last Runtime    Last Run               Last # of DB Queries
----------------------------------------------  -----  ---------  --------  ----------  --------------  -------------------  ----------------------
/opt/airflow/dags/extract_raw_data_pipeline.py                           1           0  0.49s           2025-07-04T18:46:11                      12
/opt/airflow/dags/dag_test.py                                            1           0  0.14s           2025-07-04T18:45:59                      12
================================================================================
[2025-07-04T18:46:32.437+0000] {manager.py:821} INFO - Searching for files in /opt/airflow/dags
[2025-07-04T18:46:32.467+0000] {manager.py:824} INFO - There are 2 files in /opt/airflow/dags
[2025-07-04T18:46:50.740+0000] {manager.py:997} INFO - 
================================================================================
DAG File Processing Stats

File Path                                       PID    Runtime      # DAGs    # Errors  Last Runtime    Last Run               Last # of DB Queries
----------------------------------------------  -----  ---------  --------  ----------  --------------  -------------------  ----------------------
/opt/airflow/dags/extract_raw_data_pipeline.py                           1           0  0.40s           2025-07-04T18:46:42                      12
/opt/airflow/dags/dag_test.py                                            1           0  0.11s           2025-07-04T18:46:29                      12
================================================================================
[2025-07-04T18:47:21.221+0000] {manager.py:997} INFO - 
================================================================================
DAG File Processing Stats

File Path                                       PID    Runtime      # DAGs    # Errors  Last Runtime    Last Run               Last # of DB Queries
----------------------------------------------  -----  ---------  --------  ----------  --------------  -------------------  ----------------------
/opt/airflow/dags/extract_raw_data_pipeline.py                           1           0  0.35s           2025-07-04T18:47:12                      12
/opt/airflow/dags/dag_test.py                                            1           0  0.11s           2025-07-04T18:46:59                      12
================================================================================
[2025-07-04T18:47:51.682+0000] {manager.py:997} INFO - 
================================================================================
DAG File Processing Stats

File Path                                       PID    Runtime      # DAGs    # Errors  Last Runtime    Last Run               Last # of DB Queries
----------------------------------------------  -----  ---------  --------  ----------  --------------  -------------------  ----------------------
/opt/airflow/dags/extract_raw_data_pipeline.py                           1           0  0.37s           2025-07-04T18:47:42                      12
/opt/airflow/dags/dag_test.py                                            1           0  0.11s           2025-07-04T18:47:30                      12
================================================================================
[2025-07-04T18:48:22.151+0000] {manager.py:997} INFO - 
================================================================================
DAG File Processing Stats

File Path                                       PID    Runtime      # DAGs    # Errors  Last Runtime    Last Run               Last # of DB Queries
----------------------------------------------  -----  ---------  --------  ----------  --------------  -------------------  ----------------------
/opt/airflow/dags/extract_raw_data_pipeline.py                           1           0  0.35s           2025-07-04T18:48:13                      12
/opt/airflow/dags/dag_test.py                                            1           0  0.15s           2025-07-04T18:48:00                      12
================================================================================
[2025-07-04T18:48:52.182+0000] {manager.py:997} INFO - 
================================================================================
DAG File Processing Stats

File Path                                       PID    Runtime      # DAGs    # Errors  Last Runtime    Last Run               Last # of DB Queries
----------------------------------------------  -----  ---------  --------  ----------  --------------  -------------------  ----------------------
/opt/airflow/dags/extract_raw_data_pipeline.py                           1           0  0.56s           2025-07-04T18:48:44                      12
/opt/airflow/dags/dag_test.py                                            1           0  0.11s           2025-07-04T18:48:31                      12
================================================================================
[2025-07-04T18:49:22.289+0000] {manager.py:997} INFO - 
================================================================================
DAG File Processing Stats

File Path                                       PID    Runtime      # DAGs    # Errors  Last Runtime    Last Run               Last # of DB Queries
----------------------------------------------  -----  ---------  --------  ----------  --------------  -------------------  ----------------------
/opt/airflow/dags/extract_raw_data_pipeline.py                           1           0  0.82s           2025-07-04T18:49:14                      12
/opt/airflow/dags/dag_test.py                                            1           0  0.14s           2025-07-04T18:49:01                      12
================================================================================
[2025-07-04T18:49:52.537+0000] {manager.py:997} INFO - 
================================================================================
DAG File Processing Stats

File Path                                       PID    Runtime      # DAGs    # Errors  Last Runtime    Last Run               Last # of DB Queries
----------------------------------------------  -----  ---------  --------  ----------  --------------  -------------------  ----------------------
/opt/airflow/dags/extract_raw_data_pipeline.py                           1           0  0.68s           2025-07-04T18:49:46                      12
/opt/airflow/dags/dag_test.py                                            1           0  0.12s           2025-07-04T18:49:32                      12
================================================================================
[2025-07-04T18:50:23.045+0000] {manager.py:997} INFO - 
================================================================================
DAG File Processing Stats

File Path                                       PID    Runtime      # DAGs    # Errors  Last Runtime    Last Run               Last # of DB Queries
----------------------------------------------  -----  ---------  --------  ----------  --------------  -------------------  ----------------------
/opt/airflow/dags/extract_raw_data_pipeline.py                           1           0  0.55s           2025-07-04T18:50:17                      12
/opt/airflow/dags/dag_test.py                                            1           0  0.21s           2025-07-04T18:50:02                      12
================================================================================
[2025-07-04T18:50:53.616+0000] {manager.py:997} INFO - 
================================================================================
DAG File Processing Stats

File Path                                       PID    Runtime      # DAGs    # Errors  Last Runtime    Last Run               Last # of DB Queries
----------------------------------------------  -----  ---------  --------  ----------  --------------  -------------------  ----------------------
/opt/airflow/dags/extract_raw_data_pipeline.py                           1           0  0.41s           2025-07-04T18:50:47                      12
/opt/airflow/dags/dag_test.py                                            1           0  0.16s           2025-07-04T18:50:33                      12
================================================================================
[2025-07-04T18:51:24.071+0000] {manager.py:997} INFO - 
================================================================================
DAG File Processing Stats

File Path                                       PID    Runtime      # DAGs    # Errors  Last Runtime    Last Run               Last # of DB Queries
----------------------------------------------  -----  ---------  --------  ----------  --------------  -------------------  ----------------------
/opt/airflow/dags/extract_raw_data_pipeline.py                           1           0  0.43s           2025-07-04T18:51:18                      12
/opt/airflow/dags/dag_test.py                                            1           0  0.14s           2025-07-04T18:51:03                      12
================================================================================
[2025-07-04T18:51:32.444+0000] {manager.py:821} INFO - Searching for files in /opt/airflow/dags
[2025-07-04T18:51:32.488+0000] {manager.py:824} INFO - There are 2 files in /opt/airflow/dags
[2025-07-04T18:51:54.523+0000] {manager.py:997} INFO - 
================================================================================
DAG File Processing Stats

File Path                                       PID    Runtime      # DAGs    # Errors  Last Runtime    Last Run               Last # of DB Queries
----------------------------------------------  -----  ---------  --------  ----------  --------------  -------------------  ----------------------
/opt/airflow/dags/extract_raw_data_pipeline.py                           1           0  0.37s           2025-07-04T18:51:48                      12
/opt/airflow/dags/dag_test.py                                            1           0  0.15s           2025-07-04T18:51:34                      12
================================================================================
[2025-07-04T18:52:25.077+0000] {manager.py:997} INFO - 
================================================================================
DAG File Processing Stats

File Path                                       PID    Runtime      # DAGs    # Errors  Last Runtime    Last Run               Last # of DB Queries
----------------------------------------------  -----  ---------  --------  ----------  --------------  -------------------  ----------------------
/opt/airflow/dags/extract_raw_data_pipeline.py                           1           0  0.40s           2025-07-04T18:52:19                      12
/opt/airflow/dags/dag_test.py                                            1           0  0.11s           2025-07-04T18:52:04                      12
================================================================================
[2025-07-04T18:52:55.519+0000] {manager.py:997} INFO - 
================================================================================
DAG File Processing Stats

File Path                                       PID    Runtime      # DAGs    # Errors  Last Runtime    Last Run               Last # of DB Queries
----------------------------------------------  -----  ---------  --------  ----------  --------------  -------------------  ----------------------
/opt/airflow/dags/extract_raw_data_pipeline.py                           1           0  0.36s           2025-07-04T18:52:49                      12
/opt/airflow/dags/dag_test.py                                            1           0  0.11s           2025-07-04T18:52:35                      12
================================================================================
[2025-07-04T18:53:25.996+0000] {manager.py:997} INFO - 
================================================================================
DAG File Processing Stats

File Path                                       PID    Runtime      # DAGs    # Errors  Last Runtime    Last Run               Last # of DB Queries
----------------------------------------------  -----  ---------  --------  ----------  --------------  -------------------  ----------------------
/opt/airflow/dags/extract_raw_data_pipeline.py                           1           0  0.40s           2025-07-04T18:53:20                      12
/opt/airflow/dags/dag_test.py                                            1           0  0.15s           2025-07-04T18:53:05                      12
================================================================================
[2025-07-04T18:53:56.565+0000] {manager.py:997} INFO - 
================================================================================
DAG File Processing Stats

File Path                                       PID    Runtime      # DAGs    # Errors  Last Runtime    Last Run               Last # of DB Queries
----------------------------------------------  -----  ---------  --------  ----------  --------------  -------------------  ----------------------
/opt/airflow/dags/extract_raw_data_pipeline.py                           1           0  0.52s           2025-07-04T18:53:50                      12
/opt/airflow/dags/dag_test.py                                            1           0  0.13s           2025-07-04T18:53:36                      12
================================================================================
[2025-07-04T18:54:26.985+0000] {manager.py:997} INFO - 
================================================================================
DAG File Processing Stats

File Path                                       PID    Runtime      # DAGs    # Errors  Last Runtime    Last Run               Last # of DB Queries
----------------------------------------------  -----  ---------  --------  ----------  --------------  -------------------  ----------------------
/opt/airflow/dags/extract_raw_data_pipeline.py                           1           0  0.36s           2025-07-04T18:54:21                      12
/opt/airflow/dags/dag_test.py                                            1           0  0.12s           2025-07-04T18:54:06                      12
================================================================================
[2025-07-04T18:54:57.414+0000] {manager.py:997} INFO - 
================================================================================
DAG File Processing Stats

File Path                                       PID    Runtime      # DAGs    # Errors  Last Runtime    Last Run               Last # of DB Queries
----------------------------------------------  -----  ---------  --------  ----------  --------------  -------------------  ----------------------
/opt/airflow/dags/extract_raw_data_pipeline.py                           1           0  0.40s           2025-07-04T18:54:51                      12
/opt/airflow/dags/dag_test.py                                            1           0  0.11s           2025-07-04T18:54:37                      12
================================================================================
[2025-07-04T18:55:27.454+0000] {manager.py:997} INFO - 
================================================================================
DAG File Processing Stats

File Path                                       PID    Runtime      # DAGs    # Errors  Last Runtime    Last Run               Last # of DB Queries
----------------------------------------------  -----  ---------  --------  ----------  --------------  -------------------  ----------------------
/opt/airflow/dags/extract_raw_data_pipeline.py                           1           0  0.62s           2025-07-04T18:55:22                      12
/opt/airflow/dags/dag_test.py                                            1           0  0.17s           2025-07-04T18:55:07                      12
================================================================================
[2025-07-04T18:55:57.586+0000] {manager.py:997} INFO - 
================================================================================
DAG File Processing Stats

File Path                                       PID    Runtime      # DAGs    # Errors  Last Runtime    Last Run               Last # of DB Queries
----------------------------------------------  -----  ---------  --------  ----------  --------------  -------------------  ----------------------
/opt/airflow/dags/extract_raw_data_pipeline.py                           1           0  0.65s           2025-07-04T18:55:53                      12
/opt/airflow/dags/dag_test.py                                            1           0  0.24s           2025-07-04T18:55:38                      12
================================================================================
[2025-07-04T18:56:28.049+0000] {manager.py:997} INFO - 
================================================================================
DAG File Processing Stats

File Path                                       PID    Runtime      # DAGs    # Errors  Last Runtime    Last Run               Last # of DB Queries
----------------------------------------------  -----  ---------  --------  ----------  --------------  -------------------  ----------------------
/opt/airflow/dags/extract_raw_data_pipeline.py                           1           0  0.49s           2025-07-04T18:56:24                      12
/opt/airflow/dags/dag_test.py                                            1           0  0.15s           2025-07-04T18:56:08                      12
================================================================================
[2025-07-04T18:56:32.490+0000] {manager.py:821} INFO - Searching for files in /opt/airflow/dags
[2025-07-04T18:56:32.527+0000] {manager.py:824} INFO - There are 2 files in /opt/airflow/dags
[2025-07-04T18:56:58.485+0000] {manager.py:997} INFO - 
================================================================================
DAG File Processing Stats

File Path                                       PID    Runtime      # DAGs    # Errors  Last Runtime    Last Run               Last # of DB Queries
----------------------------------------------  -----  ---------  --------  ----------  --------------  -------------------  ----------------------
/opt/airflow/dags/extract_raw_data_pipeline.py                           1           0  0.35s           2025-07-04T18:56:54                      12
/opt/airflow/dags/dag_test.py                                            1           0  0.12s           2025-07-04T18:56:39                      12
================================================================================
[2025-07-04T18:57:28.935+0000] {manager.py:997} INFO - 
================================================================================
DAG File Processing Stats

File Path                                       PID    Runtime      # DAGs    # Errors  Last Runtime    Last Run               Last # of DB Queries
----------------------------------------------  -----  ---------  --------  ----------  --------------  -------------------  ----------------------
/opt/airflow/dags/extract_raw_data_pipeline.py                           1           0  0.52s           2025-07-04T18:57:25                      12
/opt/airflow/dags/dag_test.py                                            1           0  0.12s           2025-07-04T18:57:09                      12
================================================================================
[2025-07-04T18:57:59.377+0000] {manager.py:997} INFO - 
================================================================================
DAG File Processing Stats

File Path                                       PID    Runtime      # DAGs    # Errors  Last Runtime    Last Run               Last # of DB Queries
----------------------------------------------  -----  ---------  --------  ----------  --------------  -------------------  ----------------------
/opt/airflow/dags/extract_raw_data_pipeline.py                           1           0  0.49s           2025-07-04T18:57:56                      12
/opt/airflow/dags/dag_test.py                                            1           0  0.12s           2025-07-04T18:57:40                      12
================================================================================
[2025-07-04T18:58:29.820+0000] {manager.py:997} INFO - 
================================================================================
DAG File Processing Stats

File Path                                       PID    Runtime      # DAGs    # Errors  Last Runtime    Last Run               Last # of DB Queries
----------------------------------------------  -----  ---------  --------  ----------  --------------  -------------------  ----------------------
/opt/airflow/dags/extract_raw_data_pipeline.py                           1           0  0.37s           2025-07-04T18:58:27                      12
/opt/airflow/dags/dag_test.py                                            1           0  0.11s           2025-07-04T18:58:10                      12
================================================================================
[2025-07-04T18:59:00.232+0000] {manager.py:997} INFO - 
================================================================================
DAG File Processing Stats

File Path                                       PID    Runtime      # DAGs    # Errors  Last Runtime    Last Run               Last # of DB Queries
----------------------------------------------  -----  ---------  --------  ----------  --------------  -------------------  ----------------------
/opt/airflow/dags/extract_raw_data_pipeline.py                           1           0  0.43s           2025-07-04T18:58:57                      12
/opt/airflow/dags/dag_test.py                                            1           0  0.11s           2025-07-04T18:58:41                      12
================================================================================
[2025-07-04T18:59:30.728+0000] {manager.py:997} INFO - 
================================================================================
DAG File Processing Stats

File Path                                       PID    Runtime      # DAGs    # Errors  Last Runtime    Last Run               Last # of DB Queries
----------------------------------------------  -----  ---------  --------  ----------  --------------  -------------------  ----------------------
/opt/airflow/dags/extract_raw_data_pipeline.py                           1           0  0.42s           2025-07-04T18:59:28                      12
/opt/airflow/dags/dag_test.py                                            1           0  0.13s           2025-07-04T18:59:11                      12
================================================================================
[2025-07-04T19:00:01.138+0000] {manager.py:997} INFO - 
================================================================================
DAG File Processing Stats

File Path                                       PID    Runtime      # DAGs    # Errors  Last Runtime    Last Run               Last # of DB Queries
----------------------------------------------  -----  ---------  --------  ----------  --------------  -------------------  ----------------------
/opt/airflow/dags/extract_raw_data_pipeline.py                           1           0  0.38s           2025-07-04T18:59:59                      12
/opt/airflow/dags/dag_test.py                                            1           0  0.12s           2025-07-04T18:59:41                      12
================================================================================
[2025-07-04T19:00:31.649+0000] {manager.py:997} INFO - 
================================================================================
DAG File Processing Stats

File Path                                       PID    Runtime      # DAGs    # Errors  Last Runtime    Last Run               Last # of DB Queries
----------------------------------------------  -----  ---------  --------  ----------  --------------  -------------------  ----------------------
/opt/airflow/dags/extract_raw_data_pipeline.py                           1           0  0.38s           2025-07-04T19:00:29                      12
/opt/airflow/dags/dag_test.py                                            1           0  0.18s           2025-07-04T19:00:12                      12
================================================================================
[2025-07-04T19:01:02.226+0000] {manager.py:997} INFO - 
================================================================================
DAG File Processing Stats

File Path                                       PID    Runtime      # DAGs    # Errors  Last Runtime    Last Run               Last # of DB Queries
----------------------------------------------  -----  ---------  --------  ----------  --------------  -------------------  ----------------------
/opt/airflow/dags/extract_raw_data_pipeline.py                           1           0  0.37s           2025-07-04T19:01:00                      12
/opt/airflow/dags/dag_test.py                                            1           0  0.15s           2025-07-04T19:00:42                      12
================================================================================
[2025-07-04T19:01:32.337+0000] {manager.py:997} INFO - 
================================================================================
DAG File Processing Stats

File Path                                       PID    Runtime      # DAGs    # Errors  Last Runtime    Last Run               Last # of DB Queries
----------------------------------------------  -----  ---------  --------  ----------  --------------  -------------------  ----------------------
/opt/airflow/dags/extract_raw_data_pipeline.py                           1           0  0.63s           2025-07-04T19:01:31                      12
/opt/airflow/dags/dag_test.py                                            1           0  0.19s           2025-07-04T19:01:13                      12
================================================================================
[2025-07-04T19:01:32.748+0000] {manager.py:821} INFO - Searching for files in /opt/airflow/dags
[2025-07-04T19:01:32.788+0000] {manager.py:824} INFO - There are 2 files in /opt/airflow/dags
[2025-07-04T19:02:02.818+0000] {manager.py:997} INFO - 
================================================================================
DAG File Processing Stats

File Path                                       PID    Runtime      # DAGs    # Errors  Last Runtime    Last Run               Last # of DB Queries
----------------------------------------------  -----  ---------  --------  ----------  --------------  -------------------  ----------------------
/opt/airflow/dags/extract_raw_data_pipeline.py                           1           0  0.69s           2025-07-04T19:02:02                      12
/opt/airflow/dags/dag_test.py                                            1           0  0.12s           2025-07-04T19:01:44                      12
================================================================================
[2025-07-04T19:02:33.621+0000] {manager.py:997} INFO - 
================================================================================
DAG File Processing Stats

File Path                                         PID  Runtime      # DAGs    # Errors  Last Runtime    Last Run               Last # of DB Queries
----------------------------------------------  -----  ---------  --------  ----------  --------------  -------------------  ----------------------
/opt/airflow/dags/extract_raw_data_pipeline.py    721  0.01s             1           0  0.69s           2025-07-04T19:02:02                      12
/opt/airflow/dags/dag_test.py                                            1           0  0.13s           2025-07-04T19:02:14                      12
================================================================================
[2025-07-04T19:03:04.440+0000] {manager.py:997} INFO - 
================================================================================
DAG File Processing Stats

File Path                                         PID  Runtime      # DAGs    # Errors  Last Runtime    Last Run               Last # of DB Queries
----------------------------------------------  -----  ---------  --------  ----------  --------------  -------------------  ----------------------
/opt/airflow/dags/extract_raw_data_pipeline.py    730  0.01s             1           0  0.54s           2025-07-04T19:02:34                      12
/opt/airflow/dags/dag_test.py                                            1           0  0.13s           2025-07-04T19:02:44                      12
================================================================================
[2025-07-04T19:03:35.307+0000] {manager.py:997} INFO - 
================================================================================
DAG File Processing Stats

File Path                                         PID  Runtime      # DAGs    # Errors  Last Runtime    Last Run               Last # of DB Queries
----------------------------------------------  -----  ---------  --------  ----------  --------------  -------------------  ----------------------
/opt/airflow/dags/extract_raw_data_pipeline.py    739  0.00s             1           0  0.57s           2025-07-04T19:03:04                      12
/opt/airflow/dags/dag_test.py                                            1           0  0.12s           2025-07-04T19:03:15                      12
================================================================================
[2025-07-04T19:04:05.796+0000] {manager.py:997} INFO - 
================================================================================
DAG File Processing Stats

File Path                                         PID  Runtime      # DAGs    # Errors  Last Runtime    Last Run               Last # of DB Queries
----------------------------------------------  -----  ---------  --------  ----------  --------------  -------------------  ----------------------
/opt/airflow/dags/extract_raw_data_pipeline.py    748  0.01s             1           0  0.40s           2025-07-04T19:03:35                      12
/opt/airflow/dags/dag_test.py                                            1           0  0.15s           2025-07-04T19:03:45                      12
================================================================================
[2025-07-04T19:04:36.197+0000] {manager.py:997} INFO - 
================================================================================
DAG File Processing Stats

File Path                                       PID    Runtime      # DAGs    # Errors  Last Runtime    Last Run               Last # of DB Queries
----------------------------------------------  -----  ---------  --------  ----------  --------------  -------------------  ----------------------
/opt/airflow/dags/extract_raw_data_pipeline.py                           1           0  0.42s           2025-07-04T19:04:06                      12
/opt/airflow/dags/dag_test.py                                            1           0  0.14s           2025-07-04T19:04:16                      12
================================================================================
[2025-07-04T19:05:06.703+0000] {manager.py:997} INFO - 
================================================================================
DAG File Processing Stats

File Path                                       PID    Runtime      # DAGs    # Errors  Last Runtime    Last Run               Last # of DB Queries
----------------------------------------------  -----  ---------  --------  ----------  --------------  -------------------  ----------------------
/opt/airflow/dags/extract_raw_data_pipeline.py                           1           0  0.57s           2025-07-04T19:04:36                      12
/opt/airflow/dags/dag_test.py                                            1           0  0.24s           2025-07-04T19:04:46                      12
================================================================================
[2025-07-04T19:07:20.112+0000] {manager.py:483} INFO - Processing files using up to 2 processes at a time 
[2025-07-04T19:07:20.115+0000] {manager.py:484} INFO - Process each file at most once every 30 seconds
[2025-07-04T19:07:20.119+0000] {manager.py:485} INFO - Checking for new files in /opt/airflow/dags every 300 seconds
[2025-07-04T19:07:20.119+0000] {manager.py:821} INFO - Searching for files in /opt/airflow/dags
[2025-07-04T19:07:20.161+0000] {manager.py:824} INFO - There are 2 files in /opt/airflow/dags
[2025-07-04T19:07:22.158+0000] {manager.py:997} INFO - 
================================================================================
DAG File Processing Stats

File Path                                         PID  Runtime      # DAGs    # Errors  Last Runtime    Last Run      Last # of DB Queries
----------------------------------------------  -----  ---------  --------  ----------  --------------  ----------  ----------------------
/opt/airflow/dags/dag_test.py                      76  1.69s             0           0                                                   0
/opt/airflow/dags/extract_raw_data_pipeline.py     83  0.44s             0           0                                                   0
================================================================================
[2025-07-04T19:07:52.552+0000] {manager.py:997} INFO - 
================================================================================
DAG File Processing Stats

File Path                                       PID    Runtime      # DAGs    # Errors  Last Runtime    Last Run               Last # of DB Queries
----------------------------------------------  -----  ---------  --------  ----------  --------------  -------------------  ----------------------
/opt/airflow/dags/extract_raw_data_pipeline.py                           1           0  10.17s          2025-07-04T19:07:31                      45
/opt/airflow/dags/dag_test.py                                            1           0  7.23s           2025-07-04T19:07:27                      45
================================================================================
[2025-07-04T19:08:23.071+0000] {manager.py:997} INFO - 
================================================================================
DAG File Processing Stats

File Path                                       PID    Runtime      # DAGs    # Errors  Last Runtime    Last Run               Last # of DB Queries
----------------------------------------------  -----  ---------  --------  ----------  --------------  -------------------  ----------------------
/opt/airflow/dags/extract_raw_data_pipeline.py                           1           0  7.40s           2025-07-04T19:08:09                      12
/opt/airflow/dags/dag_test.py                                            1           0  0.45s           2025-07-04T19:07:58                      12
================================================================================
[2025-07-04T19:08:53.667+0000] {manager.py:997} INFO - 
================================================================================
DAG File Processing Stats

File Path                                       PID    Runtime      # DAGs    # Errors  Last Runtime    Last Run               Last # of DB Queries
----------------------------------------------  -----  ---------  --------  ----------  --------------  -------------------  ----------------------
/opt/airflow/dags/extract_raw_data_pipeline.py                           1           0  1.81s           2025-07-04T19:08:42                      12
/opt/airflow/dags/dag_test.py                                            1           0  1.39s           2025-07-04T19:08:30                      12
================================================================================
[2025-07-04T19:09:23.793+0000] {manager.py:997} INFO - 
================================================================================
DAG File Processing Stats

File Path                                       PID    Runtime      # DAGs    # Errors  Last Runtime    Last Run               Last # of DB Queries
----------------------------------------------  -----  ---------  --------  ----------  --------------  -------------------  ----------------------
/opt/airflow/dags/extract_raw_data_pipeline.py                           1           0  0.80s           2025-07-04T19:09:13                      12
/opt/airflow/dags/dag_test.py                                            1           0  0.14s           2025-07-04T19:09:00                      12
================================================================================
[2025-07-04T19:09:54.402+0000] {manager.py:997} INFO - 
================================================================================
DAG File Processing Stats

File Path                                       PID    Runtime      # DAGs    # Errors  Last Runtime    Last Run               Last # of DB Queries
----------------------------------------------  -----  ---------  --------  ----------  --------------  -------------------  ----------------------
/opt/airflow/dags/extract_raw_data_pipeline.py                           1           0  0.87s           2025-07-04T19:09:45                      12
/opt/airflow/dags/dag_test.py                                            1           0  0.12s           2025-07-04T19:09:31                      12
================================================================================
[2025-07-04T19:10:24.568+0000] {manager.py:997} INFO - 
================================================================================
DAG File Processing Stats

File Path                                       PID    Runtime      # DAGs    # Errors  Last Runtime    Last Run               Last # of DB Queries
----------------------------------------------  -----  ---------  --------  ----------  --------------  -------------------  ----------------------
/opt/airflow/dags/extract_raw_data_pipeline.py                           1           0  0.69s           2025-07-04T19:10:16                      12
/opt/airflow/dags/dag_test.py                                            1           0  0.16s           2025-07-04T19:10:01                      12
================================================================================
[2025-07-04T19:10:54.841+0000] {manager.py:997} INFO - 
================================================================================
DAG File Processing Stats

File Path                                       PID    Runtime      # DAGs    # Errors  Last Runtime    Last Run               Last # of DB Queries
----------------------------------------------  -----  ---------  --------  ----------  --------------  -------------------  ----------------------
/opt/airflow/dags/extract_raw_data_pipeline.py                           1           0  0.66s           2025-07-04T19:10:47                      12
/opt/airflow/dags/dag_test.py                                            1           0  0.13s           2025-07-04T19:10:32                      12
================================================================================
[2025-07-04T19:11:25.174+0000] {manager.py:997} INFO - 
================================================================================
DAG File Processing Stats

File Path                                       PID    Runtime      # DAGs    # Errors  Last Runtime    Last Run               Last # of DB Queries
----------------------------------------------  -----  ---------  --------  ----------  --------------  -------------------  ----------------------
/opt/airflow/dags/extract_raw_data_pipeline.py                           1           0  0.49s           2025-07-04T19:11:19                      12
/opt/airflow/dags/dag_test.py                                            1           0  0.11s           2025-07-04T19:11:02                      12
================================================================================
[2025-07-04T19:11:55.247+0000] {manager.py:997} INFO - 
================================================================================
DAG File Processing Stats

File Path                                       PID    Runtime      # DAGs    # Errors  Last Runtime    Last Run               Last # of DB Queries
----------------------------------------------  -----  ---------  --------  ----------  --------------  -------------------  ----------------------
/opt/airflow/dags/extract_raw_data_pipeline.py                           1           0  1.62s           2025-07-04T19:11:51                      12
/opt/airflow/dags/dag_test.py                                            1           0  0.26s           2025-07-04T19:11:33                      12
================================================================================
[2025-07-04T19:12:20.535+0000] {manager.py:821} INFO - Searching for files in /opt/airflow/dags
[2025-07-04T19:12:20.565+0000] {manager.py:824} INFO - There are 2 files in /opt/airflow/dags
[2025-07-04T19:12:25.315+0000] {manager.py:997} INFO - 
================================================================================
DAG File Processing Stats

File Path                                       PID    Runtime      # DAGs    # Errors  Last Runtime    Last Run               Last # of DB Queries
----------------------------------------------  -----  ---------  --------  ----------  --------------  -------------------  ----------------------
/opt/airflow/dags/dag_test.py                                            1           0  1.06s           2025-07-04T19:12:04                      12
/opt/airflow/dags/extract_raw_data_pipeline.py                           1           0  0.69s           2025-07-04T19:12:22                      12
================================================================================
[2025-07-04T19:12:55.890+0000] {manager.py:997} INFO - 
================================================================================
DAG File Processing Stats

File Path                                       PID    Runtime      # DAGs    # Errors  Last Runtime    Last Run               Last # of DB Queries
----------------------------------------------  -----  ---------  --------  ----------  --------------  -------------------  ----------------------
/opt/airflow/dags/extract_raw_data_pipeline.py                           1           0  0.55s           2025-07-04T19:12:53                      12
/opt/airflow/dags/dag_test.py                                            1           0  0.25s           2025-07-04T19:12:34                      12
================================================================================
[2025-07-04T19:13:26.321+0000] {manager.py:997} INFO - 
================================================================================
DAG File Processing Stats

File Path                                       PID    Runtime      # DAGs    # Errors  Last Runtime    Last Run               Last # of DB Queries
----------------------------------------------  -----  ---------  --------  ----------  --------------  -------------------  ----------------------
/opt/airflow/dags/extract_raw_data_pipeline.py                           1           0  0.49s           2025-07-04T19:13:23                      12
/opt/airflow/dags/dag_test.py                                            1           0  0.13s           2025-07-04T19:13:05                      12
================================================================================
[2025-07-04T19:13:56.738+0000] {manager.py:997} INFO - 
================================================================================
DAG File Processing Stats

File Path                                       PID    Runtime      # DAGs    # Errors  Last Runtime    Last Run               Last # of DB Queries
----------------------------------------------  -----  ---------  --------  ----------  --------------  -------------------  ----------------------
/opt/airflow/dags/extract_raw_data_pipeline.py                           1           0  0.66s           2025-07-04T19:13:55                      12
/opt/airflow/dags/dag_test.py                                            1           0  0.14s           2025-07-04T19:13:35                      12
================================================================================
[2025-07-04T19:14:26.919+0000] {manager.py:997} INFO - 
================================================================================
DAG File Processing Stats

File Path                                       PID    Runtime      # DAGs    # Errors  Last Runtime    Last Run               Last # of DB Queries
----------------------------------------------  -----  ---------  --------  ----------  --------------  -------------------  ----------------------
/opt/airflow/dags/extract_raw_data_pipeline.py                           1           0  0.62s           2025-07-04T19:14:25                      12
/opt/airflow/dags/dag_test.py                                            1           0  0.27s           2025-07-04T19:14:06                      12
================================================================================
[2025-07-04T19:14:57.098+0000] {manager.py:997} INFO - 
================================================================================
DAG File Processing Stats

File Path                                       PID    Runtime      # DAGs    # Errors  Last Runtime    Last Run               Last # of DB Queries
----------------------------------------------  -----  ---------  --------  ----------  --------------  -------------------  ----------------------
/opt/airflow/dags/extract_raw_data_pipeline.py                           1           0  0.51s           2025-07-04T19:14:57                      12
/opt/airflow/dags/dag_test.py                                            1           0  0.28s           2025-07-04T19:14:36                      12
================================================================================
[2025-07-04T19:15:27.420+0000] {manager.py:997} INFO - 
================================================================================
DAG File Processing Stats

File Path                                         PID  Runtime      # DAGs    # Errors  Last Runtime    Last Run               Last # of DB Queries
----------------------------------------------  -----  ---------  --------  ----------  --------------  -------------------  ----------------------
/opt/airflow/dags/extract_raw_data_pipeline.py    224  0.00s             1           0  0.51s           2025-07-04T19:14:57                      12
/opt/airflow/dags/dag_test.py                                            1           0  0.27s           2025-07-04T19:15:07                      12
================================================================================
[2025-07-04T19:15:57.806+0000] {manager.py:997} INFO - 
================================================================================
DAG File Processing Stats

File Path                                       PID    Runtime      # DAGs    # Errors  Last Runtime    Last Run               Last # of DB Queries
----------------------------------------------  -----  ---------  --------  ----------  --------------  -------------------  ----------------------
/opt/airflow/dags/extract_raw_data_pipeline.py                           1           0  0.64s           2025-07-04T19:15:28                      12
/opt/airflow/dags/dag_test.py                                            1           0  0.20s           2025-07-04T19:15:37                      12
================================================================================
[2025-07-04T19:16:28.300+0000] {manager.py:997} INFO - 
================================================================================
DAG File Processing Stats

File Path                                       PID    Runtime      # DAGs    # Errors  Last Runtime    Last Run               Last # of DB Queries
----------------------------------------------  -----  ---------  --------  ----------  --------------  -------------------  ----------------------
/opt/airflow/dags/extract_raw_data_pipeline.py                           1           0  0.49s           2025-07-04T19:15:59                      12
/opt/airflow/dags/dag_test.py                                            1           0  0.12s           2025-07-04T19:16:08                      12
================================================================================
[2025-07-04T19:16:58.714+0000] {manager.py:997} INFO - 
================================================================================
DAG File Processing Stats

File Path                                       PID    Runtime      # DAGs    # Errors  Last Runtime    Last Run               Last # of DB Queries
----------------------------------------------  -----  ---------  --------  ----------  --------------  -------------------  ----------------------
/opt/airflow/dags/extract_raw_data_pipeline.py                           1           0  0.55s           2025-07-04T19:16:29                      12
/opt/airflow/dags/dag_test.py                                            1           0  0.16s           2025-07-04T19:16:38                      12
================================================================================
[2025-07-04T19:17:21.134+0000] {manager.py:821} INFO - Searching for files in /opt/airflow/dags
[2025-07-04T19:17:21.159+0000] {manager.py:824} INFO - There are 2 files in /opt/airflow/dags
[2025-07-04T19:17:29.266+0000] {manager.py:997} INFO - 
================================================================================
DAG File Processing Stats

File Path                                       PID    Runtime      # DAGs    # Errors  Last Runtime    Last Run               Last # of DB Queries
----------------------------------------------  -----  ---------  --------  ----------  --------------  -------------------  ----------------------
/opt/airflow/dags/extract_raw_data_pipeline.py                           1           0  0.61s           2025-07-04T19:17:01                      12
/opt/airflow/dags/dag_test.py                                            1           0  0.27s           2025-07-04T19:17:09                      12
================================================================================
[2025-07-04T19:17:59.798+0000] {manager.py:997} INFO - 
================================================================================
DAG File Processing Stats

File Path                                       PID    Runtime      # DAGs    # Errors  Last Runtime    Last Run               Last # of DB Queries
----------------------------------------------  -----  ---------  --------  ----------  --------------  -------------------  ----------------------
/opt/airflow/dags/extract_raw_data_pipeline.py                           1           0  0.60s           2025-07-04T19:17:32                      12
/opt/airflow/dags/dag_test.py                                            1           0  0.25s           2025-07-04T19:17:39                      12
================================================================================
[2025-07-04T19:18:30.368+0000] {manager.py:997} INFO - 
================================================================================
DAG File Processing Stats

File Path                                       PID    Runtime      # DAGs    # Errors  Last Runtime    Last Run               Last # of DB Queries
----------------------------------------------  -----  ---------  --------  ----------  --------------  -------------------  ----------------------
/opt/airflow/dags/extract_raw_data_pipeline.py                           1           0  0.51s           2025-07-04T19:18:03                      12
/opt/airflow/dags/dag_test.py                                            1           0  0.23s           2025-07-04T19:18:10                      12
================================================================================
[2025-07-04T19:19:00.827+0000] {manager.py:997} INFO - 
================================================================================
DAG File Processing Stats

File Path                                       PID    Runtime      # DAGs    # Errors  Last Runtime    Last Run               Last # of DB Queries
----------------------------------------------  -----  ---------  --------  ----------  --------------  -------------------  ----------------------
/opt/airflow/dags/extract_raw_data_pipeline.py                           1           0  0.71s           2025-07-04T19:18:34                      12
/opt/airflow/dags/dag_test.py                                            1           0  0.12s           2025-07-04T19:18:40                      12
================================================================================
[2025-07-04T19:19:31.093+0000] {manager.py:997} INFO - 
================================================================================
DAG File Processing Stats

File Path                                       PID    Runtime      # DAGs    # Errors  Last Runtime    Last Run               Last # of DB Queries
----------------------------------------------  -----  ---------  --------  ----------  --------------  -------------------  ----------------------
/opt/airflow/dags/extract_raw_data_pipeline.py                           1           0  0.87s           2025-07-04T19:19:05                      12
/opt/airflow/dags/dag_test.py                                            1           0  0.14s           2025-07-04T19:19:11                      12
================================================================================
[2025-07-04T19:20:01.526+0000] {manager.py:997} INFO - 
================================================================================
DAG File Processing Stats

File Path                                       PID    Runtime      # DAGs    # Errors  Last Runtime    Last Run               Last # of DB Queries
----------------------------------------------  -----  ---------  --------  ----------  --------------  -------------------  ----------------------
/opt/airflow/dags/extract_raw_data_pipeline.py                           1           0  0.69s           2025-07-04T19:19:36                      12
/opt/airflow/dags/dag_test.py                                            1           0  0.26s           2025-07-04T19:19:41                      12
================================================================================
[2025-07-04T19:20:31.567+0000] {manager.py:997} INFO - 
================================================================================
DAG File Processing Stats

File Path                                       PID    Runtime      # DAGs    # Errors  Last Runtime    Last Run               Last # of DB Queries
----------------------------------------------  -----  ---------  --------  ----------  --------------  -------------------  ----------------------
/opt/airflow/dags/dag_test.py                                            1           0  0.53s           2025-07-04T19:20:12                      12
/opt/airflow/dags/extract_raw_data_pipeline.py                           1           0  0.50s           2025-07-04T19:20:08                      12
================================================================================
[2025-07-04T19:21:01.870+0000] {manager.py:997} INFO - 
================================================================================
DAG File Processing Stats

File Path                                       PID    Runtime      # DAGs    # Errors  Last Runtime    Last Run               Last # of DB Queries
----------------------------------------------  -----  ---------  --------  ----------  --------------  -------------------  ----------------------
/opt/airflow/dags/extract_raw_data_pipeline.py                           1           0  0.62s           2025-07-04T19:20:39                      12
/opt/airflow/dags/dag_test.py                                            1           0  0.24s           2025-07-04T19:20:42                      12
================================================================================
[2025-07-04T19:21:32.452+0000] {manager.py:997} INFO - 
================================================================================
DAG File Processing Stats

File Path                                       PID    Runtime      # DAGs    # Errors  Last Runtime    Last Run               Last # of DB Queries
----------------------------------------------  -----  ---------  --------  ----------  --------------  -------------------  ----------------------
/opt/airflow/dags/extract_raw_data_pipeline.py                           1           0  0.51s           2025-07-04T19:21:09                      12
/opt/airflow/dags/dag_test.py                                            1           0  0.15s           2025-07-04T19:21:13                      12
================================================================================
[2025-07-04T19:22:02.892+0000] {manager.py:997} INFO - 
================================================================================
DAG File Processing Stats

File Path                                       PID    Runtime      # DAGs    # Errors  Last Runtime    Last Run               Last # of DB Queries
----------------------------------------------  -----  ---------  --------  ----------  --------------  -------------------  ----------------------
/opt/airflow/dags/extract_raw_data_pipeline.py                           1           0  0.52s           2025-07-04T19:21:41                      12
/opt/airflow/dags/dag_test.py                                            1           0  0.13s           2025-07-04T19:21:43                      12
================================================================================
[2025-07-04T19:22:21.256+0000] {manager.py:821} INFO - Searching for files in /opt/airflow/dags
[2025-07-04T19:22:21.285+0000] {manager.py:824} INFO - There are 2 files in /opt/airflow/dags
[2025-07-04T19:22:33.405+0000] {manager.py:997} INFO - 
================================================================================
DAG File Processing Stats

File Path                                       PID    Runtime      # DAGs    # Errors  Last Runtime    Last Run               Last # of DB Queries
----------------------------------------------  -----  ---------  --------  ----------  --------------  -------------------  ----------------------
/opt/airflow/dags/extract_raw_data_pipeline.py                           1           0  1.46s           2025-07-04T19:22:14                      12
/opt/airflow/dags/dag_test.py                                            1           0  0.25s           2025-07-04T19:22:14                      12
================================================================================
[2025-07-04T19:23:03.445+0000] {manager.py:997} INFO - 
================================================================================
DAG File Processing Stats

File Path                                       PID    Runtime      # DAGs    # Errors  Last Runtime    Last Run               Last # of DB Queries
----------------------------------------------  -----  ---------  --------  ----------  --------------  -------------------  ----------------------
/opt/airflow/dags/extract_raw_data_pipeline.py                           1           0  0.73s           2025-07-04T19:22:45                      12
/opt/airflow/dags/dag_test.py                                            1           0  0.47s           2025-07-04T19:22:44                      12
================================================================================
[2025-07-04T19:23:33.873+0000] {manager.py:997} INFO - 
================================================================================
DAG File Processing Stats

File Path                                       PID    Runtime      # DAGs    # Errors  Last Runtime    Last Run               Last # of DB Queries
----------------------------------------------  -----  ---------  --------  ----------  --------------  -------------------  ----------------------
/opt/airflow/dags/extract_raw_data_pipeline.py                           1           0  0.58s           2025-07-04T19:23:15                      12
/opt/airflow/dags/dag_test.py                                            1           0  0.37s           2025-07-04T19:23:15                      12
================================================================================
[2025-07-04T19:24:04.554+0000] {manager.py:997} INFO - 
================================================================================
DAG File Processing Stats

File Path                                       PID    Runtime      # DAGs    # Errors  Last Runtime    Last Run               Last # of DB Queries
----------------------------------------------  -----  ---------  --------  ----------  --------------  -------------------  ----------------------
/opt/airflow/dags/extract_raw_data_pipeline.py                           1           0  0.61s           2025-07-04T19:23:46                      12
/opt/airflow/dags/dag_test.py                                            1           0  0.35s           2025-07-04T19:23:46                      12
================================================================================
[2025-07-04T19:24:34.988+0000] {manager.py:997} INFO - 
================================================================================
DAG File Processing Stats

File Path                                       PID    Runtime      # DAGs    # Errors  Last Runtime    Last Run               Last # of DB Queries
----------------------------------------------  -----  ---------  --------  ----------  --------------  -------------------  ----------------------
/opt/airflow/dags/extract_raw_data_pipeline.py                           1           0  0.47s           2025-07-04T19:24:17                      12
/opt/airflow/dags/dag_test.py                                            1           0  0.12s           2025-07-04T19:24:16                      12
================================================================================
[2025-07-04T19:25:05.431+0000] {manager.py:997} INFO - 
================================================================================
DAG File Processing Stats

File Path                                       PID    Runtime      # DAGs    # Errors  Last Runtime    Last Run               Last # of DB Queries
----------------------------------------------  -----  ---------  --------  ----------  --------------  -------------------  ----------------------
/opt/airflow/dags/extract_raw_data_pipeline.py                           1           0  0.43s           2025-07-04T19:24:48                      12
/opt/airflow/dags/dag_test.py                                            1           0  0.13s           2025-07-04T19:24:47                      12
================================================================================
[2025-07-04T19:25:35.886+0000] {manager.py:997} INFO - 
================================================================================
DAG File Processing Stats

File Path                                       PID    Runtime      # DAGs    # Errors  Last Runtime    Last Run               Last # of DB Queries
----------------------------------------------  -----  ---------  --------  ----------  --------------  -------------------  ----------------------
/opt/airflow/dags/extract_raw_data_pipeline.py                           1           0  0.37s           2025-07-04T19:25:19                      12
/opt/airflow/dags/dag_test.py                                            1           0  0.11s           2025-07-04T19:25:17                      12
================================================================================
[2025-07-04T19:26:05.914+0000] {manager.py:997} INFO - 
================================================================================
DAG File Processing Stats

File Path                                       PID    Runtime      # DAGs    # Errors  Last Runtime    Last Run               Last # of DB Queries
----------------------------------------------  -----  ---------  --------  ----------  --------------  -------------------  ----------------------
/opt/airflow/dags/extract_raw_data_pipeline.py                           1           0  0.56s           2025-07-04T19:25:49                      12
/opt/airflow/dags/dag_test.py                                            1           0  0.14s           2025-07-04T19:25:48                      12
================================================================================
[2025-07-04T19:26:36.133+0000] {manager.py:997} INFO - 
================================================================================
DAG File Processing Stats

File Path                                       PID    Runtime      # DAGs    # Errors  Last Runtime    Last Run               Last # of DB Queries
----------------------------------------------  -----  ---------  --------  ----------  --------------  -------------------  ----------------------
/opt/airflow/dags/extract_raw_data_pipeline.py                           1           0  0.46s           2025-07-04T19:26:20                      12
/opt/airflow/dags/dag_test.py                                            1           0  0.14s           2025-07-04T19:26:18                      12
================================================================================
[2025-07-04T19:27:06.494+0000] {manager.py:997} INFO - 
================================================================================
DAG File Processing Stats

File Path                                       PID    Runtime      # DAGs    # Errors  Last Runtime    Last Run               Last # of DB Queries
----------------------------------------------  -----  ---------  --------  ----------  --------------  -------------------  ----------------------
/opt/airflow/dags/extract_raw_data_pipeline.py                           1           0  0.39s           2025-07-04T19:26:51                      12
/opt/airflow/dags/dag_test.py                                            1           0  0.26s           2025-07-04T19:26:49                      12
================================================================================
[2025-07-04T19:27:21.666+0000] {manager.py:821} INFO - Searching for files in /opt/airflow/dags
[2025-07-04T19:27:21.690+0000] {manager.py:824} INFO - There are 2 files in /opt/airflow/dags
[2025-07-04T19:27:36.965+0000] {manager.py:997} INFO - 
================================================================================
DAG File Processing Stats

File Path                                       PID    Runtime      # DAGs    # Errors  Last Runtime    Last Run               Last # of DB Queries
----------------------------------------------  -----  ---------  --------  ----------  --------------  -------------------  ----------------------
/opt/airflow/dags/extract_raw_data_pipeline.py                           1           0  0.45s           2025-07-04T19:27:22                      12
/opt/airflow/dags/dag_test.py                                            1           0  0.14s           2025-07-04T19:27:19                      12
================================================================================
[2025-07-04T19:28:07.412+0000] {manager.py:997} INFO - 
================================================================================
DAG File Processing Stats

File Path                                       PID    Runtime      # DAGs    # Errors  Last Runtime    Last Run               Last # of DB Queries
----------------------------------------------  -----  ---------  --------  ----------  --------------  -------------------  ----------------------
/opt/airflow/dags/extract_raw_data_pipeline.py                           1           0  0.48s           2025-07-04T19:27:52                      12
/opt/airflow/dags/dag_test.py                                            1           0  0.11s           2025-07-04T19:27:50                      12
================================================================================
[2025-07-04T19:28:37.856+0000] {manager.py:997} INFO - 
================================================================================
DAG File Processing Stats

File Path                                       PID    Runtime      # DAGs    # Errors  Last Runtime    Last Run               Last # of DB Queries
----------------------------------------------  -----  ---------  --------  ----------  --------------  -------------------  ----------------------
/opt/airflow/dags/extract_raw_data_pipeline.py                           1           0  0.38s           2025-07-04T19:28:23                      12
/opt/airflow/dags/dag_test.py                                            1           0  0.13s           2025-07-04T19:28:20                      12
================================================================================
[2025-07-04T19:29:08.187+0000] {manager.py:997} INFO - 
================================================================================
DAG File Processing Stats

File Path                                       PID    Runtime      # DAGs    # Errors  Last Runtime    Last Run               Last # of DB Queries
----------------------------------------------  -----  ---------  --------  ----------  --------------  -------------------  ----------------------
/opt/airflow/dags/extract_raw_data_pipeline.py                           1           0  1.02s           2025-07-04T19:28:55                      12
/opt/airflow/dags/dag_test.py                                            1           0  0.11s           2025-07-04T19:28:51                      12
================================================================================
[2025-07-04T19:29:38.593+0000] {manager.py:997} INFO - 
================================================================================
DAG File Processing Stats

File Path                                       PID    Runtime      # DAGs    # Errors  Last Runtime    Last Run               Last # of DB Queries
----------------------------------------------  -----  ---------  --------  ----------  --------------  -------------------  ----------------------
/opt/airflow/dags/extract_raw_data_pipeline.py                           1           0  0.62s           2025-07-04T19:29:26                      12
/opt/airflow/dags/dag_test.py                                            1           0  0.11s           2025-07-04T19:29:21                      12
================================================================================
[2025-07-04T19:30:09.063+0000] {manager.py:997} INFO - 
================================================================================
DAG File Processing Stats

File Path                                       PID    Runtime      # DAGs    # Errors  Last Runtime    Last Run               Last # of DB Queries
----------------------------------------------  -----  ---------  --------  ----------  --------------  -------------------  ----------------------
/opt/airflow/dags/extract_raw_data_pipeline.py                           1           0  0.51s           2025-07-04T19:29:57                      12
/opt/airflow/dags/dag_test.py                                            1           0  0.16s           2025-07-04T19:29:51                      12
================================================================================
[2025-07-04T19:30:39.530+0000] {manager.py:997} INFO - 
================================================================================
DAG File Processing Stats

File Path                                       PID    Runtime      # DAGs    # Errors  Last Runtime    Last Run               Last # of DB Queries
----------------------------------------------  -----  ---------  --------  ----------  --------------  -------------------  ----------------------
/opt/airflow/dags/extract_raw_data_pipeline.py                           1           0  0.39s           2025-07-04T19:30:27                      12
/opt/airflow/dags/dag_test.py                                            1           0  0.13s           2025-07-04T19:30:22                      12
================================================================================
[2025-07-04T19:31:09.993+0000] {manager.py:997} INFO - 
================================================================================
DAG File Processing Stats

File Path                                       PID    Runtime      # DAGs    # Errors  Last Runtime    Last Run               Last # of DB Queries
----------------------------------------------  -----  ---------  --------  ----------  --------------  -------------------  ----------------------
/opt/airflow/dags/extract_raw_data_pipeline.py                           1           0  0.48s           2025-07-04T19:30:58                      12
/opt/airflow/dags/dag_test.py                                            1           0  0.12s           2025-07-04T19:30:52                      12
================================================================================
[2025-07-04T19:31:40.558+0000] {manager.py:997} INFO - 
================================================================================
DAG File Processing Stats

File Path                                       PID    Runtime      # DAGs    # Errors  Last Runtime    Last Run               Last # of DB Queries
----------------------------------------------  -----  ---------  --------  ----------  --------------  -------------------  ----------------------
/opt/airflow/dags/extract_raw_data_pipeline.py                           1           0  0.39s           2025-07-04T19:31:29                      12
/opt/airflow/dags/dag_test.py                                            1           0  0.12s           2025-07-04T19:31:23                      12
================================================================================
[2025-07-04T19:32:11.094+0000] {manager.py:997} INFO - 
================================================================================
DAG File Processing Stats

File Path                                       PID    Runtime      # DAGs    # Errors  Last Runtime    Last Run               Last # of DB Queries
----------------------------------------------  -----  ---------  --------  ----------  --------------  -------------------  ----------------------
/opt/airflow/dags/extract_raw_data_pipeline.py                           1           0  0.44s           2025-07-04T19:32:00                      12
/opt/airflow/dags/dag_test.py                                            1           0  0.15s           2025-07-04T19:31:53                      12
================================================================================
[2025-07-04T19:32:22.203+0000] {manager.py:821} INFO - Searching for files in /opt/airflow/dags
[2025-07-04T19:32:22.227+0000] {manager.py:824} INFO - There are 2 files in /opt/airflow/dags
[2025-07-04T19:32:41.605+0000] {manager.py:997} INFO - 
================================================================================
DAG File Processing Stats

File Path                                       PID    Runtime      # DAGs    # Errors  Last Runtime    Last Run               Last # of DB Queries
----------------------------------------------  -----  ---------  --------  ----------  --------------  -------------------  ----------------------
/opt/airflow/dags/extract_raw_data_pipeline.py                           1           0  0.39s           2025-07-04T19:32:30                      12
/opt/airflow/dags/dag_test.py                                            1           0  0.12s           2025-07-04T19:32:24                      12
================================================================================
[2025-07-04T19:33:12.055+0000] {manager.py:997} INFO - 
================================================================================
DAG File Processing Stats

File Path                                       PID    Runtime      # DAGs    # Errors  Last Runtime    Last Run               Last # of DB Queries
----------------------------------------------  -----  ---------  --------  ----------  --------------  -------------------  ----------------------
/opt/airflow/dags/extract_raw_data_pipeline.py                           1           0  0.39s           2025-07-04T19:33:01                      12
/opt/airflow/dags/dag_test.py                                            1           0  0.14s           2025-07-04T19:32:54                      12
================================================================================
[2025-07-04T19:33:42.154+0000] {manager.py:997} INFO - 
================================================================================
DAG File Processing Stats

File Path                                       PID    Runtime      # DAGs    # Errors  Last Runtime    Last Run               Last # of DB Queries
----------------------------------------------  -----  ---------  --------  ----------  --------------  -------------------  ----------------------
/opt/airflow/dags/extract_raw_data_pipeline.py                           1           0  0.39s           2025-07-04T19:33:32                      12
/opt/airflow/dags/dag_test.py                                            1           0  0.26s           2025-07-04T19:33:25                      12
================================================================================
[2025-07-04T19:34:12.540+0000] {manager.py:997} INFO - 
================================================================================
DAG File Processing Stats

File Path                                       PID    Runtime      # DAGs    # Errors  Last Runtime    Last Run               Last # of DB Queries
----------------------------------------------  -----  ---------  --------  ----------  --------------  -------------------  ----------------------
/opt/airflow/dags/extract_raw_data_pipeline.py                           1           0  1.03s           2025-07-04T19:34:03                      12
/opt/airflow/dags/dag_test.py                                            1           0  0.13s           2025-07-04T19:33:56                      12
================================================================================
[2025-07-04T19:34:43.019+0000] {manager.py:997} INFO - 
================================================================================
DAG File Processing Stats

File Path                                       PID    Runtime      # DAGs    # Errors  Last Runtime    Last Run               Last # of DB Queries
----------------------------------------------  -----  ---------  --------  ----------  --------------  -------------------  ----------------------
/opt/airflow/dags/extract_raw_data_pipeline.py                           1           0  0.45s           2025-07-04T19:34:34                      12
/opt/airflow/dags/dag_test.py                                            1           0  0.14s           2025-07-04T19:34:26                      12
================================================================================
[2025-07-04T19:35:13.470+0000] {manager.py:997} INFO - 
================================================================================
DAG File Processing Stats

File Path                                       PID    Runtime      # DAGs    # Errors  Last Runtime    Last Run               Last # of DB Queries
----------------------------------------------  -----  ---------  --------  ----------  --------------  -------------------  ----------------------
/opt/airflow/dags/extract_raw_data_pipeline.py                           1           0  0.47s           2025-07-04T19:35:04                      12
/opt/airflow/dags/dag_test.py                                            1           0  0.14s           2025-07-04T19:34:57                      12
================================================================================
[2025-07-04T19:35:43.871+0000] {manager.py:997} INFO - 
================================================================================
DAG File Processing Stats

File Path                                       PID    Runtime      # DAGs    # Errors  Last Runtime    Last Run               Last # of DB Queries
----------------------------------------------  -----  ---------  --------  ----------  --------------  -------------------  ----------------------
/opt/airflow/dags/extract_raw_data_pipeline.py                           1           0  0.46s           2025-07-04T19:35:36                      12
/opt/airflow/dags/dag_test.py                                            1           0  0.12s           2025-07-04T19:35:27                      12
================================================================================
[2025-07-04T19:36:14.369+0000] {manager.py:997} INFO - 
================================================================================
DAG File Processing Stats

File Path                                       PID    Runtime      # DAGs    # Errors  Last Runtime    Last Run               Last # of DB Queries
----------------------------------------------  -----  ---------  --------  ----------  --------------  -------------------  ----------------------
/opt/airflow/dags/extract_raw_data_pipeline.py                           1           0  0.40s           2025-07-04T19:36:06                      12
/opt/airflow/dags/dag_test.py                                            1           0  0.12s           2025-07-04T19:35:58                      12
================================================================================
[2025-07-04T19:36:44.389+0000] {manager.py:997} INFO - 
================================================================================
DAG File Processing Stats

File Path                                       PID    Runtime      # DAGs    # Errors  Last Runtime    Last Run               Last # of DB Queries
----------------------------------------------  -----  ---------  --------  ----------  --------------  -------------------  ----------------------
/opt/airflow/dags/extract_raw_data_pipeline.py                           1           0  0.55s           2025-07-04T19:36:37                      12
/opt/airflow/dags/dag_test.py                                            1           0  0.15s           2025-07-04T19:36:28                      12
================================================================================
[2025-07-04T19:37:14.527+0000] {manager.py:997} INFO - 
================================================================================
DAG File Processing Stats

File Path                                       PID    Runtime      # DAGs    # Errors  Last Runtime    Last Run               Last # of DB Queries
----------------------------------------------  -----  ---------  --------  ----------  --------------  -------------------  ----------------------
/opt/airflow/dags/extract_raw_data_pipeline.py                           1           0  0.38s           2025-07-04T19:37:08                      12
/opt/airflow/dags/dag_test.py                                            1           0  0.12s           2025-07-04T19:36:59                      12
================================================================================
[2025-07-04T19:37:22.321+0000] {manager.py:821} INFO - Searching for files in /opt/airflow/dags
[2025-07-04T19:37:22.356+0000] {manager.py:824} INFO - There are 2 files in /opt/airflow/dags
[2025-07-04T19:37:44.806+0000] {manager.py:997} INFO - 
================================================================================
DAG File Processing Stats

File Path                                       PID    Runtime      # DAGs    # Errors  Last Runtime    Last Run               Last # of DB Queries
----------------------------------------------  -----  ---------  --------  ----------  --------------  -------------------  ----------------------
/opt/airflow/dags/extract_raw_data_pipeline.py                           1           0  0.70s           2025-07-04T19:37:39                      12
/opt/airflow/dags/dag_test.py                                            1           0  0.19s           2025-07-04T19:37:29                      12
================================================================================
[2025-07-04T19:38:15.252+0000] {manager.py:997} INFO - 
================================================================================
DAG File Processing Stats

File Path                                       PID    Runtime      # DAGs    # Errors  Last Runtime    Last Run               Last # of DB Queries
----------------------------------------------  -----  ---------  --------  ----------  --------------  -------------------  ----------------------
/opt/airflow/dags/extract_raw_data_pipeline.py                           1           0  0.48s           2025-07-04T19:38:10                      12
/opt/airflow/dags/dag_test.py                                            1           0  0.13s           2025-07-04T19:38:00                      12
================================================================================
[2025-07-04T19:38:45.727+0000] {manager.py:997} INFO - 
================================================================================
DAG File Processing Stats

File Path                                       PID    Runtime      # DAGs    # Errors  Last Runtime    Last Run               Last # of DB Queries
----------------------------------------------  -----  ---------  --------  ----------  --------------  -------------------  ----------------------
/opt/airflow/dags/extract_raw_data_pipeline.py                           1           0  0.40s           2025-07-04T19:38:41                      12
/opt/airflow/dags/dag_test.py                                            1           0  0.13s           2025-07-04T19:38:30                      12
================================================================================
[2025-07-04T19:39:16.223+0000] {manager.py:997} INFO - 
================================================================================
DAG File Processing Stats

File Path                                       PID    Runtime      # DAGs    # Errors  Last Runtime    Last Run               Last # of DB Queries
----------------------------------------------  -----  ---------  --------  ----------  --------------  -------------------  ----------------------
/opt/airflow/dags/extract_raw_data_pipeline.py                           1           0  0.40s           2025-07-04T19:39:11                      12
/opt/airflow/dags/dag_test.py                                            1           0  0.14s           2025-07-04T19:39:01                      12
================================================================================
[2025-07-04T19:39:46.736+0000] {manager.py:997} INFO - 
================================================================================
DAG File Processing Stats

File Path                                       PID    Runtime      # DAGs    # Errors  Last Runtime    Last Run               Last # of DB Queries
----------------------------------------------  -----  ---------  --------  ----------  --------------  -------------------  ----------------------
/opt/airflow/dags/extract_raw_data_pipeline.py                           1           0  0.40s           2025-07-04T19:39:42                      12
/opt/airflow/dags/dag_test.py                                            1           0  0.20s           2025-07-04T19:39:31                      12
================================================================================
[2025-07-04T19:40:17.186+0000] {manager.py:997} INFO - 
================================================================================
DAG File Processing Stats

File Path                                       PID    Runtime      # DAGs    # Errors  Last Runtime    Last Run               Last # of DB Queries
----------------------------------------------  -----  ---------  --------  ----------  --------------  -------------------  ----------------------
/opt/airflow/dags/extract_raw_data_pipeline.py                           1           0  0.40s           2025-07-04T19:40:12                      12
/opt/airflow/dags/dag_test.py                                            1           0  0.12s           2025-07-04T19:40:02                      12
================================================================================
[2025-07-04T19:40:47.666+0000] {manager.py:997} INFO - 
================================================================================
DAG File Processing Stats

File Path                                       PID    Runtime      # DAGs    # Errors  Last Runtime    Last Run               Last # of DB Queries
----------------------------------------------  -----  ---------  --------  ----------  --------------  -------------------  ----------------------
/opt/airflow/dags/extract_raw_data_pipeline.py                           1           0  0.40s           2025-07-04T19:40:43                      12
/opt/airflow/dags/dag_test.py                                            1           0  0.13s           2025-07-04T19:40:32                      12
================================================================================
[2025-07-04T19:41:18.106+0000] {manager.py:997} INFO - 
================================================================================
DAG File Processing Stats

File Path                                       PID    Runtime      # DAGs    # Errors  Last Runtime    Last Run               Last # of DB Queries
----------------------------------------------  -----  ---------  --------  ----------  --------------  -------------------  ----------------------
/opt/airflow/dags/extract_raw_data_pipeline.py                           1           0  0.50s           2025-07-04T19:41:13                      12
/opt/airflow/dags/dag_test.py                                            1           0  0.13s           2025-07-04T19:41:02                      12
================================================================================
[2025-07-04T19:41:48.585+0000] {manager.py:997} INFO - 
================================================================================
DAG File Processing Stats

File Path                                       PID    Runtime      # DAGs    # Errors  Last Runtime    Last Run               Last # of DB Queries
----------------------------------------------  -----  ---------  --------  ----------  --------------  -------------------  ----------------------
/opt/airflow/dags/extract_raw_data_pipeline.py                           1           0  0.59s           2025-07-04T19:41:44                      12
/opt/airflow/dags/dag_test.py                                            1           0  0.14s           2025-07-04T19:41:33                      12
================================================================================
[2025-07-04T19:42:19.117+0000] {manager.py:997} INFO - 
================================================================================
DAG File Processing Stats

File Path                                       PID    Runtime      # DAGs    # Errors  Last Runtime    Last Run               Last # of DB Queries
----------------------------------------------  -----  ---------  --------  ----------  --------------  -------------------  ----------------------
/opt/airflow/dags/extract_raw_data_pipeline.py                           1           0  0.45s           2025-07-04T19:42:16                      12
/opt/airflow/dags/dag_test.py                                            1           0  0.13s           2025-07-04T19:42:03                      12
================================================================================
[2025-07-04T19:42:22.437+0000] {manager.py:821} INFO - Searching for files in /opt/airflow/dags
[2025-07-04T19:42:22.464+0000] {manager.py:824} INFO - There are 2 files in /opt/airflow/dags
[2025-07-04T19:42:49.577+0000] {manager.py:997} INFO - 
================================================================================
DAG File Processing Stats

File Path                                       PID    Runtime      # DAGs    # Errors  Last Runtime    Last Run               Last # of DB Queries
----------------------------------------------  -----  ---------  --------  ----------  --------------  -------------------  ----------------------
/opt/airflow/dags/extract_raw_data_pipeline.py                           1           0  0.38s           2025-07-04T19:42:46                      12
/opt/airflow/dags/dag_test.py                                            1           0  0.17s           2025-07-04T19:42:34                      12
================================================================================
[2025-07-04T19:43:20.128+0000] {manager.py:997} INFO - 
================================================================================
DAG File Processing Stats

File Path                                       PID    Runtime      # DAGs    # Errors  Last Runtime    Last Run               Last # of DB Queries
----------------------------------------------  -----  ---------  --------  ----------  --------------  -------------------  ----------------------
/opt/airflow/dags/extract_raw_data_pipeline.py                           1           0  0.54s           2025-07-04T19:43:17                      12
/opt/airflow/dags/dag_test.py                                            1           0  0.25s           2025-07-04T19:43:04                      12
================================================================================
[2025-07-04T19:43:50.617+0000] {manager.py:997} INFO - 
================================================================================
DAG File Processing Stats

File Path                                       PID    Runtime      # DAGs    # Errors  Last Runtime    Last Run               Last # of DB Queries
----------------------------------------------  -----  ---------  --------  ----------  --------------  -------------------  ----------------------
/opt/airflow/dags/extract_raw_data_pipeline.py                           1           0  0.49s           2025-07-04T19:43:48                      12
/opt/airflow/dags/dag_test.py                                            1           0  0.17s           2025-07-04T19:43:35                      12
================================================================================
[2025-07-04T19:44:21.025+0000] {manager.py:997} INFO - 
================================================================================
DAG File Processing Stats

File Path                                       PID    Runtime      # DAGs    # Errors  Last Runtime    Last Run               Last # of DB Queries
----------------------------------------------  -----  ---------  --------  ----------  --------------  -------------------  ----------------------
/opt/airflow/dags/extract_raw_data_pipeline.py                           1           0  0.39s           2025-07-04T19:44:19                      12
/opt/airflow/dags/dag_test.py                                            1           0  0.12s           2025-07-04T19:44:05                      12
================================================================================
[2025-07-04T19:44:51.433+0000] {manager.py:997} INFO - 
================================================================================
DAG File Processing Stats

File Path                                       PID    Runtime      # DAGs    # Errors  Last Runtime    Last Run               Last # of DB Queries
----------------------------------------------  -----  ---------  --------  ----------  --------------  -------------------  ----------------------
/opt/airflow/dags/extract_raw_data_pipeline.py                           1           0  0.42s           2025-07-04T19:44:49                      12
/opt/airflow/dags/dag_test.py                                            1           0  0.12s           2025-07-04T19:44:36                      12
================================================================================
[2025-07-04T19:45:21.880+0000] {manager.py:997} INFO - 
================================================================================
DAG File Processing Stats

File Path                                       PID    Runtime      # DAGs    # Errors  Last Runtime    Last Run               Last # of DB Queries
----------------------------------------------  -----  ---------  --------  ----------  --------------  -------------------  ----------------------
/opt/airflow/dags/extract_raw_data_pipeline.py                           1           0  0.37s           2025-07-04T19:45:20                      12
/opt/airflow/dags/dag_test.py                                            1           0  0.12s           2025-07-04T19:45:06                      12
================================================================================
[2025-07-04T19:45:52.191+0000] {manager.py:997} INFO - 
================================================================================
DAG File Processing Stats

File Path                                       PID    Runtime      # DAGs    # Errors  Last Runtime    Last Run               Last # of DB Queries
----------------------------------------------  -----  ---------  --------  ----------  --------------  -------------------  ----------------------
/opt/airflow/dags/extract_raw_data_pipeline.py                           1           0  0.90s           2025-07-04T19:45:51                      12
/opt/airflow/dags/dag_test.py                                            1           0  0.11s           2025-07-04T19:45:37                      12
================================================================================
[2025-07-04T19:46:22.604+0000] {manager.py:997} INFO - 
================================================================================
DAG File Processing Stats

File Path                                       PID    Runtime      # DAGs    # Errors  Last Runtime    Last Run               Last # of DB Queries
----------------------------------------------  -----  ---------  --------  ----------  --------------  -------------------  ----------------------
/opt/airflow/dags/extract_raw_data_pipeline.py                           1           0  0.53s           2025-07-04T19:46:22                      12
/opt/airflow/dags/dag_test.py                                            1           0  0.15s           2025-07-04T19:46:07                      12
================================================================================
[2025-07-04T19:46:52.932+0000] {manager.py:997} INFO - 
================================================================================
DAG File Processing Stats

File Path                                         PID  Runtime      # DAGs    # Errors  Last Runtime    Last Run               Last # of DB Queries
----------------------------------------------  -----  ---------  --------  ----------  --------------  -------------------  ----------------------
/opt/airflow/dags/extract_raw_data_pipeline.py    788  0.00s             1           0  0.53s           2025-07-04T19:46:22                      12
/opt/airflow/dags/dag_test.py                                            1           0  0.13s           2025-07-04T19:46:37                      12
================================================================================
[2025-07-04T19:47:22.504+0000] {manager.py:821} INFO - Searching for files in /opt/airflow/dags
[2025-07-04T19:47:22.533+0000] {manager.py:824} INFO - There are 2 files in /opt/airflow/dags
[2025-07-04T19:47:23.570+0000] {manager.py:997} INFO - 
================================================================================
DAG File Processing Stats

File Path                                         PID  Runtime      # DAGs    # Errors  Last Runtime    Last Run               Last # of DB Queries
----------------------------------------------  -----  ---------  --------  ----------  --------------  -------------------  ----------------------
/opt/airflow/dags/extract_raw_data_pipeline.py    797  0.00s             1           0  0.42s           2025-07-04T19:46:53                      12
/opt/airflow/dags/dag_test.py                                            1           0  0.19s           2025-07-04T19:47:08                      12
================================================================================
[2025-07-04T19:47:53.888+0000] {manager.py:997} INFO - 
================================================================================
DAG File Processing Stats

File Path                                       PID    Runtime      # DAGs    # Errors  Last Runtime    Last Run               Last # of DB Queries
----------------------------------------------  -----  ---------  --------  ----------  --------------  -------------------  ----------------------
/opt/airflow/dags/extract_raw_data_pipeline.py                           1           0  0.40s           2025-07-04T19:47:23                      12
/opt/airflow/dags/dag_test.py                                            1           0  0.13s           2025-07-04T19:47:38                      12
================================================================================
[2025-07-04T19:48:24.320+0000] {manager.py:997} INFO - 
================================================================================
DAG File Processing Stats

File Path                                       PID    Runtime      # DAGs    # Errors  Last Runtime    Last Run               Last # of DB Queries
----------------------------------------------  -----  ---------  --------  ----------  --------------  -------------------  ----------------------
/opt/airflow/dags/extract_raw_data_pipeline.py                           1           0  0.50s           2025-07-04T19:47:54                      12
/opt/airflow/dags/dag_test.py                                            1           0  0.15s           2025-07-04T19:48:09                      12
================================================================================
[2025-07-04T19:48:54.758+0000] {manager.py:997} INFO - 
================================================================================
DAG File Processing Stats

File Path                                       PID    Runtime      # DAGs    # Errors  Last Runtime    Last Run               Last # of DB Queries
----------------------------------------------  -----  ---------  --------  ----------  --------------  -------------------  ----------------------
/opt/airflow/dags/extract_raw_data_pipeline.py                           1           0  0.46s           2025-07-04T19:48:25                      12
/opt/airflow/dags/dag_test.py                                            1           0  0.12s           2025-07-04T19:48:39                      12
================================================================================
[2025-07-04T19:49:25.194+0000] {manager.py:997} INFO - 
================================================================================
DAG File Processing Stats

File Path                                       PID    Runtime      # DAGs    # Errors  Last Runtime    Last Run               Last # of DB Queries
----------------------------------------------  -----  ---------  --------  ----------  --------------  -------------------  ----------------------
/opt/airflow/dags/extract_raw_data_pipeline.py                           1           0  0.38s           2025-07-04T19:48:56                      12
/opt/airflow/dags/dag_test.py                                            1           0  0.12s           2025-07-04T19:49:10                      12
================================================================================
[2025-07-04T19:49:55.592+0000] {manager.py:997} INFO - 
================================================================================
DAG File Processing Stats

File Path                                       PID    Runtime      # DAGs    # Errors  Last Runtime    Last Run               Last # of DB Queries
----------------------------------------------  -----  ---------  --------  ----------  --------------  -------------------  ----------------------
/opt/airflow/dags/extract_raw_data_pipeline.py                           1           0  0.46s           2025-07-04T19:49:26                      12
/opt/airflow/dags/dag_test.py                                            1           0  0.13s           2025-07-04T19:49:40                      12
================================================================================
[2025-07-04T19:50:25.963+0000] {manager.py:997} INFO - 
================================================================================
DAG File Processing Stats

File Path                                       PID    Runtime      # DAGs    # Errors  Last Runtime    Last Run               Last # of DB Queries
----------------------------------------------  -----  ---------  --------  ----------  --------------  -------------------  ----------------------
/opt/airflow/dags/extract_raw_data_pipeline.py                           1           0  0.78s           2025-07-04T19:49:58                      12
/opt/airflow/dags/dag_test.py                                            1           0  0.13s           2025-07-04T19:50:10                      12
================================================================================
[2025-07-04T19:50:56.389+0000] {manager.py:997} INFO - 
================================================================================
DAG File Processing Stats

File Path                                       PID    Runtime      # DAGs    # Errors  Last Runtime    Last Run               Last # of DB Queries
----------------------------------------------  -----  ---------  --------  ----------  --------------  -------------------  ----------------------
/opt/airflow/dags/extract_raw_data_pipeline.py                           1           0  0.38s           2025-07-04T19:50:29                      12
/opt/airflow/dags/dag_test.py                                            1           0  0.15s           2025-07-04T19:50:41                      12
================================================================================
[2025-07-04T19:51:26.815+0000] {manager.py:997} INFO - 
================================================================================
DAG File Processing Stats

File Path                                       PID    Runtime      # DAGs    # Errors  Last Runtime    Last Run               Last # of DB Queries
----------------------------------------------  -----  ---------  --------  ----------  --------------  -------------------  ----------------------
/opt/airflow/dags/extract_raw_data_pipeline.py                           1           0  0.43s           2025-07-04T19:50:59                      12
/opt/airflow/dags/dag_test.py                                            1           0  0.16s           2025-07-04T19:51:11                      12
================================================================================
[2025-07-04T19:51:57.211+0000] {manager.py:997} INFO - 
================================================================================
DAG File Processing Stats

File Path                                       PID    Runtime      # DAGs    # Errors  Last Runtime    Last Run               Last # of DB Queries
----------------------------------------------  -----  ---------  --------  ----------  --------------  -------------------  ----------------------
/opt/airflow/dags/extract_raw_data_pipeline.py                           1           0  0.49s           2025-07-04T19:51:30                      12
/opt/airflow/dags/dag_test.py                                            1           0  0.11s           2025-07-04T19:51:42                      12
================================================================================
[2025-07-04T19:52:22.527+0000] {manager.py:821} INFO - Searching for files in /opt/airflow/dags
[2025-07-04T19:52:22.551+0000] {manager.py:824} INFO - There are 2 files in /opt/airflow/dags
[2025-07-04T19:52:27.617+0000] {manager.py:997} INFO - 
================================================================================
DAG File Processing Stats

File Path                                       PID    Runtime      # DAGs    # Errors  Last Runtime    Last Run               Last # of DB Queries
----------------------------------------------  -----  ---------  --------  ----------  --------------  -------------------  ----------------------
/opt/airflow/dags/extract_raw_data_pipeline.py                           1           0  0.40s           2025-07-04T19:52:01                      12
/opt/airflow/dags/dag_test.py                                            1           0  0.15s           2025-07-04T19:52:12                      12
================================================================================
[2025-07-04T19:52:58.132+0000] {manager.py:997} INFO - 
================================================================================
DAG File Processing Stats

File Path                                       PID    Runtime      # DAGs    # Errors  Last Runtime    Last Run               Last # of DB Queries
----------------------------------------------  -----  ---------  --------  ----------  --------------  -------------------  ----------------------
/opt/airflow/dags/extract_raw_data_pipeline.py                           1           0  0.38s           2025-07-04T19:52:32                      12
/opt/airflow/dags/dag_test.py                                            1           0  0.28s           2025-07-04T19:52:43                      12
================================================================================
[2025-07-04T19:53:28.618+0000] {manager.py:997} INFO - 
================================================================================
DAG File Processing Stats

File Path                                       PID    Runtime      # DAGs    # Errors  Last Runtime    Last Run               Last # of DB Queries
----------------------------------------------  -----  ---------  --------  ----------  --------------  -------------------  ----------------------
/opt/airflow/dags/extract_raw_data_pipeline.py                           1           0  0.50s           2025-07-04T19:53:02                      12
/opt/airflow/dags/dag_test.py                                            1           0  0.15s           2025-07-04T19:53:13                      12
================================================================================
[2025-07-04T19:53:59.139+0000] {manager.py:997} INFO - 
================================================================================
DAG File Processing Stats

File Path                                       PID    Runtime      # DAGs    # Errors  Last Runtime    Last Run               Last # of DB Queries
----------------------------------------------  -----  ---------  --------  ----------  --------------  -------------------  ----------------------
/opt/airflow/dags/extract_raw_data_pipeline.py                           1           0  0.49s           2025-07-04T19:53:33                      12
/opt/airflow/dags/dag_test.py                                            1           0  0.12s           2025-07-04T19:53:44                      12
================================================================================
[2025-07-04T19:54:29.566+0000] {manager.py:997} INFO - 
================================================================================
DAG File Processing Stats

File Path                                       PID    Runtime      # DAGs    # Errors  Last Runtime    Last Run               Last # of DB Queries
----------------------------------------------  -----  ---------  --------  ----------  --------------  -------------------  ----------------------
/opt/airflow/dags/extract_raw_data_pipeline.py                           1           0  0.43s           2025-07-04T19:54:04                      12
/opt/airflow/dags/dag_test.py                                            1           0  0.17s           2025-07-04T19:54:14                      12
================================================================================
[2025-07-04T19:55:00.055+0000] {manager.py:997} INFO - 
================================================================================
DAG File Processing Stats

File Path                                       PID    Runtime      # DAGs    # Errors  Last Runtime    Last Run               Last # of DB Queries
----------------------------------------------  -----  ---------  --------  ----------  --------------  -------------------  ----------------------
/opt/airflow/dags/extract_raw_data_pipeline.py                           1           0  0.47s           2025-07-04T19:54:35                      12
/opt/airflow/dags/dag_test.py                                            1           0  0.15s           2025-07-04T19:54:45                      12
================================================================================
[2025-07-04T19:55:30.547+0000] {manager.py:997} INFO - 
================================================================================
DAG File Processing Stats

File Path                                       PID    Runtime      # DAGs    # Errors  Last Runtime    Last Run               Last # of DB Queries
----------------------------------------------  -----  ---------  --------  ----------  --------------  -------------------  ----------------------
/opt/airflow/dags/extract_raw_data_pipeline.py                           1           0  0.49s           2025-07-04T19:55:05                      12
/opt/airflow/dags/dag_test.py                                            1           0  0.12s           2025-07-04T19:55:15                      12
================================================================================
[2025-07-04T19:56:00.992+0000] {manager.py:997} INFO - 
================================================================================
DAG File Processing Stats

File Path                                       PID    Runtime      # DAGs    # Errors  Last Runtime    Last Run               Last # of DB Queries
----------------------------------------------  -----  ---------  --------  ----------  --------------  -------------------  ----------------------
/opt/airflow/dags/extract_raw_data_pipeline.py                           1           0  0.53s           2025-07-04T19:55:37                      12
/opt/airflow/dags/dag_test.py                                            1           0  0.13s           2025-07-04T19:55:45                      12
================================================================================
[2025-07-04T19:56:31.536+0000] {manager.py:997} INFO - 
================================================================================
DAG File Processing Stats

File Path                                       PID    Runtime      # DAGs    # Errors  Last Runtime    Last Run               Last # of DB Queries
----------------------------------------------  -----  ---------  --------  ----------  --------------  -------------------  ----------------------
/opt/airflow/dags/extract_raw_data_pipeline.py                           1           0  0.42s           2025-07-04T19:56:07                      12
/opt/airflow/dags/dag_test.py                                            1           0  0.31s           2025-07-04T19:56:16                      12
================================================================================
[2025-07-04T19:57:02.289+0000] {manager.py:997} INFO - 
================================================================================
DAG File Processing Stats

File Path                                       PID    Runtime      # DAGs    # Errors  Last Runtime    Last Run               Last # of DB Queries
----------------------------------------------  -----  ---------  --------  ----------  --------------  -------------------  ----------------------
/opt/airflow/dags/extract_raw_data_pipeline.py                           1           0  0.40s           2025-07-04T19:56:38                      12
/opt/airflow/dags/dag_test.py                                            1           0  0.22s           2025-07-04T19:56:47                      12
================================================================================
[2025-07-04T19:57:22.664+0000] {manager.py:821} INFO - Searching for files in /opt/airflow/dags
[2025-07-04T19:57:22.690+0000] {manager.py:824} INFO - There are 2 files in /opt/airflow/dags
[2025-07-04T19:57:32.627+0000] {manager.py:997} INFO - 
================================================================================
DAG File Processing Stats

File Path                                       PID    Runtime      # DAGs    # Errors  Last Runtime    Last Run               Last # of DB Queries
----------------------------------------------  -----  ---------  --------  ----------  --------------  -------------------  ----------------------
/opt/airflow/dags/extract_raw_data_pipeline.py                           1           0  0.45s           2025-07-04T19:57:08                      12
/opt/airflow/dags/dag_test.py                                            1           0  0.16s           2025-07-04T19:57:17                      12
================================================================================
[2025-07-04T19:58:03.095+0000] {manager.py:997} INFO - 
================================================================================
DAG File Processing Stats

File Path                                       PID    Runtime      # DAGs    # Errors  Last Runtime    Last Run               Last # of DB Queries
----------------------------------------------  -----  ---------  --------  ----------  --------------  -------------------  ----------------------
/opt/airflow/dags/extract_raw_data_pipeline.py                           1           0  0.51s           2025-07-04T19:57:39                      12
/opt/airflow/dags/dag_test.py                                            1           0  0.14s           2025-07-04T19:57:48                      12
================================================================================
[2025-07-04T19:58:33.269+0000] {manager.py:997} INFO - 
================================================================================
DAG File Processing Stats

File Path                                       PID    Runtime      # DAGs    # Errors  Last Runtime    Last Run               Last # of DB Queries
----------------------------------------------  -----  ---------  --------  ----------  --------------  -------------------  ----------------------
/opt/airflow/dags/extract_raw_data_pipeline.py                           1           0  0.37s           2025-07-04T19:58:10                      12
/opt/airflow/dags/dag_test.py                                            1           0  0.15s           2025-07-04T19:58:18                      12
================================================================================
[2025-07-04T19:59:03.746+0000] {manager.py:997} INFO - 
================================================================================
DAG File Processing Stats

File Path                                       PID    Runtime      # DAGs    # Errors  Last Runtime    Last Run               Last # of DB Queries
----------------------------------------------  -----  ---------  --------  ----------  --------------  -------------------  ----------------------
/opt/airflow/dags/extract_raw_data_pipeline.py                           1           0  2.57s           2025-07-04T19:58:43                      12
/opt/airflow/dags/dag_test.py                                            1           0  0.17s           2025-07-04T19:58:48                      12
================================================================================
[2025-07-04T19:59:34.266+0000] {manager.py:997} INFO - 
================================================================================
DAG File Processing Stats

File Path                                       PID    Runtime      # DAGs    # Errors  Last Runtime    Last Run               Last # of DB Queries
----------------------------------------------  -----  ---------  --------  ----------  --------------  -------------------  ----------------------
/opt/airflow/dags/extract_raw_data_pipeline.py                           1           0  0.77s           2025-07-04T19:59:14                      12
/opt/airflow/dags/dag_test.py                                            1           0  0.26s           2025-07-04T19:59:19                      12
================================================================================
[2025-07-04T19:59:52.921+0000] {manager.py:465} INFO - Exiting gracefully upon receiving signal 15
[2025-07-04T20:01:24.703+0000] {manager.py:483} INFO - Processing files using up to 2 processes at a time 
[2025-07-04T20:01:24.704+0000] {manager.py:484} INFO - Process each file at most once every 30 seconds
[2025-07-04T20:01:24.705+0000] {manager.py:485} INFO - Checking for new files in /opt/airflow/dags every 300 seconds
[2025-07-04T20:01:24.706+0000] {manager.py:821} INFO - Searching for files in /opt/airflow/dags
[2025-07-04T20:01:24.746+0000] {manager.py:824} INFO - There are 2 files in /opt/airflow/dags
[2025-07-04T20:01:25.547+0000] {manager.py:997} INFO - 
================================================================================
DAG File Processing Stats

File Path                                         PID  Runtime      # DAGs    # Errors  Last Runtime    Last Run      Last # of DB Queries
----------------------------------------------  -----  ---------  --------  ----------  --------------  ----------  ----------------------
/opt/airflow/dags/dag_test.py                      87  0.59s             0           0                                                   0
/opt/airflow/dags/extract_raw_data_pipeline.py     88  0.08s             0           0                                                   0
================================================================================
[2025-07-04T20:01:58.435+0000] {manager.py:997} INFO - 
================================================================================
DAG File Processing Stats

File Path                                         PID  Runtime      # DAGs    # Errors  Last Runtime    Last Run               Last # of DB Queries
----------------------------------------------  -----  ---------  --------  ----------  --------------  -------------------  ----------------------
/opt/airflow/dags/extract_raw_data_pipeline.py                           1           0  9.14s           2025-07-04T20:01:34                      12
/opt/airflow/dags/dag_test.py                      95  0.01s             1           0  0.69s           2025-07-04T20:01:25                      12
================================================================================
[2025-07-04T20:02:28.985+0000] {manager.py:997} INFO - 
================================================================================
DAG File Processing Stats

File Path                                       PID    Runtime      # DAGs    # Errors  Last Runtime    Last Run               Last # of DB Queries
----------------------------------------------  -----  ---------  --------  ----------  --------------  -------------------  ----------------------
/opt/airflow/dags/extract_raw_data_pipeline.py                           1           0  8.32s           2025-07-04T20:02:12                      12
/opt/airflow/dags/dag_test.py                                            1           0  2.55s           2025-07-04T20:01:59                      12
================================================================================
[2025-07-04T20:03:00.439+0000] {manager.py:997} INFO - 
================================================================================
DAG File Processing Stats

File Path                                       PID    Runtime      # DAGs    # Errors  Last Runtime    Last Run               Last # of DB Queries
----------------------------------------------  -----  ---------  --------  ----------  --------------  -------------------  ----------------------
/opt/airflow/dags/extract_raw_data_pipeline.py                           1           0  2.77s           2025-07-04T20:02:46                      12
/opt/airflow/dags/dag_test.py                                            1           0  0.94s           2025-07-04T20:02:31                      12
================================================================================
[2025-07-04T20:03:30.869+0000] {manager.py:997} INFO - 
================================================================================
DAG File Processing Stats

File Path                                       PID    Runtime      # DAGs    # Errors  Last Runtime    Last Run               Last # of DB Queries
----------------------------------------------  -----  ---------  --------  ----------  --------------  -------------------  ----------------------
/opt/airflow/dags/dag_test.py                                            1           0  0.83s           2025-07-04T20:03:02                      12
/opt/airflow/dags/extract_raw_data_pipeline.py                           1           0  0.66s           2025-07-04T20:03:17                      12
================================================================================
[2025-07-04T20:04:01.410+0000] {manager.py:997} INFO - 
================================================================================
DAG File Processing Stats

File Path                                       PID    Runtime      # DAGs    # Errors  Last Runtime    Last Run               Last # of DB Queries
----------------------------------------------  -----  ---------  --------  ----------  --------------  -------------------  ----------------------
/opt/airflow/dags/extract_raw_data_pipeline.py                           1           0  1.29s           2025-07-04T20:03:48                      12
/opt/airflow/dags/dag_test.py                                            1           0  0.20s           2025-07-04T20:03:33                      12
================================================================================
[2025-07-04T20:04:31.417+0000] {manager.py:997} INFO - 
================================================================================
DAG File Processing Stats

File Path                                       PID    Runtime      # DAGs    # Errors  Last Runtime    Last Run               Last # of DB Queries
----------------------------------------------  -----  ---------  --------  ----------  --------------  -------------------  ----------------------
/opt/airflow/dags/extract_raw_data_pipeline.py                           1           0  0.70s           2025-07-04T20:04:19                      12
/opt/airflow/dags/dag_test.py                                            1           0  0.12s           2025-07-04T20:04:03                      12
================================================================================
[2025-07-04T20:05:01.743+0000] {manager.py:997} INFO - 
================================================================================
DAG File Processing Stats

File Path                                       PID    Runtime      # DAGs    # Errors  Last Runtime    Last Run               Last # of DB Queries
----------------------------------------------  -----  ---------  --------  ----------  --------------  -------------------  ----------------------
/opt/airflow/dags/extract_raw_data_pipeline.py                           1           0  0.56s           2025-07-04T20:04:50                      12
/opt/airflow/dags/dag_test.py                                            1           0  0.12s           2025-07-04T20:04:33                      12
================================================================================
[2025-07-04T20:05:31.765+0000] {manager.py:997} INFO - 
================================================================================
DAG File Processing Stats

File Path                                       PID    Runtime      # DAGs    # Errors  Last Runtime    Last Run               Last # of DB Queries
----------------------------------------------  -----  ---------  --------  ----------  --------------  -------------------  ----------------------
/opt/airflow/dags/extract_raw_data_pipeline.py                           1           0  0.64s           2025-07-04T20:05:21                      12
/opt/airflow/dags/dag_test.py                                            1           0  0.12s           2025-07-04T20:05:04                      12
================================================================================
[2025-07-04T20:06:02.106+0000] {manager.py:997} INFO - 
================================================================================
DAG File Processing Stats

File Path                                       PID    Runtime      # DAGs    # Errors  Last Runtime    Last Run               Last # of DB Queries
----------------------------------------------  -----  ---------  --------  ----------  --------------  -------------------  ----------------------
/opt/airflow/dags/dag_test.py                                            1           0  2.46s           2025-07-04T20:05:37                      12
/opt/airflow/dags/extract_raw_data_pipeline.py                           1           0  0.96s           2025-07-04T20:05:52                      12
================================================================================
[2025-07-04T20:06:25.003+0000] {manager.py:821} INFO - Searching for files in /opt/airflow/dags
[2025-07-04T20:06:25.042+0000] {manager.py:824} INFO - There are 2 files in /opt/airflow/dags
[2025-07-04T20:06:32.139+0000] {manager.py:997} INFO - 
================================================================================
DAG File Processing Stats

File Path                                       PID    Runtime      # DAGs    # Errors  Last Runtime    Last Run               Last # of DB Queries
----------------------------------------------  -----  ---------  --------  ----------  --------------  -------------------  ----------------------
/opt/airflow/dags/extract_raw_data_pipeline.py                           1           0  0.66s           2025-07-04T20:06:23                      12
/opt/airflow/dags/dag_test.py                                            1           0  0.41s           2025-07-04T20:06:08                      12
================================================================================
[2025-07-04T20:07:02.609+0000] {manager.py:997} INFO - 
================================================================================
DAG File Processing Stats

File Path                                       PID    Runtime      # DAGs    # Errors  Last Runtime    Last Run               Last # of DB Queries
----------------------------------------------  -----  ---------  --------  ----------  --------------  -------------------  ----------------------
/opt/airflow/dags/extract_raw_data_pipeline.py                           1           0  0.48s           2025-07-04T20:06:54                      12
/opt/airflow/dags/dag_test.py                                            1           0  0.31s           2025-07-04T20:06:38                      12
================================================================================
[2025-07-04T20:07:32.669+0000] {manager.py:997} INFO - 
================================================================================
DAG File Processing Stats

File Path                                       PID    Runtime      # DAGs    # Errors  Last Runtime    Last Run               Last # of DB Queries
----------------------------------------------  -----  ---------  --------  ----------  --------------  -------------------  ----------------------
/opt/airflow/dags/extract_raw_data_pipeline.py                           1           0  0.50s           2025-07-04T20:07:25                      12
/opt/airflow/dags/dag_test.py                                            1           0  0.19s           2025-07-04T20:07:09                      12
================================================================================
[2025-07-04T20:08:03.102+0000] {manager.py:997} INFO - 
================================================================================
DAG File Processing Stats

File Path                                       PID    Runtime      # DAGs    # Errors  Last Runtime    Last Run               Last # of DB Queries
----------------------------------------------  -----  ---------  --------  ----------  --------------  -------------------  ----------------------
/opt/airflow/dags/extract_raw_data_pipeline.py                           1           0  0.53s           2025-07-04T20:07:56                      12
/opt/airflow/dags/dag_test.py                                            1           0  0.11s           2025-07-04T20:07:39                      12
================================================================================
[2025-07-04T20:08:33.387+0000] {manager.py:997} INFO - 
================================================================================
DAG File Processing Stats

File Path                                       PID    Runtime      # DAGs    # Errors  Last Runtime    Last Run               Last # of DB Queries
----------------------------------------------  -----  ---------  --------  ----------  --------------  -------------------  ----------------------
/opt/airflow/dags/extract_raw_data_pipeline.py                           1           0  0.64s           2025-07-04T20:08:27                      12
/opt/airflow/dags/dag_test.py                                            1           0  0.31s           2025-07-04T20:08:10                      12
================================================================================
[2025-07-04T20:09:04.167+0000] {manager.py:997} INFO - 
================================================================================
DAG File Processing Stats

File Path                                       PID    Runtime      # DAGs    # Errors  Last Runtime    Last Run               Last # of DB Queries
----------------------------------------------  -----  ---------  --------  ----------  --------------  -------------------  ----------------------
/opt/airflow/dags/extract_raw_data_pipeline.py                           1           0  0.75s           2025-07-04T20:08:58                      12
/opt/airflow/dags/dag_test.py                                            1           0  0.31s           2025-07-04T20:08:41                      12
================================================================================
[2025-07-04T20:09:34.805+0000] {manager.py:997} INFO - 
================================================================================
DAG File Processing Stats

File Path                                       PID    Runtime      # DAGs    # Errors  Last Runtime    Last Run               Last # of DB Queries
----------------------------------------------  -----  ---------  --------  ----------  --------------  -------------------  ----------------------
/opt/airflow/dags/extract_raw_data_pipeline.py                           1           0  0.53s           2025-07-04T20:09:29                      12
/opt/airflow/dags/dag_test.py                                            1           0  0.25s           2025-07-04T20:09:11                      12
================================================================================
[2025-07-04T20:10:05.238+0000] {manager.py:997} INFO - 
================================================================================
DAG File Processing Stats

File Path                                       PID    Runtime      # DAGs    # Errors  Last Runtime    Last Run               Last # of DB Queries
----------------------------------------------  -----  ---------  --------  ----------  --------------  -------------------  ----------------------
/opt/airflow/dags/extract_raw_data_pipeline.py                           1           0  0.58s           2025-07-04T20:09:59                      12
/opt/airflow/dags/dag_test.py                                            1           0  0.13s           2025-07-04T20:09:42                      12
================================================================================
[2025-07-04T20:10:35.709+0000] {manager.py:997} INFO - 
================================================================================
DAG File Processing Stats

File Path                                       PID    Runtime      # DAGs    # Errors  Last Runtime    Last Run               Last # of DB Queries
----------------------------------------------  -----  ---------  --------  ----------  --------------  -------------------  ----------------------
/opt/airflow/dags/extract_raw_data_pipeline.py                           1           0  0.51s           2025-07-04T20:10:31                      12
/opt/airflow/dags/dag_test.py                                            1           0  0.12s           2025-07-04T20:10:12                      12
================================================================================
[2025-07-04T20:11:05.894+0000] {manager.py:997} INFO - 
================================================================================
DAG File Processing Stats

File Path                                       PID    Runtime      # DAGs    # Errors  Last Runtime    Last Run               Last # of DB Queries
----------------------------------------------  -----  ---------  --------  ----------  --------------  -------------------  ----------------------
/opt/airflow/dags/extract_raw_data_pipeline.py                           1           0  1.74s           2025-07-04T20:11:02                      12
/opt/airflow/dags/dag_test.py                                            1           0  0.11s           2025-07-04T20:10:42                      12
================================================================================
[2025-07-04T20:11:25.115+0000] {manager.py:821} INFO - Searching for files in /opt/airflow/dags
[2025-07-04T20:11:25.142+0000] {manager.py:824} INFO - There are 2 files in /opt/airflow/dags
[2025-07-04T20:11:36.060+0000] {manager.py:997} INFO - 
================================================================================
DAG File Processing Stats

File Path                                       PID    Runtime      # DAGs    # Errors  Last Runtime    Last Run               Last # of DB Queries
----------------------------------------------  -----  ---------  --------  ----------  --------------  -------------------  ----------------------
/opt/airflow/dags/extract_raw_data_pipeline.py                           1           0  2.81s           2025-07-04T20:11:36                      12
/opt/airflow/dags/dag_test.py                                            1           0  0.24s           2025-07-04T20:11:13                      12
================================================================================
[2025-07-04T20:12:06.082+0000] {manager.py:997} INFO - 
================================================================================
DAG File Processing Stats

File Path                                         PID  Runtime      # DAGs    # Errors  Last Runtime    Last Run               Last # of DB Queries
----------------------------------------------  -----  ---------  --------  ----------  --------------  -------------------  ----------------------
/opt/airflow/dags/extract_raw_data_pipeline.py    269  0.01s             1           0  2.81s           2025-07-04T20:11:36                      12
/opt/airflow/dags/dag_test.py                                            1           0  0.27s           2025-07-04T20:11:43                      12
================================================================================
[2025-07-04T20:12:36.427+0000] {manager.py:997} INFO - 
================================================================================
DAG File Processing Stats

File Path                                       PID    Runtime      # DAGs    # Errors  Last Runtime    Last Run               Last # of DB Queries
----------------------------------------------  -----  ---------  --------  ----------  --------------  -------------------  ----------------------
/opt/airflow/dags/extract_raw_data_pipeline.py                           1           0  0.59s           2025-07-04T20:12:06                      12
/opt/airflow/dags/dag_test.py                                            1           0  0.26s           2025-07-04T20:12:14                      12
================================================================================
[2025-07-04T20:13:06.960+0000] {manager.py:997} INFO - 
================================================================================
DAG File Processing Stats

File Path                                       PID    Runtime      # DAGs    # Errors  Last Runtime    Last Run               Last # of DB Queries
----------------------------------------------  -----  ---------  --------  ----------  --------------  -------------------  ----------------------
/opt/airflow/dags/extract_raw_data_pipeline.py                           1           0  0.63s           2025-07-04T20:12:38                      12
/opt/airflow/dags/dag_test.py                                            1           0  0.25s           2025-07-04T20:12:44                      12
================================================================================
[2025-07-04T20:13:37.722+0000] {manager.py:997} INFO - 
================================================================================
DAG File Processing Stats

File Path                                       PID    Runtime      # DAGs    # Errors  Last Runtime    Last Run               Last # of DB Queries
----------------------------------------------  -----  ---------  --------  ----------  --------------  -------------------  ----------------------
/opt/airflow/dags/extract_raw_data_pipeline.py                           1           0  0.41s           2025-07-04T20:13:08                      12
/opt/airflow/dags/dag_test.py                                            1           0  0.13s           2025-07-04T20:13:15                      12
================================================================================
[2025-07-04T20:14:08.149+0000] {manager.py:997} INFO - 
================================================================================
DAG File Processing Stats

File Path                                       PID    Runtime      # DAGs    # Errors  Last Runtime    Last Run               Last # of DB Queries
----------------------------------------------  -----  ---------  --------  ----------  --------------  -------------------  ----------------------
/opt/airflow/dags/extract_raw_data_pipeline.py                           1           0  0.52s           2025-07-04T20:13:39                      12
/opt/airflow/dags/dag_test.py                                            1           0  0.18s           2025-07-04T20:13:46                      12
================================================================================
[2025-07-04T20:14:38.582+0000] {manager.py:997} INFO - 
================================================================================
DAG File Processing Stats

File Path                                       PID    Runtime      # DAGs    # Errors  Last Runtime    Last Run               Last # of DB Queries
----------------------------------------------  -----  ---------  --------  ----------  --------------  -------------------  ----------------------
/opt/airflow/dags/extract_raw_data_pipeline.py                           1           0  0.37s           2025-07-04T20:14:10                      12
/opt/airflow/dags/dag_test.py                                            1           0  0.16s           2025-07-04T20:14:16                      12
================================================================================
[2025-07-04T20:15:09.095+0000] {manager.py:997} INFO - 
================================================================================
DAG File Processing Stats

File Path                                       PID    Runtime      # DAGs    # Errors  Last Runtime    Last Run               Last # of DB Queries
----------------------------------------------  -----  ---------  --------  ----------  --------------  -------------------  ----------------------
/opt/airflow/dags/extract_raw_data_pipeline.py                           1           0  0.40s           2025-07-04T20:14:41                      12
/opt/airflow/dags/dag_test.py                                            1           0  0.12s           2025-07-04T20:14:46                      12
================================================================================
[2025-07-04T20:15:39.688+0000] {manager.py:997} INFO - 
================================================================================
DAG File Processing Stats

File Path                                       PID    Runtime      # DAGs    # Errors  Last Runtime    Last Run               Last # of DB Queries
----------------------------------------------  -----  ---------  --------  ----------  --------------  -------------------  ----------------------
/opt/airflow/dags/extract_raw_data_pipeline.py                           1           0  0.47s           2025-07-04T20:15:11                      12
/opt/airflow/dags/dag_test.py                                            1           0  0.18s           2025-07-04T20:15:17                      12
================================================================================
[2025-07-04T20:16:10.116+0000] {manager.py:997} INFO - 
================================================================================
DAG File Processing Stats

File Path                                       PID    Runtime      # DAGs    # Errors  Last Runtime    Last Run               Last # of DB Queries
----------------------------------------------  -----  ---------  --------  ----------  --------------  -------------------  ----------------------
/opt/airflow/dags/extract_raw_data_pipeline.py                           1           0  0.52s           2025-07-04T20:15:42                      12
/opt/airflow/dags/dag_test.py                                            1           0  0.11s           2025-07-04T20:15:47                      12
================================================================================
[2025-07-04T20:16:25.409+0000] {manager.py:821} INFO - Searching for files in /opt/airflow/dags
[2025-07-04T20:16:25.434+0000] {manager.py:824} INFO - There are 2 files in /opt/airflow/dags
[2025-07-04T20:16:40.577+0000] {manager.py:997} INFO - 
================================================================================
DAG File Processing Stats

File Path                                       PID    Runtime      # DAGs    # Errors  Last Runtime    Last Run               Last # of DB Queries
----------------------------------------------  -----  ---------  --------  ----------  --------------  -------------------  ----------------------
/opt/airflow/dags/extract_raw_data_pipeline.py                           1           0  0.41s           2025-07-04T20:16:13                      12
/opt/airflow/dags/dag_test.py                                            1           0  0.35s           2025-07-04T20:16:18                      12
================================================================================
[2025-07-04T20:17:11.309+0000] {manager.py:997} INFO - 
================================================================================
DAG File Processing Stats

File Path                                       PID    Runtime      # DAGs    # Errors  Last Runtime    Last Run               Last # of DB Queries
----------------------------------------------  -----  ---------  --------  ----------  --------------  -------------------  ----------------------
/opt/airflow/dags/extract_raw_data_pipeline.py                           1           0  1.40s           2025-07-04T20:16:46                      12
/opt/airflow/dags/dag_test.py                                            1           0  0.20s           2025-07-04T20:16:49                      12
================================================================================
[2025-07-04T20:17:41.693+0000] {manager.py:997} INFO - 
================================================================================
DAG File Processing Stats

File Path                                       PID    Runtime      # DAGs    # Errors  Last Runtime    Last Run               Last # of DB Queries
----------------------------------------------  -----  ---------  --------  ----------  --------------  -------------------  ----------------------
/opt/airflow/dags/extract_raw_data_pipeline.py                           1           0  0.55s           2025-07-04T20:17:16                      12
/opt/airflow/dags/dag_test.py                                            1           0  0.17s           2025-07-04T20:17:19                      12
================================================================================
[2025-07-04T20:18:12.394+0000] {manager.py:997} INFO - 
================================================================================
DAG File Processing Stats

File Path                                       PID    Runtime      # DAGs    # Errors  Last Runtime    Last Run               Last # of DB Queries
----------------------------------------------  -----  ---------  --------  ----------  --------------  -------------------  ----------------------
/opt/airflow/dags/extract_raw_data_pipeline.py                           1           0  0.41s           2025-07-04T20:17:47                      12
/opt/airflow/dags/dag_test.py                                            1           0  0.17s           2025-07-04T20:17:50                      12
================================================================================
[2025-07-04T20:18:43.214+0000] {manager.py:997} INFO - 
================================================================================
DAG File Processing Stats

File Path                                       PID    Runtime      # DAGs    # Errors  Last Runtime    Last Run               Last # of DB Queries
----------------------------------------------  -----  ---------  --------  ----------  --------------  -------------------  ----------------------
/opt/airflow/dags/extract_raw_data_pipeline.py                           1           0  4.55s           2025-07-04T20:18:22                      12
/opt/airflow/dags/dag_test.py                                            1           0  0.81s           2025-07-04T20:18:21                      12
================================================================================
[2025-07-04T20:19:13.764+0000] {manager.py:997} INFO - 
================================================================================
DAG File Processing Stats

File Path                                       PID    Runtime      # DAGs    # Errors  Last Runtime    Last Run               Last # of DB Queries
----------------------------------------------  -----  ---------  --------  ----------  --------------  -------------------  ----------------------
/opt/airflow/dags/extract_raw_data_pipeline.py                           1           0  1.25s           2025-07-04T20:18:53                      12
/opt/airflow/dags/dag_test.py                                            1           0  0.22s           2025-07-04T20:18:52                      12
================================================================================
[2025-07-04T20:19:43.902+0000] {manager.py:997} INFO - 
================================================================================
DAG File Processing Stats

File Path                                       PID    Runtime      # DAGs    # Errors  Last Runtime    Last Run               Last # of DB Queries
----------------------------------------------  -----  ---------  --------  ----------  --------------  -------------------  ----------------------
/opt/airflow/dags/extract_raw_data_pipeline.py                           1           0  0.77s           2025-07-04T20:19:24                      12
/opt/airflow/dags/dag_test.py                                            1           0  0.17s           2025-07-04T20:19:23                      12
================================================================================
[2025-07-04T20:20:14.015+0000] {manager.py:997} INFO - 
================================================================================
DAG File Processing Stats

File Path                                       PID    Runtime      # DAGs    # Errors  Last Runtime    Last Run               Last # of DB Queries
----------------------------------------------  -----  ---------  --------  ----------  --------------  -------------------  ----------------------
/opt/airflow/dags/extract_raw_data_pipeline.py                           1           0  0.93s           2025-07-04T20:19:55                      12
/opt/airflow/dags/dag_test.py                                            1           0  0.41s           2025-07-04T20:19:53                      12
================================================================================
[2025-07-04T20:20:44.118+0000] {manager.py:997} INFO - 
================================================================================
DAG File Processing Stats

File Path                                       PID    Runtime      # DAGs    # Errors  Last Runtime    Last Run               Last # of DB Queries
----------------------------------------------  -----  ---------  --------  ----------  --------------  -------------------  ----------------------
/opt/airflow/dags/extract_raw_data_pipeline.py                           1           0  0.82s           2025-07-04T20:20:26                      12
/opt/airflow/dags/dag_test.py                                            1           0  0.15s           2025-07-04T20:20:24                      12
================================================================================
[2025-07-04T20:21:14.664+0000] {manager.py:997} INFO - 
================================================================================
DAG File Processing Stats

File Path                                       PID    Runtime      # DAGs    # Errors  Last Runtime    Last Run               Last # of DB Queries
----------------------------------------------  -----  ---------  --------  ----------  --------------  -------------------  ----------------------
/opt/airflow/dags/extract_raw_data_pipeline.py                           1           0  0.87s           2025-07-04T20:20:58                      12
/opt/airflow/dags/dag_test.py                                            1           0  0.21s           2025-07-04T20:20:54                      12
================================================================================
[2025-07-04T20:21:25.784+0000] {manager.py:821} INFO - Searching for files in /opt/airflow/dags
[2025-07-04T20:21:25.827+0000] {manager.py:824} INFO - There are 2 files in /opt/airflow/dags
[2025-07-04T20:21:45.091+0000] {manager.py:997} INFO - 
================================================================================
DAG File Processing Stats

File Path                                       PID    Runtime      # DAGs    # Errors  Last Runtime    Last Run               Last # of DB Queries
----------------------------------------------  -----  ---------  --------  ----------  --------------  -------------------  ----------------------
/opt/airflow/dags/extract_raw_data_pipeline.py                           1           0  0.96s           2025-07-04T20:21:29                      12
/opt/airflow/dags/dag_test.py                                            1           0  0.19s           2025-07-04T20:21:24                      12
================================================================================
[2025-07-04T20:22:15.306+0000] {manager.py:997} INFO - 
================================================================================
DAG File Processing Stats

File Path                                       PID    Runtime      # DAGs    # Errors  Last Runtime    Last Run               Last # of DB Queries
----------------------------------------------  -----  ---------  --------  ----------  --------------  -------------------  ----------------------
/opt/airflow/dags/extract_raw_data_pipeline.py                           1           0  0.81s           2025-07-04T20:22:01                      12
/opt/airflow/dags/dag_test.py                                            1           0  0.14s           2025-07-04T20:21:55                      12
================================================================================
[2025-07-04T20:22:45.360+0000] {manager.py:997} INFO - 
================================================================================
DAG File Processing Stats

File Path                                       PID    Runtime      # DAGs    # Errors  Last Runtime    Last Run               Last # of DB Queries
----------------------------------------------  -----  ---------  --------  ----------  --------------  -------------------  ----------------------
/opt/airflow/dags/extract_raw_data_pipeline.py                           1           0  0.75s           2025-07-04T20:22:32                      12
/opt/airflow/dags/dag_test.py                                            1           0  0.16s           2025-07-04T20:22:25                      12
================================================================================
[2025-07-04T20:23:15.542+0000] {manager.py:997} INFO - 
================================================================================
DAG File Processing Stats

File Path                                       PID    Runtime      # DAGs    # Errors  Last Runtime    Last Run               Last # of DB Queries
----------------------------------------------  -----  ---------  --------  ----------  --------------  -------------------  ----------------------
/opt/airflow/dags/extract_raw_data_pipeline.py                           1           0  1.44s           2025-07-04T20:23:04                      12
/opt/airflow/dags/dag_test.py                                            1           0  0.12s           2025-07-04T20:22:56                      12
================================================================================
[2025-07-04T20:23:45.667+0000] {manager.py:997} INFO - 
================================================================================
DAG File Processing Stats

File Path                                       PID    Runtime      # DAGs    # Errors  Last Runtime    Last Run               Last # of DB Queries
----------------------------------------------  -----  ---------  --------  ----------  --------------  -------------------  ----------------------
/opt/airflow/dags/extract_raw_data_pipeline.py                           1           0  0.60s           2025-07-04T20:23:35                      12
/opt/airflow/dags/dag_test.py                                            1           0  0.15s           2025-07-04T20:23:26                      12
================================================================================
[2025-07-04T20:24:15.716+0000] {manager.py:997} INFO - 
================================================================================
DAG File Processing Stats

File Path                                       PID    Runtime      # DAGs    # Errors  Last Runtime    Last Run               Last # of DB Queries
----------------------------------------------  -----  ---------  --------  ----------  --------------  -------------------  ----------------------
/opt/airflow/dags/extract_raw_data_pipeline.py                           1           0  0.74s           2025-07-04T20:24:06                      12
/opt/airflow/dags/dag_test.py                                            1           0  0.15s           2025-07-04T20:23:56                      12
================================================================================
[2025-07-04T20:24:46.143+0000] {manager.py:997} INFO - 
================================================================================
DAG File Processing Stats

File Path                                       PID    Runtime      # DAGs    # Errors  Last Runtime    Last Run               Last # of DB Queries
----------------------------------------------  -----  ---------  --------  ----------  --------------  -------------------  ----------------------
/opt/airflow/dags/extract_raw_data_pipeline.py                           1           0  0.76s           2025-07-04T20:24:38                      12
/opt/airflow/dags/dag_test.py                                            1           0  0.14s           2025-07-04T20:24:27                      12
================================================================================
[2025-07-04T20:25:16.554+0000] {manager.py:997} INFO - 
================================================================================
DAG File Processing Stats

File Path                                       PID    Runtime      # DAGs    # Errors  Last Runtime    Last Run               Last # of DB Queries
----------------------------------------------  -----  ---------  --------  ----------  --------------  -------------------  ----------------------
/opt/airflow/dags/extract_raw_data_pipeline.py                           1           0  0.67s           2025-07-04T20:25:09                      12
/opt/airflow/dags/dag_test.py                                            1           0  0.17s           2025-07-04T20:24:57                      12
================================================================================
[2025-07-04T20:25:47.096+0000] {manager.py:997} INFO - 
================================================================================
DAG File Processing Stats

File Path                                       PID    Runtime      # DAGs    # Errors  Last Runtime    Last Run               Last # of DB Queries
----------------------------------------------  -----  ---------  --------  ----------  --------------  -------------------  ----------------------
/opt/airflow/dags/extract_raw_data_pipeline.py                           1           0  0.72s           2025-07-04T20:25:41                      12
/opt/airflow/dags/dag_test.py                                            1           0  0.15s           2025-07-04T20:25:28                      12
================================================================================
[2025-07-04T20:26:17.568+0000] {manager.py:997} INFO - 
================================================================================
DAG File Processing Stats

File Path                                       PID    Runtime      # DAGs    # Errors  Last Runtime    Last Run               Last # of DB Queries
----------------------------------------------  -----  ---------  --------  ----------  --------------  -------------------  ----------------------
/opt/airflow/dags/extract_raw_data_pipeline.py                           1           0  0.69s           2025-07-04T20:26:12                      12
/opt/airflow/dags/dag_test.py                                            1           0  0.15s           2025-07-04T20:25:58                      12
================================================================================
[2025-07-04T20:26:26.046+0000] {manager.py:821} INFO - Searching for files in /opt/airflow/dags
[2025-07-04T20:26:26.106+0000] {manager.py:824} INFO - There are 2 files in /opt/airflow/dags
[2025-07-04T20:26:48.149+0000] {manager.py:997} INFO - 
================================================================================
DAG File Processing Stats

File Path                                       PID    Runtime      # DAGs    # Errors  Last Runtime    Last Run               Last # of DB Queries
----------------------------------------------  -----  ---------  --------  ----------  --------------  -------------------  ----------------------
/opt/airflow/dags/extract_raw_data_pipeline.py                           1           0  0.73s           2025-07-04T20:26:44                      12
/opt/airflow/dags/dag_test.py                                            1           0  0.13s           2025-07-04T20:26:29                      12
================================================================================
[2025-07-04T20:27:18.679+0000] {manager.py:997} INFO - 
================================================================================
DAG File Processing Stats

File Path                                       PID    Runtime      # DAGs    # Errors  Last Runtime    Last Run               Last # of DB Queries
----------------------------------------------  -----  ---------  --------  ----------  --------------  -------------------  ----------------------
/opt/airflow/dags/extract_raw_data_pipeline.py                           1           0  0.90s           2025-07-04T20:27:15                      12
/opt/airflow/dags/dag_test.py                                            1           0  0.12s           2025-07-04T20:26:59                      12
================================================================================
[2025-07-04T20:27:49.132+0000] {manager.py:997} INFO - 
================================================================================
DAG File Processing Stats

File Path                                       PID    Runtime      # DAGs    # Errors  Last Runtime    Last Run               Last # of DB Queries
----------------------------------------------  -----  ---------  --------  ----------  --------------  -------------------  ----------------------
/opt/airflow/dags/extract_raw_data_pipeline.py                           1           0  1.19s           2025-07-04T20:27:47                      12
/opt/airflow/dags/dag_test.py                                            1           0  0.15s           2025-07-04T20:27:29                      12
================================================================================
[2025-07-04T20:28:19.401+0000] {manager.py:997} INFO - 
================================================================================
DAG File Processing Stats

File Path                                       PID    Runtime      # DAGs    # Errors  Last Runtime    Last Run               Last # of DB Queries
----------------------------------------------  -----  ---------  --------  ----------  --------------  -------------------  ----------------------
/opt/airflow/dags/extract_raw_data_pipeline.py                           1           0  0.85s           2025-07-04T20:28:18                      12
/opt/airflow/dags/dag_test.py                                            1           0  0.19s           2025-07-04T20:28:00                      12
================================================================================
[2025-07-04T20:28:49.892+0000] {manager.py:997} INFO - 
================================================================================
DAG File Processing Stats

File Path                                         PID  Runtime      # DAGs    # Errors  Last Runtime    Last Run               Last # of DB Queries
----------------------------------------------  -----  ---------  --------  ----------  --------------  -------------------  ----------------------
/opt/airflow/dags/extract_raw_data_pipeline.py    558  1.03s             1           0  0.85s           2025-07-04T20:28:18                      12
/opt/airflow/dags/dag_test.py                                            1           0  0.27s           2025-07-04T20:28:30                      12
================================================================================
[2025-07-04T20:29:20.623+0000] {manager.py:997} INFO - 
================================================================================
DAG File Processing Stats

File Path                                         PID  Runtime      # DAGs    # Errors  Last Runtime    Last Run               Last # of DB Queries
----------------------------------------------  -----  ---------  --------  ----------  --------------  -------------------  ----------------------
/opt/airflow/dags/extract_raw_data_pipeline.py    567  0.02s             1           0  1.40s           2025-07-04T20:28:50                      12
/opt/airflow/dags/dag_test.py                                            1           0  0.21s           2025-07-04T20:29:01                      12
================================================================================
[2025-07-04T20:29:51.053+0000] {manager.py:997} INFO - 
================================================================================
DAG File Processing Stats

File Path                                       PID    Runtime      # DAGs    # Errors  Last Runtime    Last Run               Last # of DB Queries
----------------------------------------------  -----  ---------  --------  ----------  --------------  -------------------  ----------------------
/opt/airflow/dags/extract_raw_data_pipeline.py                           1           0  1.19s           2025-07-04T20:29:21                      12
/opt/airflow/dags/dag_test.py                                            1           0  0.35s           2025-07-04T20:29:32                      12
================================================================================
[2025-07-04T20:30:21.744+0000] {manager.py:997} INFO - 
================================================================================
DAG File Processing Stats

File Path                                       PID    Runtime      # DAGs    # Errors  Last Runtime    Last Run               Last # of DB Queries
----------------------------------------------  -----  ---------  --------  ----------  --------------  -------------------  ----------------------
/opt/airflow/dags/extract_raw_data_pipeline.py                           1           0  0.69s           2025-07-04T20:29:52                      12
/opt/airflow/dags/dag_test.py                                            1           0  0.22s           2025-07-04T20:30:02                      12
================================================================================
[2025-07-04T20:30:51.958+0000] {manager.py:997} INFO - 
================================================================================
DAG File Processing Stats

File Path                                       PID    Runtime      # DAGs    # Errors  Last Runtime    Last Run               Last # of DB Queries
----------------------------------------------  -----  ---------  --------  ----------  --------------  -------------------  ----------------------
/opt/airflow/dags/extract_raw_data_pipeline.py                           1           0  0.76s           2025-07-04T20:30:23                      12
/opt/airflow/dags/dag_test.py                                            1           0  0.13s           2025-07-04T20:30:32                      12
================================================================================
[2025-07-04T20:31:22.388+0000] {manager.py:997} INFO - 
================================================================================
DAG File Processing Stats

File Path                                       PID    Runtime      # DAGs    # Errors  Last Runtime    Last Run               Last # of DB Queries
----------------------------------------------  -----  ---------  --------  ----------  --------------  -------------------  ----------------------
/opt/airflow/dags/extract_raw_data_pipeline.py                           1           0  0.79s           2025-07-04T20:30:54                      12
/opt/airflow/dags/dag_test.py                                            1           0  0.12s           2025-07-04T20:31:03                      12
================================================================================
[2025-07-04T20:31:26.202+0000] {manager.py:821} INFO - Searching for files in /opt/airflow/dags
[2025-07-04T20:31:26.224+0000] {manager.py:824} INFO - There are 2 files in /opt/airflow/dags
[2025-07-04T20:31:52.821+0000] {manager.py:997} INFO - 
================================================================================
DAG File Processing Stats

File Path                                       PID    Runtime      # DAGs    # Errors  Last Runtime    Last Run               Last # of DB Queries
----------------------------------------------  -----  ---------  --------  ----------  --------------  -------------------  ----------------------
/opt/airflow/dags/extract_raw_data_pipeline.py                           1           0  0.77s           2025-07-04T20:31:26                      12
/opt/airflow/dags/dag_test.py                                            1           0  0.24s           2025-07-04T20:31:33                      12
================================================================================
[2025-07-04T20:32:23.589+0000] {manager.py:997} INFO - 
================================================================================
DAG File Processing Stats

File Path                                       PID    Runtime      # DAGs    # Errors  Last Runtime    Last Run               Last # of DB Queries
----------------------------------------------  -----  ---------  --------  ----------  --------------  -------------------  ----------------------
/opt/airflow/dags/extract_raw_data_pipeline.py                           1           0  1.40s           2025-07-04T20:31:58                      12
/opt/airflow/dags/dag_test.py                                            1           0  0.19s           2025-07-04T20:32:04                      12
================================================================================
[2025-07-04T20:32:54.053+0000] {manager.py:997} INFO - 
================================================================================
DAG File Processing Stats

File Path                                       PID    Runtime      # DAGs    # Errors  Last Runtime    Last Run               Last # of DB Queries
----------------------------------------------  -----  ---------  --------  ----------  --------------  -------------------  ----------------------
/opt/airflow/dags/extract_raw_data_pipeline.py                           1           0  0.85s           2025-07-04T20:32:29                      12
/opt/airflow/dags/dag_test.py                                            1           0  0.59s           2025-07-04T20:32:35                      12
================================================================================
[2025-07-04T20:33:24.674+0000] {manager.py:997} INFO - 
================================================================================
DAG File Processing Stats

File Path                                       PID    Runtime      # DAGs    # Errors  Last Runtime    Last Run               Last # of DB Queries
----------------------------------------------  -----  ---------  --------  ----------  --------------  -------------------  ----------------------
/opt/airflow/dags/extract_raw_data_pipeline.py                           1           0  0.91s           2025-07-04T20:33:01                      12
/opt/airflow/dags/dag_test.py                                            1           0  0.13s           2025-07-04T20:33:05                      12
================================================================================
[2025-07-04T20:33:54.769+0000] {manager.py:997} INFO - 
================================================================================
DAG File Processing Stats

File Path                                       PID    Runtime      # DAGs    # Errors  Last Runtime    Last Run               Last # of DB Queries
----------------------------------------------  -----  ---------  --------  ----------  --------------  -------------------  ----------------------
/opt/airflow/dags/dag_test.py                                            1           0  0.96s           2025-07-04T20:33:36                      12
/opt/airflow/dags/extract_raw_data_pipeline.py                           1           0  0.67s           2025-07-04T20:33:32                      12
================================================================================
[2025-07-04T20:34:24.872+0000] {manager.py:997} INFO - 
================================================================================
DAG File Processing Stats

File Path                                       PID    Runtime      # DAGs    # Errors  Last Runtime    Last Run               Last # of DB Queries
----------------------------------------------  -----  ---------  --------  ----------  --------------  -------------------  ----------------------
/opt/airflow/dags/extract_raw_data_pipeline.py                           1           0  0.92s           2025-07-04T20:34:03                      12
/opt/airflow/dags/dag_test.py                                            1           0  0.13s           2025-07-04T20:34:07                      12
================================================================================
[2025-07-04T20:34:55.272+0000] {manager.py:997} INFO - 
================================================================================
DAG File Processing Stats

File Path                                       PID    Runtime      # DAGs    # Errors  Last Runtime    Last Run               Last # of DB Queries
----------------------------------------------  -----  ---------  --------  ----------  --------------  -------------------  ----------------------
/opt/airflow/dags/extract_raw_data_pipeline.py                           1           0  1.09s           2025-07-04T20:34:35                      12
/opt/airflow/dags/dag_test.py                                            1           0  0.14s           2025-07-04T20:34:38                      12
================================================================================
[2025-07-04T20:35:25.422+0000] {manager.py:997} INFO - 
================================================================================
DAG File Processing Stats

File Path                                       PID    Runtime      # DAGs    # Errors  Last Runtime    Last Run               Last # of DB Queries
----------------------------------------------  -----  ---------  --------  ----------  --------------  -------------------  ----------------------
/opt/airflow/dags/extract_raw_data_pipeline.py                           1           0  0.83s           2025-07-04T20:35:06                      12
/opt/airflow/dags/dag_test.py                                            1           0  0.12s           2025-07-04T20:35:08                      12
================================================================================
[2025-07-04T20:35:55.779+0000] {manager.py:997} INFO - 
================================================================================
DAG File Processing Stats

File Path                                       PID    Runtime      # DAGs    # Errors  Last Runtime    Last Run               Last # of DB Queries
----------------------------------------------  -----  ---------  --------  ----------  --------------  -------------------  ----------------------
/opt/airflow/dags/extract_raw_data_pipeline.py                           1           0  0.78s           2025-07-04T20:35:37                      12
/opt/airflow/dags/dag_test.py                                            1           0  0.26s           2025-07-04T20:35:38                      12
================================================================================
[2025-07-04T20:36:26.317+0000] {manager.py:821} INFO - Searching for files in /opt/airflow/dags
[2025-07-04T20:36:26.346+0000] {manager.py:824} INFO - There are 2 files in /opt/airflow/dags
[2025-07-04T20:36:26.366+0000] {manager.py:997} INFO - 
================================================================================
DAG File Processing Stats

File Path                                       PID    Runtime      # DAGs    # Errors  Last Runtime    Last Run               Last # of DB Queries
----------------------------------------------  -----  ---------  --------  ----------  --------------  -------------------  ----------------------
/opt/airflow/dags/extract_raw_data_pipeline.py                           1           0  1.22s           2025-07-04T20:36:09                      12
/opt/airflow/dags/dag_test.py                                            1           0  0.25s           2025-07-04T20:36:09                      12
================================================================================
[2025-07-04T20:36:56.503+0000] {manager.py:997} INFO - 
================================================================================
DAG File Processing Stats

File Path                                       PID    Runtime      # DAGs    # Errors  Last Runtime    Last Run               Last # of DB Queries
----------------------------------------------  -----  ---------  --------  ----------  --------------  -------------------  ----------------------
/opt/airflow/dags/extract_raw_data_pipeline.py                           1           0  0.76s           2025-07-04T20:36:40                      12
/opt/airflow/dags/dag_test.py                                            1           0  0.19s           2025-07-04T20:36:39                      12
================================================================================
[2025-07-04T20:37:26.857+0000] {manager.py:997} INFO - 
================================================================================
DAG File Processing Stats

File Path                                       PID    Runtime      # DAGs    # Errors  Last Runtime    Last Run               Last # of DB Queries
----------------------------------------------  -----  ---------  --------  ----------  --------------  -------------------  ----------------------
/opt/airflow/dags/extract_raw_data_pipeline.py                           1           0  0.64s           2025-07-04T20:37:11                      12
/opt/airflow/dags/dag_test.py                                            1           0  0.17s           2025-07-04T20:37:10                      12
================================================================================
[2025-07-04T20:37:57.631+0000] {manager.py:997} INFO - 
================================================================================
DAG File Processing Stats

File Path                                       PID    Runtime      # DAGs    # Errors  Last Runtime    Last Run               Last # of DB Queries
----------------------------------------------  -----  ---------  --------  ----------  --------------  -------------------  ----------------------
/opt/airflow/dags/extract_raw_data_pipeline.py                           1           0  0.93s           2025-07-04T20:37:43                      12
/opt/airflow/dags/dag_test.py                                            1           0  0.15s           2025-07-04T20:37:40                      12
================================================================================
