[2025-07-04T06:59:24.213+0000] {processor.py:186} INFO - Started process (PID=78) to work on /opt/airflow/dags/extract_raw_data_pipeline.py
[2025-07-04T06:59:24.214+0000] {processor.py:914} INFO - Processing file /opt/airflow/dags/extract_raw_data_pipeline.py for tasks to queue
[2025-07-04T06:59:24.216+0000] {logging_mixin.py:190} INFO - [2025-07-04T06:59:24.216+0000] {dagbag.py:588} INFO - Filling up the DagBag from /opt/airflow/dags/extract_raw_data_pipeline.py
[2025-07-04T06:59:29.260+0000] {processor.py:925} INFO - DAG(s) 'extract_raw_data_pipeline' retrieved from /opt/airflow/dags/extract_raw_data_pipeline.py
[2025-07-04T06:59:29.430+0000] {logging_mixin.py:190} INFO - [2025-07-04T06:59:29.430+0000] {dag.py:3239} INFO - Sync 1 DAGs
[2025-07-04T06:59:29.471+0000] {logging_mixin.py:190} INFO - [2025-07-04T06:59:29.471+0000] {dag.py:4180} INFO - Setting next_dagrun for extract_raw_data_pipeline to 2025-07-02 07:00:00+00:00, run_after=2025-07-03 07:00:00+00:00
[2025-07-04T06:59:29.498+0000] {processor.py:208} INFO - Processing /opt/airflow/dags/extract_raw_data_pipeline.py took 5.292 seconds
[2025-07-04T07:00:00.007+0000] {processor.py:186} INFO - Started process (PID=86) to work on /opt/airflow/dags/extract_raw_data_pipeline.py
[2025-07-04T07:00:00.008+0000] {processor.py:914} INFO - Processing file /opt/airflow/dags/extract_raw_data_pipeline.py for tasks to queue
[2025-07-04T07:00:00.022+0000] {logging_mixin.py:190} INFO - [2025-07-04T07:00:00.022+0000] {dagbag.py:588} INFO - Filling up the DagBag from /opt/airflow/dags/extract_raw_data_pipeline.py
[2025-07-04T07:00:00.604+0000] {processor.py:925} INFO - DAG(s) 'extract_raw_data_pipeline' retrieved from /opt/airflow/dags/extract_raw_data_pipeline.py
[2025-07-04T07:00:00.645+0000] {logging_mixin.py:190} INFO - [2025-07-04T07:00:00.644+0000] {dag.py:3239} INFO - Sync 1 DAGs
[2025-07-04T07:00:00.699+0000] {logging_mixin.py:190} INFO - [2025-07-04T07:00:00.699+0000] {dag.py:4180} INFO - Setting next_dagrun for extract_raw_data_pipeline to 2025-07-03 07:00:00+00:00, run_after=2025-07-04 07:00:00+00:00
[2025-07-04T07:00:00.727+0000] {processor.py:208} INFO - Processing /opt/airflow/dags/extract_raw_data_pipeline.py took 0.730 seconds
[2025-07-04T07:00:31.472+0000] {processor.py:186} INFO - Started process (PID=94) to work on /opt/airflow/dags/extract_raw_data_pipeline.py
[2025-07-04T07:00:31.474+0000] {processor.py:914} INFO - Processing file /opt/airflow/dags/extract_raw_data_pipeline.py for tasks to queue
[2025-07-04T07:00:31.478+0000] {logging_mixin.py:190} INFO - [2025-07-04T07:00:31.478+0000] {dagbag.py:588} INFO - Filling up the DagBag from /opt/airflow/dags/extract_raw_data_pipeline.py
[2025-07-04T07:00:32.680+0000] {processor.py:925} INFO - DAG(s) 'extract_raw_data_pipeline' retrieved from /opt/airflow/dags/extract_raw_data_pipeline.py
[2025-07-04T07:00:32.716+0000] {logging_mixin.py:190} INFO - [2025-07-04T07:00:32.715+0000] {dag.py:3239} INFO - Sync 1 DAGs
[2025-07-04T07:00:32.739+0000] {logging_mixin.py:190} INFO - [2025-07-04T07:00:32.739+0000] {dag.py:4180} INFO - Setting next_dagrun for extract_raw_data_pipeline to 2025-07-03 07:00:00+00:00, run_after=2025-07-04 07:00:00+00:00
[2025-07-04T07:00:32.758+0000] {processor.py:208} INFO - Processing /opt/airflow/dags/extract_raw_data_pipeline.py took 1.326 seconds
[2025-07-04T07:01:03.279+0000] {processor.py:186} INFO - Started process (PID=102) to work on /opt/airflow/dags/extract_raw_data_pipeline.py
[2025-07-04T07:01:03.282+0000] {processor.py:914} INFO - Processing file /opt/airflow/dags/extract_raw_data_pipeline.py for tasks to queue
[2025-07-04T07:01:03.294+0000] {logging_mixin.py:190} INFO - [2025-07-04T07:01:03.294+0000] {dagbag.py:588} INFO - Filling up the DagBag from /opt/airflow/dags/extract_raw_data_pipeline.py
[2025-07-04T07:01:04.949+0000] {processor.py:925} INFO - DAG(s) 'extract_raw_data_pipeline' retrieved from /opt/airflow/dags/extract_raw_data_pipeline.py
[2025-07-04T07:01:05.045+0000] {logging_mixin.py:190} INFO - [2025-07-04T07:01:05.045+0000] {dag.py:3239} INFO - Sync 1 DAGs
[2025-07-04T07:01:05.151+0000] {logging_mixin.py:190} INFO - [2025-07-04T07:01:05.151+0000] {dag.py:4180} INFO - Setting next_dagrun for extract_raw_data_pipeline to 2025-07-03 07:00:00+00:00, run_after=2025-07-04 07:00:00+00:00
[2025-07-04T07:01:05.224+0000] {processor.py:208} INFO - Processing /opt/airflow/dags/extract_raw_data_pipeline.py took 1.964 seconds
[2025-07-04T07:01:35.641+0000] {processor.py:186} INFO - Started process (PID=110) to work on /opt/airflow/dags/extract_raw_data_pipeline.py
[2025-07-04T07:01:35.644+0000] {processor.py:914} INFO - Processing file /opt/airflow/dags/extract_raw_data_pipeline.py for tasks to queue
[2025-07-04T07:01:35.647+0000] {logging_mixin.py:190} INFO - [2025-07-04T07:01:35.647+0000] {dagbag.py:588} INFO - Filling up the DagBag from /opt/airflow/dags/extract_raw_data_pipeline.py
[2025-07-04T07:01:36.333+0000] {processor.py:925} INFO - DAG(s) 'extract_raw_data_pipeline' retrieved from /opt/airflow/dags/extract_raw_data_pipeline.py
[2025-07-04T07:01:36.362+0000] {logging_mixin.py:190} INFO - [2025-07-04T07:01:36.362+0000] {dag.py:3239} INFO - Sync 1 DAGs
[2025-07-04T07:01:36.383+0000] {logging_mixin.py:190} INFO - [2025-07-04T07:01:36.382+0000] {dag.py:4180} INFO - Setting next_dagrun for extract_raw_data_pipeline to 2025-07-03 07:00:00+00:00, run_after=2025-07-04 07:00:00+00:00
[2025-07-04T07:01:36.403+0000] {processor.py:208} INFO - Processing /opt/airflow/dags/extract_raw_data_pipeline.py took 0.768 seconds
[2025-07-04T07:02:07.031+0000] {processor.py:186} INFO - Started process (PID=118) to work on /opt/airflow/dags/extract_raw_data_pipeline.py
[2025-07-04T07:02:07.033+0000] {processor.py:914} INFO - Processing file /opt/airflow/dags/extract_raw_data_pipeline.py for tasks to queue
[2025-07-04T07:02:07.036+0000] {logging_mixin.py:190} INFO - [2025-07-04T07:02:07.036+0000] {dagbag.py:588} INFO - Filling up the DagBag from /opt/airflow/dags/extract_raw_data_pipeline.py
[2025-07-04T07:02:08.066+0000] {processor.py:925} INFO - DAG(s) 'extract_raw_data_pipeline' retrieved from /opt/airflow/dags/extract_raw_data_pipeline.py
[2025-07-04T07:02:08.102+0000] {logging_mixin.py:190} INFO - [2025-07-04T07:02:08.102+0000] {dag.py:3239} INFO - Sync 1 DAGs
[2025-07-04T07:02:08.147+0000] {logging_mixin.py:190} INFO - [2025-07-04T07:02:08.146+0000] {dag.py:4180} INFO - Setting next_dagrun for extract_raw_data_pipeline to 2025-07-03 07:00:00+00:00, run_after=2025-07-04 07:00:00+00:00
[2025-07-04T07:02:08.185+0000] {processor.py:208} INFO - Processing /opt/airflow/dags/extract_raw_data_pipeline.py took 1.167 seconds
[2025-07-04T07:02:38.546+0000] {processor.py:186} INFO - Started process (PID=126) to work on /opt/airflow/dags/extract_raw_data_pipeline.py
[2025-07-04T07:02:38.548+0000] {processor.py:914} INFO - Processing file /opt/airflow/dags/extract_raw_data_pipeline.py for tasks to queue
[2025-07-04T07:02:38.554+0000] {logging_mixin.py:190} INFO - [2025-07-04T07:02:38.554+0000] {dagbag.py:588} INFO - Filling up the DagBag from /opt/airflow/dags/extract_raw_data_pipeline.py
[2025-07-04T07:02:39.427+0000] {processor.py:925} INFO - DAG(s) 'extract_raw_data_pipeline' retrieved from /opt/airflow/dags/extract_raw_data_pipeline.py
[2025-07-04T07:02:39.463+0000] {logging_mixin.py:190} INFO - [2025-07-04T07:02:39.463+0000] {dag.py:3239} INFO - Sync 1 DAGs
[2025-07-04T07:02:39.492+0000] {logging_mixin.py:190} INFO - [2025-07-04T07:02:39.491+0000] {dag.py:4180} INFO - Setting next_dagrun for extract_raw_data_pipeline to 2025-07-03 07:00:00+00:00, run_after=2025-07-04 07:00:00+00:00
[2025-07-04T07:02:39.513+0000] {processor.py:208} INFO - Processing /opt/airflow/dags/extract_raw_data_pipeline.py took 0.982 seconds
[2025-07-04T07:03:10.286+0000] {processor.py:186} INFO - Started process (PID=139) to work on /opt/airflow/dags/extract_raw_data_pipeline.py
[2025-07-04T07:03:10.288+0000] {processor.py:914} INFO - Processing file /opt/airflow/dags/extract_raw_data_pipeline.py for tasks to queue
[2025-07-04T07:03:10.290+0000] {logging_mixin.py:190} INFO - [2025-07-04T07:03:10.290+0000] {dagbag.py:588} INFO - Filling up the DagBag from /opt/airflow/dags/extract_raw_data_pipeline.py
[2025-07-04T07:03:10.638+0000] {processor.py:925} INFO - DAG(s) 'extract_raw_data_pipeline' retrieved from /opt/airflow/dags/extract_raw_data_pipeline.py
[2025-07-04T07:03:10.676+0000] {logging_mixin.py:190} INFO - [2025-07-04T07:03:10.676+0000] {dag.py:3239} INFO - Sync 1 DAGs
[2025-07-04T07:03:10.719+0000] {logging_mixin.py:190} INFO - [2025-07-04T07:03:10.718+0000] {dag.py:4180} INFO - Setting next_dagrun for extract_raw_data_pipeline to 2025-07-03 07:00:00+00:00, run_after=2025-07-04 07:00:00+00:00
[2025-07-04T07:03:10.744+0000] {processor.py:208} INFO - Processing /opt/airflow/dags/extract_raw_data_pipeline.py took 0.462 seconds
[2025-07-04T07:03:41.622+0000] {processor.py:186} INFO - Started process (PID=147) to work on /opt/airflow/dags/extract_raw_data_pipeline.py
[2025-07-04T07:03:41.623+0000] {processor.py:914} INFO - Processing file /opt/airflow/dags/extract_raw_data_pipeline.py for tasks to queue
[2025-07-04T07:03:41.626+0000] {logging_mixin.py:190} INFO - [2025-07-04T07:03:41.626+0000] {dagbag.py:588} INFO - Filling up the DagBag from /opt/airflow/dags/extract_raw_data_pipeline.py
[2025-07-04T07:03:41.989+0000] {processor.py:925} INFO - DAG(s) 'extract_raw_data_pipeline' retrieved from /opt/airflow/dags/extract_raw_data_pipeline.py
[2025-07-04T07:03:42.027+0000] {logging_mixin.py:190} INFO - [2025-07-04T07:03:42.026+0000] {dag.py:3239} INFO - Sync 1 DAGs
[2025-07-04T07:03:42.053+0000] {logging_mixin.py:190} INFO - [2025-07-04T07:03:42.053+0000] {dag.py:4180} INFO - Setting next_dagrun for extract_raw_data_pipeline to 2025-07-03 07:00:00+00:00, run_after=2025-07-04 07:00:00+00:00
[2025-07-04T07:03:42.104+0000] {processor.py:208} INFO - Processing /opt/airflow/dags/extract_raw_data_pipeline.py took 0.487 seconds
[2025-07-04T07:04:12.379+0000] {processor.py:186} INFO - Started process (PID=155) to work on /opt/airflow/dags/extract_raw_data_pipeline.py
[2025-07-04T07:04:12.381+0000] {processor.py:914} INFO - Processing file /opt/airflow/dags/extract_raw_data_pipeline.py for tasks to queue
[2025-07-04T07:04:12.384+0000] {logging_mixin.py:190} INFO - [2025-07-04T07:04:12.383+0000] {dagbag.py:588} INFO - Filling up the DagBag from /opt/airflow/dags/extract_raw_data_pipeline.py
[2025-07-04T07:04:12.731+0000] {processor.py:925} INFO - DAG(s) 'extract_raw_data_pipeline' retrieved from /opt/airflow/dags/extract_raw_data_pipeline.py
[2025-07-04T07:04:12.758+0000] {logging_mixin.py:190} INFO - [2025-07-04T07:04:12.758+0000] {dag.py:3239} INFO - Sync 1 DAGs
[2025-07-04T07:04:12.806+0000] {logging_mixin.py:190} INFO - [2025-07-04T07:04:12.806+0000] {dag.py:4180} INFO - Setting next_dagrun for extract_raw_data_pipeline to 2025-07-03 07:00:00+00:00, run_after=2025-07-04 07:00:00+00:00
[2025-07-04T07:04:12.872+0000] {processor.py:208} INFO - Processing /opt/airflow/dags/extract_raw_data_pipeline.py took 0.500 seconds
[2025-07-04T07:04:43.223+0000] {processor.py:186} INFO - Started process (PID=163) to work on /opt/airflow/dags/extract_raw_data_pipeline.py
[2025-07-04T07:04:43.224+0000] {processor.py:914} INFO - Processing file /opt/airflow/dags/extract_raw_data_pipeline.py for tasks to queue
[2025-07-04T07:04:43.236+0000] {logging_mixin.py:190} INFO - [2025-07-04T07:04:43.235+0000] {dagbag.py:588} INFO - Filling up the DagBag from /opt/airflow/dags/extract_raw_data_pipeline.py
[2025-07-04T07:04:44.208+0000] {processor.py:925} INFO - DAG(s) 'extract_raw_data_pipeline' retrieved from /opt/airflow/dags/extract_raw_data_pipeline.py
[2025-07-04T07:04:44.268+0000] {logging_mixin.py:190} INFO - [2025-07-04T07:04:44.267+0000] {dag.py:3239} INFO - Sync 1 DAGs
[2025-07-04T07:04:44.316+0000] {logging_mixin.py:190} INFO - [2025-07-04T07:04:44.316+0000] {dag.py:4180} INFO - Setting next_dagrun for extract_raw_data_pipeline to 2025-07-03 07:00:00+00:00, run_after=2025-07-04 07:00:00+00:00
[2025-07-04T07:04:44.351+0000] {processor.py:208} INFO - Processing /opt/airflow/dags/extract_raw_data_pipeline.py took 1.136 seconds
[2025-07-04T07:05:14.633+0000] {processor.py:186} INFO - Started process (PID=171) to work on /opt/airflow/dags/extract_raw_data_pipeline.py
[2025-07-04T07:05:14.648+0000] {processor.py:914} INFO - Processing file /opt/airflow/dags/extract_raw_data_pipeline.py for tasks to queue
[2025-07-04T07:05:14.654+0000] {logging_mixin.py:190} INFO - [2025-07-04T07:05:14.653+0000] {dagbag.py:588} INFO - Filling up the DagBag from /opt/airflow/dags/extract_raw_data_pipeline.py
[2025-07-04T07:05:15.518+0000] {processor.py:925} INFO - DAG(s) 'extract_raw_data_pipeline' retrieved from /opt/airflow/dags/extract_raw_data_pipeline.py
[2025-07-04T07:05:15.605+0000] {logging_mixin.py:190} INFO - [2025-07-04T07:05:15.605+0000] {dag.py:3239} INFO - Sync 1 DAGs
[2025-07-04T07:05:15.653+0000] {logging_mixin.py:190} INFO - [2025-07-04T07:05:15.652+0000] {dag.py:4180} INFO - Setting next_dagrun for extract_raw_data_pipeline to 2025-07-03 07:00:00+00:00, run_after=2025-07-04 07:00:00+00:00
[2025-07-04T07:05:15.696+0000] {processor.py:208} INFO - Processing /opt/airflow/dags/extract_raw_data_pipeline.py took 1.073 seconds
[2025-07-04T07:05:46.563+0000] {processor.py:186} INFO - Started process (PID=179) to work on /opt/airflow/dags/extract_raw_data_pipeline.py
[2025-07-04T07:05:46.582+0000] {processor.py:914} INFO - Processing file /opt/airflow/dags/extract_raw_data_pipeline.py for tasks to queue
[2025-07-04T07:05:46.586+0000] {logging_mixin.py:190} INFO - [2025-07-04T07:05:46.585+0000] {dagbag.py:588} INFO - Filling up the DagBag from /opt/airflow/dags/extract_raw_data_pipeline.py
[2025-07-04T07:05:47.916+0000] {processor.py:925} INFO - DAG(s) 'extract_raw_data_pipeline' retrieved from /opt/airflow/dags/extract_raw_data_pipeline.py
[2025-07-04T07:05:48.011+0000] {logging_mixin.py:190} INFO - [2025-07-04T07:05:48.011+0000] {dag.py:3239} INFO - Sync 1 DAGs
[2025-07-04T07:05:48.113+0000] {logging_mixin.py:190} INFO - [2025-07-04T07:05:48.113+0000] {dag.py:4180} INFO - Setting next_dagrun for extract_raw_data_pipeline to 2025-07-03 07:00:00+00:00, run_after=2025-07-04 07:00:00+00:00
[2025-07-04T07:05:48.176+0000] {processor.py:208} INFO - Processing /opt/airflow/dags/extract_raw_data_pipeline.py took 1.622 seconds
[2025-07-04T07:06:18.722+0000] {processor.py:186} INFO - Started process (PID=187) to work on /opt/airflow/dags/extract_raw_data_pipeline.py
[2025-07-04T07:06:18.724+0000] {processor.py:914} INFO - Processing file /opt/airflow/dags/extract_raw_data_pipeline.py for tasks to queue
[2025-07-04T07:06:18.729+0000] {logging_mixin.py:190} INFO - [2025-07-04T07:06:18.729+0000] {dagbag.py:588} INFO - Filling up the DagBag from /opt/airflow/dags/extract_raw_data_pipeline.py
[2025-07-04T07:06:19.350+0000] {processor.py:925} INFO - DAG(s) 'extract_raw_data_pipeline' retrieved from /opt/airflow/dags/extract_raw_data_pipeline.py
[2025-07-04T07:06:19.394+0000] {logging_mixin.py:190} INFO - [2025-07-04T07:06:19.393+0000] {dag.py:3239} INFO - Sync 1 DAGs
[2025-07-04T07:06:19.444+0000] {logging_mixin.py:190} INFO - [2025-07-04T07:06:19.444+0000] {dag.py:4180} INFO - Setting next_dagrun for extract_raw_data_pipeline to 2025-07-03 07:00:00+00:00, run_after=2025-07-04 07:00:00+00:00
[2025-07-04T07:06:19.509+0000] {processor.py:208} INFO - Processing /opt/airflow/dags/extract_raw_data_pipeline.py took 0.798 seconds
[2025-07-04T07:07:13.625+0000] {processor.py:186} INFO - Started process (PID=80) to work on /opt/airflow/dags/extract_raw_data_pipeline.py
[2025-07-04T07:07:13.631+0000] {processor.py:914} INFO - Processing file /opt/airflow/dags/extract_raw_data_pipeline.py for tasks to queue
[2025-07-04T07:07:13.660+0000] {logging_mixin.py:190} INFO - [2025-07-04T07:07:13.659+0000] {dagbag.py:588} INFO - Filling up the DagBag from /opt/airflow/dags/extract_raw_data_pipeline.py
[2025-07-04T07:07:21.719+0000] {processor.py:925} INFO - DAG(s) 'extract_raw_data_pipeline' retrieved from /opt/airflow/dags/extract_raw_data_pipeline.py
[2025-07-04T07:07:21.800+0000] {logging_mixin.py:190} INFO - [2025-07-04T07:07:21.800+0000] {dag.py:3239} INFO - Sync 1 DAGs
[2025-07-04T07:07:21.843+0000] {logging_mixin.py:190} INFO - [2025-07-04T07:07:21.843+0000] {dag.py:4180} INFO - Setting next_dagrun for extract_raw_data_pipeline to 2025-07-03 07:00:00+00:00, run_after=2025-07-04 07:00:00+00:00
[2025-07-04T07:07:21.887+0000] {processor.py:208} INFO - Processing /opt/airflow/dags/extract_raw_data_pipeline.py took 8.269 seconds
[2025-07-04T07:07:52.277+0000] {processor.py:186} INFO - Started process (PID=89) to work on /opt/airflow/dags/extract_raw_data_pipeline.py
[2025-07-04T07:07:52.280+0000] {processor.py:914} INFO - Processing file /opt/airflow/dags/extract_raw_data_pipeline.py for tasks to queue
[2025-07-04T07:07:52.286+0000] {logging_mixin.py:190} INFO - [2025-07-04T07:07:52.285+0000] {dagbag.py:588} INFO - Filling up the DagBag from /opt/airflow/dags/extract_raw_data_pipeline.py
[2025-07-04T07:07:54.524+0000] {processor.py:925} INFO - DAG(s) 'extract_raw_data_pipeline' retrieved from /opt/airflow/dags/extract_raw_data_pipeline.py
[2025-07-04T07:07:54.575+0000] {logging_mixin.py:190} INFO - [2025-07-04T07:07:54.575+0000] {dag.py:3239} INFO - Sync 1 DAGs
[2025-07-04T07:07:54.604+0000] {logging_mixin.py:190} INFO - [2025-07-04T07:07:54.603+0000] {dag.py:4180} INFO - Setting next_dagrun for extract_raw_data_pipeline to 2025-07-03 07:00:00+00:00, run_after=2025-07-04 07:00:00+00:00
[2025-07-04T07:07:54.632+0000] {processor.py:208} INFO - Processing /opt/airflow/dags/extract_raw_data_pipeline.py took 2.364 seconds
[2025-07-04T07:08:24.915+0000] {processor.py:186} INFO - Started process (PID=98) to work on /opt/airflow/dags/extract_raw_data_pipeline.py
[2025-07-04T07:08:24.916+0000] {processor.py:914} INFO - Processing file /opt/airflow/dags/extract_raw_data_pipeline.py for tasks to queue
[2025-07-04T07:08:24.921+0000] {logging_mixin.py:190} INFO - [2025-07-04T07:08:24.920+0000] {dagbag.py:588} INFO - Filling up the DagBag from /opt/airflow/dags/extract_raw_data_pipeline.py
[2025-07-04T07:08:26.080+0000] {processor.py:925} INFO - DAG(s) 'extract_raw_data_pipeline' retrieved from /opt/airflow/dags/extract_raw_data_pipeline.py
[2025-07-04T07:08:26.124+0000] {logging_mixin.py:190} INFO - [2025-07-04T07:08:26.124+0000] {dag.py:3239} INFO - Sync 1 DAGs
[2025-07-04T07:08:26.152+0000] {logging_mixin.py:190} INFO - [2025-07-04T07:08:26.152+0000] {dag.py:4180} INFO - Setting next_dagrun for extract_raw_data_pipeline to 2025-07-03 07:00:00+00:00, run_after=2025-07-04 07:00:00+00:00
[2025-07-04T07:08:26.176+0000] {processor.py:208} INFO - Processing /opt/airflow/dags/extract_raw_data_pipeline.py took 1.272 seconds
[2025-07-04T07:08:56.580+0000] {processor.py:186} INFO - Started process (PID=107) to work on /opt/airflow/dags/extract_raw_data_pipeline.py
[2025-07-04T07:08:56.581+0000] {processor.py:914} INFO - Processing file /opt/airflow/dags/extract_raw_data_pipeline.py for tasks to queue
[2025-07-04T07:08:56.595+0000] {logging_mixin.py:190} INFO - [2025-07-04T07:08:56.594+0000] {dagbag.py:588} INFO - Filling up the DagBag from /opt/airflow/dags/extract_raw_data_pipeline.py
[2025-07-04T07:09:00.684+0000] {processor.py:925} INFO - DAG(s) 'extract_raw_data_pipeline' retrieved from /opt/airflow/dags/extract_raw_data_pipeline.py
[2025-07-04T07:09:00.744+0000] {logging_mixin.py:190} INFO - [2025-07-04T07:09:00.744+0000] {dag.py:3239} INFO - Sync 1 DAGs
[2025-07-04T07:09:00.786+0000] {logging_mixin.py:190} INFO - [2025-07-04T07:09:00.785+0000] {dag.py:4180} INFO - Setting next_dagrun for extract_raw_data_pipeline to 2025-07-03 07:00:00+00:00, run_after=2025-07-04 07:00:00+00:00
[2025-07-04T07:09:00.818+0000] {processor.py:208} INFO - Processing /opt/airflow/dags/extract_raw_data_pipeline.py took 4.257 seconds
[2025-07-04T07:09:31.197+0000] {processor.py:186} INFO - Started process (PID=121) to work on /opt/airflow/dags/extract_raw_data_pipeline.py
[2025-07-04T07:09:31.198+0000] {processor.py:914} INFO - Processing file /opt/airflow/dags/extract_raw_data_pipeline.py for tasks to queue
[2025-07-04T07:09:31.201+0000] {logging_mixin.py:190} INFO - [2025-07-04T07:09:31.201+0000] {dagbag.py:588} INFO - Filling up the DagBag from /opt/airflow/dags/extract_raw_data_pipeline.py
[2025-07-04T07:09:31.690+0000] {processor.py:925} INFO - DAG(s) 'extract_raw_data_pipeline' retrieved from /opt/airflow/dags/extract_raw_data_pipeline.py
[2025-07-04T07:09:31.717+0000] {logging_mixin.py:190} INFO - [2025-07-04T07:09:31.717+0000] {dag.py:3239} INFO - Sync 1 DAGs
[2025-07-04T07:09:31.737+0000] {logging_mixin.py:190} INFO - [2025-07-04T07:09:31.736+0000] {dag.py:4180} INFO - Setting next_dagrun for extract_raw_data_pipeline to 2025-07-03 07:00:00+00:00, run_after=2025-07-04 07:00:00+00:00
[2025-07-04T07:09:31.760+0000] {processor.py:208} INFO - Processing /opt/airflow/dags/extract_raw_data_pipeline.py took 0.568 seconds
[2025-07-04T07:10:30.197+0000] {processor.py:186} INFO - Started process (PID=80) to work on /opt/airflow/dags/extract_raw_data_pipeline.py
[2025-07-04T07:10:30.203+0000] {processor.py:914} INFO - Processing file /opt/airflow/dags/extract_raw_data_pipeline.py for tasks to queue
[2025-07-04T07:10:30.205+0000] {logging_mixin.py:190} INFO - [2025-07-04T07:10:30.205+0000] {dagbag.py:588} INFO - Filling up the DagBag from /opt/airflow/dags/extract_raw_data_pipeline.py
[2025-07-04T07:10:30.776+0000] {processor.py:925} INFO - DAG(s) 'extract_raw_data_pipeline' retrieved from /opt/airflow/dags/extract_raw_data_pipeline.py
[2025-07-04T07:10:30.832+0000] {logging_mixin.py:190} INFO - [2025-07-04T07:10:30.831+0000] {dag.py:3239} INFO - Sync 1 DAGs
[2025-07-04T07:10:30.865+0000] {logging_mixin.py:190} INFO - [2025-07-04T07:10:30.865+0000] {dag.py:4180} INFO - Setting next_dagrun for extract_raw_data_pipeline to 2025-07-03 07:00:00+00:00, run_after=2025-07-04 07:00:00+00:00
[2025-07-04T07:10:30.912+0000] {processor.py:208} INFO - Processing /opt/airflow/dags/extract_raw_data_pipeline.py took 0.724 seconds
[2025-07-04T07:11:20.795+0000] {processor.py:186} INFO - Started process (PID=65) to work on /opt/airflow/dags/extract_raw_data_pipeline.py
[2025-07-04T07:11:20.798+0000] {processor.py:914} INFO - Processing file /opt/airflow/dags/extract_raw_data_pipeline.py for tasks to queue
[2025-07-04T07:11:20.825+0000] {logging_mixin.py:190} INFO - [2025-07-04T07:11:20.824+0000] {dagbag.py:588} INFO - Filling up the DagBag from /opt/airflow/dags/extract_raw_data_pipeline.py
[2025-07-04T07:11:23.074+0000] {processor.py:925} INFO - DAG(s) 'extract_raw_data_pipeline' retrieved from /opt/airflow/dags/extract_raw_data_pipeline.py
[2025-07-04T07:11:23.322+0000] {logging_mixin.py:190} INFO - [2025-07-04T07:11:23.322+0000] {dag.py:3239} INFO - Sync 1 DAGs
[2025-07-04T07:11:23.370+0000] {logging_mixin.py:190} INFO - [2025-07-04T07:11:23.370+0000] {dag.py:4180} INFO - Setting next_dagrun for extract_raw_data_pipeline to 2025-07-03 07:00:00+00:00, run_after=2025-07-04 07:00:00+00:00
[2025-07-04T07:11:23.430+0000] {processor.py:208} INFO - Processing /opt/airflow/dags/extract_raw_data_pipeline.py took 2.652 seconds
[2025-07-04T07:11:53.567+0000] {processor.py:186} INFO - Started process (PID=81) to work on /opt/airflow/dags/extract_raw_data_pipeline.py
[2025-07-04T07:11:53.570+0000] {processor.py:914} INFO - Processing file /opt/airflow/dags/extract_raw_data_pipeline.py for tasks to queue
[2025-07-04T07:11:53.576+0000] {logging_mixin.py:190} INFO - [2025-07-04T07:11:53.575+0000] {dagbag.py:588} INFO - Filling up the DagBag from /opt/airflow/dags/extract_raw_data_pipeline.py
[2025-07-04T07:11:54.753+0000] {processor.py:925} INFO - DAG(s) 'extract_raw_data_pipeline' retrieved from /opt/airflow/dags/extract_raw_data_pipeline.py
[2025-07-04T07:11:54.834+0000] {logging_mixin.py:190} INFO - [2025-07-04T07:11:54.833+0000] {dag.py:3239} INFO - Sync 1 DAGs
[2025-07-04T07:11:54.880+0000] {logging_mixin.py:190} INFO - [2025-07-04T07:11:54.880+0000] {dag.py:4180} INFO - Setting next_dagrun for extract_raw_data_pipeline to 2025-07-03 07:00:00+00:00, run_after=2025-07-04 07:00:00+00:00
[2025-07-04T07:11:54.907+0000] {processor.py:208} INFO - Processing /opt/airflow/dags/extract_raw_data_pipeline.py took 1.349 seconds
[2025-07-04T07:12:25.524+0000] {processor.py:186} INFO - Started process (PID=90) to work on /opt/airflow/dags/extract_raw_data_pipeline.py
[2025-07-04T07:12:25.525+0000] {processor.py:914} INFO - Processing file /opt/airflow/dags/extract_raw_data_pipeline.py for tasks to queue
[2025-07-04T07:12:25.529+0000] {logging_mixin.py:190} INFO - [2025-07-04T07:12:25.529+0000] {dagbag.py:588} INFO - Filling up the DagBag from /opt/airflow/dags/extract_raw_data_pipeline.py
[2025-07-04T07:12:26.470+0000] {processor.py:925} INFO - DAG(s) 'extract_raw_data_pipeline' retrieved from /opt/airflow/dags/extract_raw_data_pipeline.py
[2025-07-04T07:12:26.522+0000] {logging_mixin.py:190} INFO - [2025-07-04T07:12:26.522+0000] {dag.py:3239} INFO - Sync 1 DAGs
[2025-07-04T07:12:26.564+0000] {logging_mixin.py:190} INFO - [2025-07-04T07:12:26.564+0000] {dag.py:4180} INFO - Setting next_dagrun for extract_raw_data_pipeline to 2025-07-03 07:00:00+00:00, run_after=2025-07-04 07:00:00+00:00
[2025-07-04T07:12:26.585+0000] {processor.py:208} INFO - Processing /opt/airflow/dags/extract_raw_data_pipeline.py took 1.073 seconds
[2025-07-04T07:12:56.861+0000] {processor.py:186} INFO - Started process (PID=99) to work on /opt/airflow/dags/extract_raw_data_pipeline.py
[2025-07-04T07:12:56.865+0000] {processor.py:914} INFO - Processing file /opt/airflow/dags/extract_raw_data_pipeline.py for tasks to queue
[2025-07-04T07:12:56.869+0000] {logging_mixin.py:190} INFO - [2025-07-04T07:12:56.868+0000] {dagbag.py:588} INFO - Filling up the DagBag from /opt/airflow/dags/extract_raw_data_pipeline.py
[2025-07-04T07:12:58.476+0000] {processor.py:925} INFO - DAG(s) 'extract_raw_data_pipeline' retrieved from /opt/airflow/dags/extract_raw_data_pipeline.py
[2025-07-04T07:12:58.508+0000] {logging_mixin.py:190} INFO - [2025-07-04T07:12:58.507+0000] {dag.py:3239} INFO - Sync 1 DAGs
[2025-07-04T07:12:58.547+0000] {logging_mixin.py:190} INFO - [2025-07-04T07:12:58.546+0000] {dag.py:4180} INFO - Setting next_dagrun for extract_raw_data_pipeline to 2025-07-03 07:00:00+00:00, run_after=2025-07-04 07:00:00+00:00
[2025-07-04T07:12:58.573+0000] {processor.py:208} INFO - Processing /opt/airflow/dags/extract_raw_data_pipeline.py took 1.721 seconds
[2025-07-04T07:13:29.327+0000] {processor.py:186} INFO - Started process (PID=108) to work on /opt/airflow/dags/extract_raw_data_pipeline.py
[2025-07-04T07:13:29.337+0000] {processor.py:914} INFO - Processing file /opt/airflow/dags/extract_raw_data_pipeline.py for tasks to queue
[2025-07-04T07:13:29.356+0000] {logging_mixin.py:190} INFO - [2025-07-04T07:13:29.355+0000] {dagbag.py:588} INFO - Filling up the DagBag from /opt/airflow/dags/extract_raw_data_pipeline.py
[2025-07-04T07:13:31.483+0000] {processor.py:925} INFO - DAG(s) 'extract_raw_data_pipeline' retrieved from /opt/airflow/dags/extract_raw_data_pipeline.py
[2025-07-04T07:13:31.681+0000] {logging_mixin.py:190} INFO - [2025-07-04T07:13:31.681+0000] {dag.py:3239} INFO - Sync 1 DAGs
[2025-07-04T07:13:31.793+0000] {logging_mixin.py:190} INFO - [2025-07-04T07:13:31.793+0000] {dag.py:4180} INFO - Setting next_dagrun for extract_raw_data_pipeline to 2025-07-03 07:00:00+00:00, run_after=2025-07-04 07:00:00+00:00
[2025-07-04T07:13:31.896+0000] {processor.py:208} INFO - Processing /opt/airflow/dags/extract_raw_data_pipeline.py took 2.587 seconds
[2025-07-04T07:14:02.261+0000] {processor.py:186} INFO - Started process (PID=117) to work on /opt/airflow/dags/extract_raw_data_pipeline.py
[2025-07-04T07:14:02.262+0000] {processor.py:914} INFO - Processing file /opt/airflow/dags/extract_raw_data_pipeline.py for tasks to queue
[2025-07-04T07:14:02.265+0000] {logging_mixin.py:190} INFO - [2025-07-04T07:14:02.265+0000] {dagbag.py:588} INFO - Filling up the DagBag from /opt/airflow/dags/extract_raw_data_pipeline.py
[2025-07-04T07:14:02.965+0000] {processor.py:925} INFO - DAG(s) 'extract_raw_data_pipeline' retrieved from /opt/airflow/dags/extract_raw_data_pipeline.py
[2025-07-04T07:14:02.990+0000] {logging_mixin.py:190} INFO - [2025-07-04T07:14:02.990+0000] {dag.py:3239} INFO - Sync 1 DAGs
[2025-07-04T07:14:03.014+0000] {logging_mixin.py:190} INFO - [2025-07-04T07:14:03.013+0000] {dag.py:4180} INFO - Setting next_dagrun for extract_raw_data_pipeline to 2025-07-03 07:00:00+00:00, run_after=2025-07-04 07:00:00+00:00
[2025-07-04T07:14:03.032+0000] {processor.py:208} INFO - Processing /opt/airflow/dags/extract_raw_data_pipeline.py took 0.776 seconds
[2025-07-04T07:14:33.534+0000] {processor.py:186} INFO - Started process (PID=125) to work on /opt/airflow/dags/extract_raw_data_pipeline.py
[2025-07-04T07:14:33.550+0000] {processor.py:914} INFO - Processing file /opt/airflow/dags/extract_raw_data_pipeline.py for tasks to queue
[2025-07-04T07:14:33.568+0000] {logging_mixin.py:190} INFO - [2025-07-04T07:14:33.567+0000] {dagbag.py:588} INFO - Filling up the DagBag from /opt/airflow/dags/extract_raw_data_pipeline.py
[2025-07-04T07:14:37.422+0000] {processor.py:925} INFO - DAG(s) 'extract_raw_data_pipeline' retrieved from /opt/airflow/dags/extract_raw_data_pipeline.py
[2025-07-04T07:14:37.490+0000] {logging_mixin.py:190} INFO - [2025-07-04T07:14:37.490+0000] {dag.py:3239} INFO - Sync 1 DAGs
[2025-07-04T07:14:37.536+0000] {logging_mixin.py:190} INFO - [2025-07-04T07:14:37.536+0000] {dag.py:4180} INFO - Setting next_dagrun for extract_raw_data_pipeline to 2025-07-03 07:00:00+00:00, run_after=2025-07-04 07:00:00+00:00
[2025-07-04T07:14:37.602+0000] {processor.py:208} INFO - Processing /opt/airflow/dags/extract_raw_data_pipeline.py took 4.087 seconds
[2025-07-04T07:15:08.077+0000] {processor.py:186} INFO - Started process (PID=133) to work on /opt/airflow/dags/extract_raw_data_pipeline.py
[2025-07-04T07:15:08.079+0000] {processor.py:914} INFO - Processing file /opt/airflow/dags/extract_raw_data_pipeline.py for tasks to queue
[2025-07-04T07:15:08.082+0000] {logging_mixin.py:190} INFO - [2025-07-04T07:15:08.082+0000] {dagbag.py:588} INFO - Filling up the DagBag from /opt/airflow/dags/extract_raw_data_pipeline.py
[2025-07-04T07:15:08.592+0000] {processor.py:925} INFO - DAG(s) 'extract_raw_data_pipeline' retrieved from /opt/airflow/dags/extract_raw_data_pipeline.py
[2025-07-04T07:15:08.634+0000] {logging_mixin.py:190} INFO - [2025-07-04T07:15:08.633+0000] {dag.py:3239} INFO - Sync 1 DAGs
[2025-07-04T07:15:08.671+0000] {logging_mixin.py:190} INFO - [2025-07-04T07:15:08.670+0000] {dag.py:4180} INFO - Setting next_dagrun for extract_raw_data_pipeline to 2025-07-03 07:00:00+00:00, run_after=2025-07-04 07:00:00+00:00
[2025-07-04T07:15:08.700+0000] {processor.py:208} INFO - Processing /opt/airflow/dags/extract_raw_data_pipeline.py took 0.630 seconds
[2025-07-04T07:15:39.300+0000] {processor.py:186} INFO - Started process (PID=142) to work on /opt/airflow/dags/extract_raw_data_pipeline.py
[2025-07-04T07:15:39.306+0000] {processor.py:914} INFO - Processing file /opt/airflow/dags/extract_raw_data_pipeline.py for tasks to queue
[2025-07-04T07:15:39.320+0000] {logging_mixin.py:190} INFO - [2025-07-04T07:15:39.320+0000] {dagbag.py:588} INFO - Filling up the DagBag from /opt/airflow/dags/extract_raw_data_pipeline.py
[2025-07-04T07:15:40.797+0000] {processor.py:925} INFO - DAG(s) 'extract_raw_data_pipeline' retrieved from /opt/airflow/dags/extract_raw_data_pipeline.py
[2025-07-04T07:15:40.907+0000] {logging_mixin.py:190} INFO - [2025-07-04T07:15:40.901+0000] {dag.py:3239} INFO - Sync 1 DAGs
[2025-07-04T07:15:40.956+0000] {logging_mixin.py:190} INFO - [2025-07-04T07:15:40.956+0000] {dag.py:4180} INFO - Setting next_dagrun for extract_raw_data_pipeline to 2025-07-03 07:00:00+00:00, run_after=2025-07-04 07:00:00+00:00
[2025-07-04T07:15:41.003+0000] {processor.py:208} INFO - Processing /opt/airflow/dags/extract_raw_data_pipeline.py took 1.723 seconds
[2025-07-04T07:16:11.279+0000] {processor.py:186} INFO - Started process (PID=151) to work on /opt/airflow/dags/extract_raw_data_pipeline.py
[2025-07-04T07:16:11.283+0000] {processor.py:914} INFO - Processing file /opt/airflow/dags/extract_raw_data_pipeline.py for tasks to queue
[2025-07-04T07:16:11.287+0000] {logging_mixin.py:190} INFO - [2025-07-04T07:16:11.286+0000] {dagbag.py:588} INFO - Filling up the DagBag from /opt/airflow/dags/extract_raw_data_pipeline.py
[2025-07-04T07:16:11.668+0000] {processor.py:925} INFO - DAG(s) 'extract_raw_data_pipeline' retrieved from /opt/airflow/dags/extract_raw_data_pipeline.py
[2025-07-04T07:16:11.697+0000] {logging_mixin.py:190} INFO - [2025-07-04T07:16:11.697+0000] {dag.py:3239} INFO - Sync 1 DAGs
[2025-07-04T07:16:11.721+0000] {logging_mixin.py:190} INFO - [2025-07-04T07:16:11.721+0000] {dag.py:4180} INFO - Setting next_dagrun for extract_raw_data_pipeline to 2025-07-03 07:00:00+00:00, run_after=2025-07-04 07:00:00+00:00
[2025-07-04T07:16:11.740+0000] {processor.py:208} INFO - Processing /opt/airflow/dags/extract_raw_data_pipeline.py took 0.470 seconds
[2025-07-04T07:16:41.920+0000] {processor.py:186} INFO - Started process (PID=160) to work on /opt/airflow/dags/extract_raw_data_pipeline.py
[2025-07-04T07:16:41.924+0000] {processor.py:914} INFO - Processing file /opt/airflow/dags/extract_raw_data_pipeline.py for tasks to queue
[2025-07-04T07:16:41.929+0000] {logging_mixin.py:190} INFO - [2025-07-04T07:16:41.928+0000] {dagbag.py:588} INFO - Filling up the DagBag from /opt/airflow/dags/extract_raw_data_pipeline.py
[2025-07-04T07:16:42.525+0000] {processor.py:925} INFO - DAG(s) 'extract_raw_data_pipeline' retrieved from /opt/airflow/dags/extract_raw_data_pipeline.py
[2025-07-04T07:16:42.584+0000] {logging_mixin.py:190} INFO - [2025-07-04T07:16:42.583+0000] {dag.py:3239} INFO - Sync 1 DAGs
[2025-07-04T07:16:42.631+0000] {logging_mixin.py:190} INFO - [2025-07-04T07:16:42.631+0000] {dag.py:4180} INFO - Setting next_dagrun for extract_raw_data_pipeline to 2025-07-03 07:00:00+00:00, run_after=2025-07-04 07:00:00+00:00
[2025-07-04T07:16:42.651+0000] {processor.py:208} INFO - Processing /opt/airflow/dags/extract_raw_data_pipeline.py took 0.740 seconds
[2025-07-04T07:17:12.916+0000] {processor.py:186} INFO - Started process (PID=169) to work on /opt/airflow/dags/extract_raw_data_pipeline.py
[2025-07-04T07:17:12.920+0000] {processor.py:914} INFO - Processing file /opt/airflow/dags/extract_raw_data_pipeline.py for tasks to queue
[2025-07-04T07:17:12.929+0000] {logging_mixin.py:190} INFO - [2025-07-04T07:17:12.929+0000] {dagbag.py:588} INFO - Filling up the DagBag from /opt/airflow/dags/extract_raw_data_pipeline.py
[2025-07-04T07:17:13.675+0000] {processor.py:925} INFO - DAG(s) 'extract_raw_data_pipeline' retrieved from /opt/airflow/dags/extract_raw_data_pipeline.py
[2025-07-04T07:17:13.753+0000] {logging_mixin.py:190} INFO - [2025-07-04T07:17:13.753+0000] {dag.py:3239} INFO - Sync 1 DAGs
[2025-07-04T07:17:13.825+0000] {logging_mixin.py:190} INFO - [2025-07-04T07:17:13.825+0000] {dag.py:4180} INFO - Setting next_dagrun for extract_raw_data_pipeline to 2025-07-03 07:00:00+00:00, run_after=2025-07-04 07:00:00+00:00
[2025-07-04T07:17:13.855+0000] {processor.py:208} INFO - Processing /opt/airflow/dags/extract_raw_data_pipeline.py took 0.952 seconds
[2025-07-04T07:17:44.321+0000] {processor.py:186} INFO - Started process (PID=178) to work on /opt/airflow/dags/extract_raw_data_pipeline.py
[2025-07-04T07:17:44.323+0000] {processor.py:914} INFO - Processing file /opt/airflow/dags/extract_raw_data_pipeline.py for tasks to queue
[2025-07-04T07:17:44.350+0000] {logging_mixin.py:190} INFO - [2025-07-04T07:17:44.349+0000] {dagbag.py:588} INFO - Filling up the DagBag from /opt/airflow/dags/extract_raw_data_pipeline.py
[2025-07-04T07:17:44.958+0000] {processor.py:925} INFO - DAG(s) 'extract_raw_data_pipeline' retrieved from /opt/airflow/dags/extract_raw_data_pipeline.py
[2025-07-04T07:17:44.997+0000] {logging_mixin.py:190} INFO - [2025-07-04T07:17:44.996+0000] {dag.py:3239} INFO - Sync 1 DAGs
[2025-07-04T07:17:45.032+0000] {logging_mixin.py:190} INFO - [2025-07-04T07:17:45.032+0000] {dag.py:4180} INFO - Setting next_dagrun for extract_raw_data_pipeline to 2025-07-03 07:00:00+00:00, run_after=2025-07-04 07:00:00+00:00
[2025-07-04T07:17:45.073+0000] {processor.py:208} INFO - Processing /opt/airflow/dags/extract_raw_data_pipeline.py took 0.761 seconds
[2025-07-04T07:18:15.373+0000] {processor.py:186} INFO - Started process (PID=187) to work on /opt/airflow/dags/extract_raw_data_pipeline.py
[2025-07-04T07:18:15.379+0000] {processor.py:914} INFO - Processing file /opt/airflow/dags/extract_raw_data_pipeline.py for tasks to queue
[2025-07-04T07:18:15.383+0000] {logging_mixin.py:190} INFO - [2025-07-04T07:18:15.382+0000] {dagbag.py:588} INFO - Filling up the DagBag from /opt/airflow/dags/extract_raw_data_pipeline.py
[2025-07-04T07:18:15.954+0000] {processor.py:925} INFO - DAG(s) 'extract_raw_data_pipeline' retrieved from /opt/airflow/dags/extract_raw_data_pipeline.py
[2025-07-04T07:18:16.013+0000] {logging_mixin.py:190} INFO - [2025-07-04T07:18:16.013+0000] {dag.py:3239} INFO - Sync 1 DAGs
[2025-07-04T07:18:16.067+0000] {logging_mixin.py:190} INFO - [2025-07-04T07:18:16.067+0000] {dag.py:4180} INFO - Setting next_dagrun for extract_raw_data_pipeline to 2025-07-03 07:00:00+00:00, run_after=2025-07-04 07:00:00+00:00
[2025-07-04T07:18:16.114+0000] {processor.py:208} INFO - Processing /opt/airflow/dags/extract_raw_data_pipeline.py took 0.751 seconds
[2025-07-04T07:18:46.904+0000] {processor.py:186} INFO - Started process (PID=196) to work on /opt/airflow/dags/extract_raw_data_pipeline.py
[2025-07-04T07:18:46.911+0000] {processor.py:914} INFO - Processing file /opt/airflow/dags/extract_raw_data_pipeline.py for tasks to queue
[2025-07-04T07:18:46.916+0000] {logging_mixin.py:190} INFO - [2025-07-04T07:18:46.916+0000] {dagbag.py:588} INFO - Filling up the DagBag from /opt/airflow/dags/extract_raw_data_pipeline.py
[2025-07-04T07:18:47.479+0000] {processor.py:925} INFO - DAG(s) 'extract_raw_data_pipeline' retrieved from /opt/airflow/dags/extract_raw_data_pipeline.py
[2025-07-04T07:18:47.535+0000] {logging_mixin.py:190} INFO - [2025-07-04T07:18:47.535+0000] {dag.py:3239} INFO - Sync 1 DAGs
[2025-07-04T07:18:47.574+0000] {logging_mixin.py:190} INFO - [2025-07-04T07:18:47.573+0000] {dag.py:4180} INFO - Setting next_dagrun for extract_raw_data_pipeline to 2025-07-03 07:00:00+00:00, run_after=2025-07-04 07:00:00+00:00
[2025-07-04T07:18:47.631+0000] {processor.py:208} INFO - Processing /opt/airflow/dags/extract_raw_data_pipeline.py took 0.736 seconds
[2025-07-04T07:19:18.317+0000] {processor.py:186} INFO - Started process (PID=205) to work on /opt/airflow/dags/extract_raw_data_pipeline.py
[2025-07-04T07:19:18.318+0000] {processor.py:914} INFO - Processing file /opt/airflow/dags/extract_raw_data_pipeline.py for tasks to queue
[2025-07-04T07:19:18.322+0000] {logging_mixin.py:190} INFO - [2025-07-04T07:19:18.321+0000] {dagbag.py:588} INFO - Filling up the DagBag from /opt/airflow/dags/extract_raw_data_pipeline.py
[2025-07-04T07:19:18.921+0000] {processor.py:925} INFO - DAG(s) 'extract_raw_data_pipeline' retrieved from /opt/airflow/dags/extract_raw_data_pipeline.py
[2025-07-04T07:19:19.002+0000] {logging_mixin.py:190} INFO - [2025-07-04T07:19:19.001+0000] {dag.py:3239} INFO - Sync 1 DAGs
[2025-07-04T07:19:19.057+0000] {logging_mixin.py:190} INFO - [2025-07-04T07:19:19.057+0000] {dag.py:4180} INFO - Setting next_dagrun for extract_raw_data_pipeline to 2025-07-03 07:00:00+00:00, run_after=2025-07-04 07:00:00+00:00
[2025-07-04T07:19:19.109+0000] {processor.py:208} INFO - Processing /opt/airflow/dags/extract_raw_data_pipeline.py took 0.802 seconds
[2025-07-04T07:19:49.822+0000] {processor.py:186} INFO - Started process (PID=214) to work on /opt/airflow/dags/extract_raw_data_pipeline.py
[2025-07-04T07:19:49.823+0000] {processor.py:914} INFO - Processing file /opt/airflow/dags/extract_raw_data_pipeline.py for tasks to queue
[2025-07-04T07:19:49.826+0000] {logging_mixin.py:190} INFO - [2025-07-04T07:19:49.825+0000] {dagbag.py:588} INFO - Filling up the DagBag from /opt/airflow/dags/extract_raw_data_pipeline.py
[2025-07-04T07:19:50.515+0000] {processor.py:925} INFO - DAG(s) 'extract_raw_data_pipeline' retrieved from /opt/airflow/dags/extract_raw_data_pipeline.py
[2025-07-04T07:19:50.544+0000] {logging_mixin.py:190} INFO - [2025-07-04T07:19:50.544+0000] {dag.py:3239} INFO - Sync 1 DAGs
[2025-07-04T07:19:50.568+0000] {logging_mixin.py:190} INFO - [2025-07-04T07:19:50.568+0000] {dag.py:4180} INFO - Setting next_dagrun for extract_raw_data_pipeline to 2025-07-03 07:00:00+00:00, run_after=2025-07-04 07:00:00+00:00
[2025-07-04T07:19:50.601+0000] {processor.py:208} INFO - Processing /opt/airflow/dags/extract_raw_data_pipeline.py took 0.793 seconds
[2025-07-04T07:20:55.540+0000] {processor.py:186} INFO - Started process (PID=75) to work on /opt/airflow/dags/extract_raw_data_pipeline.py
[2025-07-04T07:20:55.543+0000] {processor.py:914} INFO - Processing file /opt/airflow/dags/extract_raw_data_pipeline.py for tasks to queue
[2025-07-04T07:20:55.549+0000] {logging_mixin.py:190} INFO - [2025-07-04T07:20:55.549+0000] {dagbag.py:588} INFO - Filling up the DagBag from /opt/airflow/dags/extract_raw_data_pipeline.py
[2025-07-04T07:20:56.854+0000] {processor.py:925} INFO - DAG(s) 'extract_raw_data_pipeline' retrieved from /opt/airflow/dags/extract_raw_data_pipeline.py
[2025-07-04T07:20:56.983+0000] {logging_mixin.py:190} INFO - [2025-07-04T07:20:56.983+0000] {dag.py:3239} INFO - Sync 1 DAGs
[2025-07-04T07:20:57.134+0000] {logging_mixin.py:190} INFO - [2025-07-04T07:20:57.134+0000] {dag.py:4180} INFO - Setting next_dagrun for extract_raw_data_pipeline to 2025-07-03 07:00:00+00:00, run_after=2025-07-04 07:00:00+00:00
[2025-07-04T07:20:57.193+0000] {processor.py:208} INFO - Processing /opt/airflow/dags/extract_raw_data_pipeline.py took 1.682 seconds
[2025-07-04T07:21:27.788+0000] {processor.py:186} INFO - Started process (PID=84) to work on /opt/airflow/dags/extract_raw_data_pipeline.py
[2025-07-04T07:21:27.790+0000] {processor.py:914} INFO - Processing file /opt/airflow/dags/extract_raw_data_pipeline.py for tasks to queue
[2025-07-04T07:21:27.797+0000] {logging_mixin.py:190} INFO - [2025-07-04T07:21:27.796+0000] {dagbag.py:588} INFO - Filling up the DagBag from /opt/airflow/dags/extract_raw_data_pipeline.py
[2025-07-04T07:21:28.918+0000] {processor.py:925} INFO - DAG(s) 'extract_raw_data_pipeline' retrieved from /opt/airflow/dags/extract_raw_data_pipeline.py
[2025-07-04T07:21:28.957+0000] {logging_mixin.py:190} INFO - [2025-07-04T07:21:28.957+0000] {dag.py:3239} INFO - Sync 1 DAGs
[2025-07-04T07:21:29.053+0000] {logging_mixin.py:190} INFO - [2025-07-04T07:21:29.053+0000] {dag.py:4180} INFO - Setting next_dagrun for extract_raw_data_pipeline to 2025-07-03 07:00:00+00:00, run_after=2025-07-04 07:00:00+00:00
[2025-07-04T07:21:29.101+0000] {processor.py:208} INFO - Processing /opt/airflow/dags/extract_raw_data_pipeline.py took 1.320 seconds
[2025-07-04T07:22:00.280+0000] {processor.py:186} INFO - Started process (PID=92) to work on /opt/airflow/dags/extract_raw_data_pipeline.py
[2025-07-04T07:22:00.282+0000] {processor.py:914} INFO - Processing file /opt/airflow/dags/extract_raw_data_pipeline.py for tasks to queue
[2025-07-04T07:22:00.288+0000] {logging_mixin.py:190} INFO - [2025-07-04T07:22:00.288+0000] {dagbag.py:588} INFO - Filling up the DagBag from /opt/airflow/dags/extract_raw_data_pipeline.py
[2025-07-04T07:22:05.306+0000] {processor.py:925} INFO - DAG(s) 'extract_raw_data_pipeline' retrieved from /opt/airflow/dags/extract_raw_data_pipeline.py
[2025-07-04T07:22:05.372+0000] {logging_mixin.py:190} INFO - [2025-07-04T07:22:05.372+0000] {dag.py:3239} INFO - Sync 1 DAGs
[2025-07-04T07:22:05.419+0000] {logging_mixin.py:190} INFO - [2025-07-04T07:22:05.419+0000] {dag.py:4180} INFO - Setting next_dagrun for extract_raw_data_pipeline to 2025-07-03 07:00:00+00:00, run_after=2025-07-04 07:00:00+00:00
[2025-07-04T07:22:05.449+0000] {processor.py:208} INFO - Processing /opt/airflow/dags/extract_raw_data_pipeline.py took 5.189 seconds
[2025-07-04T07:22:35.846+0000] {processor.py:186} INFO - Started process (PID=101) to work on /opt/airflow/dags/extract_raw_data_pipeline.py
[2025-07-04T07:22:35.847+0000] {processor.py:914} INFO - Processing file /opt/airflow/dags/extract_raw_data_pipeline.py for tasks to queue
[2025-07-04T07:22:35.851+0000] {logging_mixin.py:190} INFO - [2025-07-04T07:22:35.851+0000] {dagbag.py:588} INFO - Filling up the DagBag from /opt/airflow/dags/extract_raw_data_pipeline.py
[2025-07-04T07:22:36.440+0000] {processor.py:925} INFO - DAG(s) 'extract_raw_data_pipeline' retrieved from /opt/airflow/dags/extract_raw_data_pipeline.py
[2025-07-04T07:22:36.464+0000] {logging_mixin.py:190} INFO - [2025-07-04T07:22:36.464+0000] {dag.py:3239} INFO - Sync 1 DAGs
[2025-07-04T07:22:36.489+0000] {logging_mixin.py:190} INFO - [2025-07-04T07:22:36.488+0000] {dag.py:4180} INFO - Setting next_dagrun for extract_raw_data_pipeline to 2025-07-03 07:00:00+00:00, run_after=2025-07-04 07:00:00+00:00
[2025-07-04T07:22:36.507+0000] {processor.py:208} INFO - Processing /opt/airflow/dags/extract_raw_data_pipeline.py took 0.667 seconds
[2025-07-04T07:23:06.583+0000] {processor.py:186} INFO - Started process (PID=110) to work on /opt/airflow/dags/extract_raw_data_pipeline.py
[2025-07-04T07:23:06.585+0000] {processor.py:914} INFO - Processing file /opt/airflow/dags/extract_raw_data_pipeline.py for tasks to queue
[2025-07-04T07:23:06.588+0000] {logging_mixin.py:190} INFO - [2025-07-04T07:23:06.587+0000] {dagbag.py:588} INFO - Filling up the DagBag from /opt/airflow/dags/extract_raw_data_pipeline.py
[2025-07-04T07:23:07.384+0000] {processor.py:925} INFO - DAG(s) 'extract_raw_data_pipeline' retrieved from /opt/airflow/dags/extract_raw_data_pipeline.py
[2025-07-04T07:23:07.411+0000] {logging_mixin.py:190} INFO - [2025-07-04T07:23:07.411+0000] {dag.py:3239} INFO - Sync 1 DAGs
[2025-07-04T07:23:07.435+0000] {logging_mixin.py:190} INFO - [2025-07-04T07:23:07.434+0000] {dag.py:4180} INFO - Setting next_dagrun for extract_raw_data_pipeline to 2025-07-03 07:00:00+00:00, run_after=2025-07-04 07:00:00+00:00
[2025-07-04T07:23:07.495+0000] {processor.py:208} INFO - Processing /opt/airflow/dags/extract_raw_data_pipeline.py took 0.922 seconds
[2025-07-04T07:23:37.997+0000] {processor.py:186} INFO - Started process (PID=119) to work on /opt/airflow/dags/extract_raw_data_pipeline.py
[2025-07-04T07:23:37.999+0000] {processor.py:914} INFO - Processing file /opt/airflow/dags/extract_raw_data_pipeline.py for tasks to queue
[2025-07-04T07:23:38.002+0000] {logging_mixin.py:190} INFO - [2025-07-04T07:23:38.001+0000] {dagbag.py:588} INFO - Filling up the DagBag from /opt/airflow/dags/extract_raw_data_pipeline.py
[2025-07-04T07:23:38.518+0000] {processor.py:925} INFO - DAG(s) 'extract_raw_data_pipeline' retrieved from /opt/airflow/dags/extract_raw_data_pipeline.py
[2025-07-04T07:23:38.542+0000] {logging_mixin.py:190} INFO - [2025-07-04T07:23:38.541+0000] {dag.py:3239} INFO - Sync 1 DAGs
[2025-07-04T07:23:38.564+0000] {logging_mixin.py:190} INFO - [2025-07-04T07:23:38.564+0000] {dag.py:4180} INFO - Setting next_dagrun for extract_raw_data_pipeline to 2025-07-03 07:00:00+00:00, run_after=2025-07-04 07:00:00+00:00
[2025-07-04T07:23:38.598+0000] {processor.py:208} INFO - Processing /opt/airflow/dags/extract_raw_data_pipeline.py took 0.607 seconds
[2025-07-04T07:24:08.791+0000] {processor.py:186} INFO - Started process (PID=128) to work on /opt/airflow/dags/extract_raw_data_pipeline.py
[2025-07-04T07:24:08.801+0000] {processor.py:914} INFO - Processing file /opt/airflow/dags/extract_raw_data_pipeline.py for tasks to queue
[2025-07-04T07:24:08.810+0000] {logging_mixin.py:190} INFO - [2025-07-04T07:24:08.810+0000] {dagbag.py:588} INFO - Filling up the DagBag from /opt/airflow/dags/extract_raw_data_pipeline.py
[2025-07-04T07:24:09.373+0000] {processor.py:925} INFO - DAG(s) 'extract_raw_data_pipeline' retrieved from /opt/airflow/dags/extract_raw_data_pipeline.py
[2025-07-04T07:24:09.398+0000] {logging_mixin.py:190} INFO - [2025-07-04T07:24:09.397+0000] {dag.py:3239} INFO - Sync 1 DAGs
[2025-07-04T07:24:09.423+0000] {logging_mixin.py:190} INFO - [2025-07-04T07:24:09.422+0000] {dag.py:4180} INFO - Setting next_dagrun for extract_raw_data_pipeline to 2025-07-03 07:00:00+00:00, run_after=2025-07-04 07:00:00+00:00
[2025-07-04T07:24:09.448+0000] {processor.py:208} INFO - Processing /opt/airflow/dags/extract_raw_data_pipeline.py took 0.673 seconds
[2025-07-04T07:24:39.914+0000] {processor.py:186} INFO - Started process (PID=137) to work on /opt/airflow/dags/extract_raw_data_pipeline.py
[2025-07-04T07:24:39.917+0000] {processor.py:914} INFO - Processing file /opt/airflow/dags/extract_raw_data_pipeline.py for tasks to queue
[2025-07-04T07:24:39.935+0000] {logging_mixin.py:190} INFO - [2025-07-04T07:24:39.934+0000] {dagbag.py:588} INFO - Filling up the DagBag from /opt/airflow/dags/extract_raw_data_pipeline.py
[2025-07-04T07:24:41.036+0000] {processor.py:925} INFO - DAG(s) 'extract_raw_data_pipeline' retrieved from /opt/airflow/dags/extract_raw_data_pipeline.py
[2025-07-04T07:24:41.126+0000] {logging_mixin.py:190} INFO - [2025-07-04T07:24:41.126+0000] {dag.py:3239} INFO - Sync 1 DAGs
[2025-07-04T07:24:41.207+0000] {logging_mixin.py:190} INFO - [2025-07-04T07:24:41.206+0000] {dag.py:4180} INFO - Setting next_dagrun for extract_raw_data_pipeline to 2025-07-03 07:00:00+00:00, run_after=2025-07-04 07:00:00+00:00
[2025-07-04T07:24:41.281+0000] {processor.py:208} INFO - Processing /opt/airflow/dags/extract_raw_data_pipeline.py took 1.388 seconds
[2025-07-04T07:25:11.776+0000] {processor.py:186} INFO - Started process (PID=146) to work on /opt/airflow/dags/extract_raw_data_pipeline.py
[2025-07-04T07:25:11.783+0000] {processor.py:914} INFO - Processing file /opt/airflow/dags/extract_raw_data_pipeline.py for tasks to queue
[2025-07-04T07:25:11.791+0000] {logging_mixin.py:190} INFO - [2025-07-04T07:25:11.791+0000] {dagbag.py:588} INFO - Filling up the DagBag from /opt/airflow/dags/extract_raw_data_pipeline.py
[2025-07-04T07:25:12.866+0000] {processor.py:925} INFO - DAG(s) 'extract_raw_data_pipeline' retrieved from /opt/airflow/dags/extract_raw_data_pipeline.py
[2025-07-04T07:25:12.951+0000] {logging_mixin.py:190} INFO - [2025-07-04T07:25:12.950+0000] {dag.py:3239} INFO - Sync 1 DAGs
[2025-07-04T07:25:13.044+0000] {logging_mixin.py:190} INFO - [2025-07-04T07:25:13.044+0000] {dag.py:4180} INFO - Setting next_dagrun for extract_raw_data_pipeline to 2025-07-03 07:00:00+00:00, run_after=2025-07-04 07:00:00+00:00
[2025-07-04T07:25:13.106+0000] {processor.py:208} INFO - Processing /opt/airflow/dags/extract_raw_data_pipeline.py took 1.351 seconds
[2025-07-04T07:25:43.202+0000] {processor.py:186} INFO - Started process (PID=161) to work on /opt/airflow/dags/extract_raw_data_pipeline.py
[2025-07-04T07:25:43.203+0000] {processor.py:914} INFO - Processing file /opt/airflow/dags/extract_raw_data_pipeline.py for tasks to queue
[2025-07-04T07:25:43.207+0000] {logging_mixin.py:190} INFO - [2025-07-04T07:25:43.206+0000] {dagbag.py:588} INFO - Filling up the DagBag from /opt/airflow/dags/extract_raw_data_pipeline.py
[2025-07-04T07:25:43.996+0000] {processor.py:925} INFO - DAG(s) 'extract_raw_data_pipeline' retrieved from /opt/airflow/dags/extract_raw_data_pipeline.py
[2025-07-04T07:25:44.141+0000] {logging_mixin.py:190} INFO - [2025-07-04T07:25:44.140+0000] {dag.py:3239} INFO - Sync 1 DAGs
[2025-07-04T07:25:44.244+0000] {logging_mixin.py:190} INFO - [2025-07-04T07:25:44.244+0000] {dag.py:4180} INFO - Setting next_dagrun for extract_raw_data_pipeline to 2025-07-03 07:00:00+00:00, run_after=2025-07-04 07:00:00+00:00
[2025-07-04T07:25:44.289+0000] {processor.py:208} INFO - Processing /opt/airflow/dags/extract_raw_data_pipeline.py took 1.093 seconds
[2025-07-04T07:26:15.005+0000] {processor.py:186} INFO - Started process (PID=170) to work on /opt/airflow/dags/extract_raw_data_pipeline.py
[2025-07-04T07:26:15.007+0000] {processor.py:914} INFO - Processing file /opt/airflow/dags/extract_raw_data_pipeline.py for tasks to queue
[2025-07-04T07:26:15.009+0000] {logging_mixin.py:190} INFO - [2025-07-04T07:26:15.009+0000] {dagbag.py:588} INFO - Filling up the DagBag from /opt/airflow/dags/extract_raw_data_pipeline.py
[2025-07-04T07:26:15.401+0000] {processor.py:925} INFO - DAG(s) 'extract_raw_data_pipeline' retrieved from /opt/airflow/dags/extract_raw_data_pipeline.py
[2025-07-04T07:26:15.431+0000] {logging_mixin.py:190} INFO - [2025-07-04T07:26:15.431+0000] {dag.py:3239} INFO - Sync 1 DAGs
[2025-07-04T07:26:15.458+0000] {logging_mixin.py:190} INFO - [2025-07-04T07:26:15.457+0000] {dag.py:4180} INFO - Setting next_dagrun for extract_raw_data_pipeline to 2025-07-03 07:00:00+00:00, run_after=2025-07-04 07:00:00+00:00
[2025-07-04T07:26:15.477+0000] {processor.py:208} INFO - Processing /opt/airflow/dags/extract_raw_data_pipeline.py took 0.480 seconds
[2025-07-04T07:26:45.817+0000] {processor.py:186} INFO - Started process (PID=179) to work on /opt/airflow/dags/extract_raw_data_pipeline.py
[2025-07-04T07:26:45.818+0000] {processor.py:914} INFO - Processing file /opt/airflow/dags/extract_raw_data_pipeline.py for tasks to queue
[2025-07-04T07:26:45.821+0000] {logging_mixin.py:190} INFO - [2025-07-04T07:26:45.821+0000] {dagbag.py:588} INFO - Filling up the DagBag from /opt/airflow/dags/extract_raw_data_pipeline.py
[2025-07-04T07:26:46.186+0000] {processor.py:925} INFO - DAG(s) 'extract_raw_data_pipeline' retrieved from /opt/airflow/dags/extract_raw_data_pipeline.py
[2025-07-04T07:26:46.214+0000] {logging_mixin.py:190} INFO - [2025-07-04T07:26:46.214+0000] {dag.py:3239} INFO - Sync 1 DAGs
[2025-07-04T07:26:46.234+0000] {logging_mixin.py:190} INFO - [2025-07-04T07:26:46.234+0000] {dag.py:4180} INFO - Setting next_dagrun for extract_raw_data_pipeline to 2025-07-03 07:00:00+00:00, run_after=2025-07-04 07:00:00+00:00
[2025-07-04T07:26:46.253+0000] {processor.py:208} INFO - Processing /opt/airflow/dags/extract_raw_data_pipeline.py took 0.442 seconds
[2025-07-04T07:27:16.723+0000] {processor.py:186} INFO - Started process (PID=188) to work on /opt/airflow/dags/extract_raw_data_pipeline.py
[2025-07-04T07:27:16.724+0000] {processor.py:914} INFO - Processing file /opt/airflow/dags/extract_raw_data_pipeline.py for tasks to queue
[2025-07-04T07:27:16.726+0000] {logging_mixin.py:190} INFO - [2025-07-04T07:27:16.726+0000] {dagbag.py:588} INFO - Filling up the DagBag from /opt/airflow/dags/extract_raw_data_pipeline.py
[2025-07-04T07:27:17.056+0000] {processor.py:925} INFO - DAG(s) 'extract_raw_data_pipeline' retrieved from /opt/airflow/dags/extract_raw_data_pipeline.py
[2025-07-04T07:27:17.087+0000] {logging_mixin.py:190} INFO - [2025-07-04T07:27:17.086+0000] {dag.py:3239} INFO - Sync 1 DAGs
[2025-07-04T07:27:17.123+0000] {logging_mixin.py:190} INFO - [2025-07-04T07:27:17.123+0000] {dag.py:4180} INFO - Setting next_dagrun for extract_raw_data_pipeline to 2025-07-03 07:00:00+00:00, run_after=2025-07-04 07:00:00+00:00
[2025-07-04T07:27:17.155+0000] {processor.py:208} INFO - Processing /opt/airflow/dags/extract_raw_data_pipeline.py took 0.438 seconds
[2025-07-04T07:27:47.313+0000] {processor.py:186} INFO - Started process (PID=196) to work on /opt/airflow/dags/extract_raw_data_pipeline.py
[2025-07-04T07:27:47.314+0000] {processor.py:914} INFO - Processing file /opt/airflow/dags/extract_raw_data_pipeline.py for tasks to queue
[2025-07-04T07:27:47.318+0000] {logging_mixin.py:190} INFO - [2025-07-04T07:27:47.317+0000] {dagbag.py:588} INFO - Filling up the DagBag from /opt/airflow/dags/extract_raw_data_pipeline.py
[2025-07-04T07:27:47.742+0000] {processor.py:925} INFO - DAG(s) 'extract_raw_data_pipeline' retrieved from /opt/airflow/dags/extract_raw_data_pipeline.py
[2025-07-04T07:27:47.768+0000] {logging_mixin.py:190} INFO - [2025-07-04T07:27:47.767+0000] {dag.py:3239} INFO - Sync 1 DAGs
[2025-07-04T07:27:47.791+0000] {logging_mixin.py:190} INFO - [2025-07-04T07:27:47.791+0000] {dag.py:4180} INFO - Setting next_dagrun for extract_raw_data_pipeline to 2025-07-03 07:00:00+00:00, run_after=2025-07-04 07:00:00+00:00
[2025-07-04T07:27:47.811+0000] {processor.py:208} INFO - Processing /opt/airflow/dags/extract_raw_data_pipeline.py took 0.509 seconds
[2025-07-04T07:28:17.883+0000] {processor.py:186} INFO - Started process (PID=205) to work on /opt/airflow/dags/extract_raw_data_pipeline.py
[2025-07-04T07:28:17.884+0000] {processor.py:914} INFO - Processing file /opt/airflow/dags/extract_raw_data_pipeline.py for tasks to queue
[2025-07-04T07:28:17.887+0000] {logging_mixin.py:190} INFO - [2025-07-04T07:28:17.887+0000] {dagbag.py:588} INFO - Filling up the DagBag from /opt/airflow/dags/extract_raw_data_pipeline.py
[2025-07-04T07:28:18.186+0000] {processor.py:925} INFO - DAG(s) 'extract_raw_data_pipeline' retrieved from /opt/airflow/dags/extract_raw_data_pipeline.py
[2025-07-04T07:28:18.235+0000] {logging_mixin.py:190} INFO - [2025-07-04T07:28:18.234+0000] {dag.py:3239} INFO - Sync 1 DAGs
[2025-07-04T07:28:18.256+0000] {logging_mixin.py:190} INFO - [2025-07-04T07:28:18.256+0000] {dag.py:4180} INFO - Setting next_dagrun for extract_raw_data_pipeline to 2025-07-03 07:00:00+00:00, run_after=2025-07-04 07:00:00+00:00
[2025-07-04T07:28:18.277+0000] {processor.py:208} INFO - Processing /opt/airflow/dags/extract_raw_data_pipeline.py took 0.401 seconds
[2025-07-04T07:28:48.404+0000] {processor.py:186} INFO - Started process (PID=215) to work on /opt/airflow/dags/extract_raw_data_pipeline.py
[2025-07-04T07:28:48.405+0000] {processor.py:914} INFO - Processing file /opt/airflow/dags/extract_raw_data_pipeline.py for tasks to queue
[2025-07-04T07:28:48.414+0000] {logging_mixin.py:190} INFO - [2025-07-04T07:28:48.413+0000] {dagbag.py:588} INFO - Filling up the DagBag from /opt/airflow/dags/extract_raw_data_pipeline.py
[2025-07-04T07:28:48.948+0000] {processor.py:925} INFO - DAG(s) 'extract_raw_data_pipeline' retrieved from /opt/airflow/dags/extract_raw_data_pipeline.py
[2025-07-04T07:28:48.976+0000] {logging_mixin.py:190} INFO - [2025-07-04T07:28:48.976+0000] {dag.py:3239} INFO - Sync 1 DAGs
[2025-07-04T07:28:49.002+0000] {logging_mixin.py:190} INFO - [2025-07-04T07:28:49.002+0000] {dag.py:4180} INFO - Setting next_dagrun for extract_raw_data_pipeline to 2025-07-03 07:00:00+00:00, run_after=2025-07-04 07:00:00+00:00
[2025-07-04T07:28:49.022+0000] {processor.py:208} INFO - Processing /opt/airflow/dags/extract_raw_data_pipeline.py took 0.626 seconds
[2025-07-04T07:29:19.784+0000] {processor.py:186} INFO - Started process (PID=223) to work on /opt/airflow/dags/extract_raw_data_pipeline.py
[2025-07-04T07:29:19.785+0000] {processor.py:914} INFO - Processing file /opt/airflow/dags/extract_raw_data_pipeline.py for tasks to queue
[2025-07-04T07:29:19.788+0000] {logging_mixin.py:190} INFO - [2025-07-04T07:29:19.787+0000] {dagbag.py:588} INFO - Filling up the DagBag from /opt/airflow/dags/extract_raw_data_pipeline.py
[2025-07-04T07:29:20.084+0000] {processor.py:925} INFO - DAG(s) 'extract_raw_data_pipeline' retrieved from /opt/airflow/dags/extract_raw_data_pipeline.py
[2025-07-04T07:29:20.127+0000] {logging_mixin.py:190} INFO - [2025-07-04T07:29:20.127+0000] {dag.py:3239} INFO - Sync 1 DAGs
[2025-07-04T07:29:20.148+0000] {logging_mixin.py:190} INFO - [2025-07-04T07:29:20.148+0000] {dag.py:4180} INFO - Setting next_dagrun for extract_raw_data_pipeline to 2025-07-03 07:00:00+00:00, run_after=2025-07-04 07:00:00+00:00
[2025-07-04T07:29:20.166+0000] {processor.py:208} INFO - Processing /opt/airflow/dags/extract_raw_data_pipeline.py took 0.388 seconds
[2025-07-04T07:29:50.286+0000] {processor.py:186} INFO - Started process (PID=232) to work on /opt/airflow/dags/extract_raw_data_pipeline.py
[2025-07-04T07:29:50.287+0000] {processor.py:914} INFO - Processing file /opt/airflow/dags/extract_raw_data_pipeline.py for tasks to queue
[2025-07-04T07:29:50.292+0000] {logging_mixin.py:190} INFO - [2025-07-04T07:29:50.292+0000] {dagbag.py:588} INFO - Filling up the DagBag from /opt/airflow/dags/extract_raw_data_pipeline.py
[2025-07-04T07:29:50.817+0000] {processor.py:925} INFO - DAG(s) 'extract_raw_data_pipeline' retrieved from /opt/airflow/dags/extract_raw_data_pipeline.py
[2025-07-04T07:29:50.848+0000] {logging_mixin.py:190} INFO - [2025-07-04T07:29:50.848+0000] {dag.py:3239} INFO - Sync 1 DAGs
[2025-07-04T07:29:50.876+0000] {logging_mixin.py:190} INFO - [2025-07-04T07:29:50.875+0000] {dag.py:4180} INFO - Setting next_dagrun for extract_raw_data_pipeline to 2025-07-03 07:00:00+00:00, run_after=2025-07-04 07:00:00+00:00
[2025-07-04T07:29:50.903+0000] {processor.py:208} INFO - Processing /opt/airflow/dags/extract_raw_data_pipeline.py took 0.625 seconds
[2025-07-04T07:30:21.530+0000] {processor.py:186} INFO - Started process (PID=241) to work on /opt/airflow/dags/extract_raw_data_pipeline.py
[2025-07-04T07:30:21.532+0000] {processor.py:914} INFO - Processing file /opt/airflow/dags/extract_raw_data_pipeline.py for tasks to queue
[2025-07-04T07:30:21.537+0000] {logging_mixin.py:190} INFO - [2025-07-04T07:30:21.536+0000] {dagbag.py:588} INFO - Filling up the DagBag from /opt/airflow/dags/extract_raw_data_pipeline.py
[2025-07-04T07:30:21.982+0000] {processor.py:925} INFO - DAG(s) 'extract_raw_data_pipeline' retrieved from /opt/airflow/dags/extract_raw_data_pipeline.py
[2025-07-04T07:30:22.012+0000] {logging_mixin.py:190} INFO - [2025-07-04T07:30:22.011+0000] {dag.py:3239} INFO - Sync 1 DAGs
[2025-07-04T07:30:22.039+0000] {logging_mixin.py:190} INFO - [2025-07-04T07:30:22.039+0000] {dag.py:4180} INFO - Setting next_dagrun for extract_raw_data_pipeline to 2025-07-03 07:00:00+00:00, run_after=2025-07-04 07:00:00+00:00
[2025-07-04T07:30:22.078+0000] {processor.py:208} INFO - Processing /opt/airflow/dags/extract_raw_data_pipeline.py took 0.554 seconds
[2025-07-04T07:30:52.978+0000] {processor.py:186} INFO - Started process (PID=250) to work on /opt/airflow/dags/extract_raw_data_pipeline.py
[2025-07-04T07:30:52.979+0000] {processor.py:914} INFO - Processing file /opt/airflow/dags/extract_raw_data_pipeline.py for tasks to queue
[2025-07-04T07:30:52.981+0000] {logging_mixin.py:190} INFO - [2025-07-04T07:30:52.981+0000] {dagbag.py:588} INFO - Filling up the DagBag from /opt/airflow/dags/extract_raw_data_pipeline.py
[2025-07-04T07:30:53.304+0000] {processor.py:925} INFO - DAG(s) 'extract_raw_data_pipeline' retrieved from /opt/airflow/dags/extract_raw_data_pipeline.py
[2025-07-04T07:30:53.330+0000] {logging_mixin.py:190} INFO - [2025-07-04T07:30:53.330+0000] {dag.py:3239} INFO - Sync 1 DAGs
[2025-07-04T07:30:53.356+0000] {logging_mixin.py:190} INFO - [2025-07-04T07:30:53.355+0000] {dag.py:4180} INFO - Setting next_dagrun for extract_raw_data_pipeline to 2025-07-03 07:00:00+00:00, run_after=2025-07-04 07:00:00+00:00
[2025-07-04T07:30:53.376+0000] {processor.py:208} INFO - Processing /opt/airflow/dags/extract_raw_data_pipeline.py took 0.404 seconds
[2025-07-04T07:31:23.578+0000] {processor.py:186} INFO - Started process (PID=260) to work on /opt/airflow/dags/extract_raw_data_pipeline.py
[2025-07-04T07:31:23.583+0000] {processor.py:914} INFO - Processing file /opt/airflow/dags/extract_raw_data_pipeline.py for tasks to queue
[2025-07-04T07:31:23.588+0000] {logging_mixin.py:190} INFO - [2025-07-04T07:31:23.587+0000] {dagbag.py:588} INFO - Filling up the DagBag from /opt/airflow/dags/extract_raw_data_pipeline.py
[2025-07-04T07:31:24.138+0000] {processor.py:925} INFO - DAG(s) 'extract_raw_data_pipeline' retrieved from /opt/airflow/dags/extract_raw_data_pipeline.py
[2025-07-04T07:31:24.187+0000] {logging_mixin.py:190} INFO - [2025-07-04T07:31:24.186+0000] {dag.py:3239} INFO - Sync 1 DAGs
[2025-07-04T07:31:24.228+0000] {logging_mixin.py:190} INFO - [2025-07-04T07:31:24.228+0000] {dag.py:4180} INFO - Setting next_dagrun for extract_raw_data_pipeline to 2025-07-03 07:00:00+00:00, run_after=2025-07-04 07:00:00+00:00
[2025-07-04T07:31:24.276+0000] {processor.py:208} INFO - Processing /opt/airflow/dags/extract_raw_data_pipeline.py took 0.706 seconds
[2025-07-04T07:31:54.841+0000] {processor.py:186} INFO - Started process (PID=269) to work on /opt/airflow/dags/extract_raw_data_pipeline.py
[2025-07-04T07:31:54.844+0000] {processor.py:914} INFO - Processing file /opt/airflow/dags/extract_raw_data_pipeline.py for tasks to queue
[2025-07-04T07:31:54.851+0000] {logging_mixin.py:190} INFO - [2025-07-04T07:31:54.851+0000] {dagbag.py:588} INFO - Filling up the DagBag from /opt/airflow/dags/extract_raw_data_pipeline.py
[2025-07-04T07:31:55.237+0000] {processor.py:925} INFO - DAG(s) 'extract_raw_data_pipeline' retrieved from /opt/airflow/dags/extract_raw_data_pipeline.py
[2025-07-04T07:31:55.266+0000] {logging_mixin.py:190} INFO - [2025-07-04T07:31:55.266+0000] {dag.py:3239} INFO - Sync 1 DAGs
[2025-07-04T07:31:55.290+0000] {logging_mixin.py:190} INFO - [2025-07-04T07:31:55.290+0000] {dag.py:4180} INFO - Setting next_dagrun for extract_raw_data_pipeline to 2025-07-03 07:00:00+00:00, run_after=2025-07-04 07:00:00+00:00
[2025-07-04T07:31:55.324+0000] {processor.py:208} INFO - Processing /opt/airflow/dags/extract_raw_data_pipeline.py took 0.491 seconds
[2025-07-04T07:32:25.425+0000] {processor.py:186} INFO - Started process (PID=278) to work on /opt/airflow/dags/extract_raw_data_pipeline.py
[2025-07-04T07:32:25.427+0000] {processor.py:914} INFO - Processing file /opt/airflow/dags/extract_raw_data_pipeline.py for tasks to queue
[2025-07-04T07:32:25.429+0000] {logging_mixin.py:190} INFO - [2025-07-04T07:32:25.429+0000] {dagbag.py:588} INFO - Filling up the DagBag from /opt/airflow/dags/extract_raw_data_pipeline.py
[2025-07-04T07:32:25.832+0000] {processor.py:925} INFO - DAG(s) 'extract_raw_data_pipeline' retrieved from /opt/airflow/dags/extract_raw_data_pipeline.py
[2025-07-04T07:32:25.866+0000] {logging_mixin.py:190} INFO - [2025-07-04T07:32:25.866+0000] {dag.py:3239} INFO - Sync 1 DAGs
[2025-07-04T07:32:25.895+0000] {logging_mixin.py:190} INFO - [2025-07-04T07:32:25.895+0000] {dag.py:4180} INFO - Setting next_dagrun for extract_raw_data_pipeline to 2025-07-03 07:00:00+00:00, run_after=2025-07-04 07:00:00+00:00
[2025-07-04T07:32:25.920+0000] {processor.py:208} INFO - Processing /opt/airflow/dags/extract_raw_data_pipeline.py took 0.500 seconds
[2025-07-04T07:32:56.667+0000] {processor.py:186} INFO - Started process (PID=287) to work on /opt/airflow/dags/extract_raw_data_pipeline.py
[2025-07-04T07:32:56.668+0000] {processor.py:914} INFO - Processing file /opt/airflow/dags/extract_raw_data_pipeline.py for tasks to queue
[2025-07-04T07:32:56.672+0000] {logging_mixin.py:190} INFO - [2025-07-04T07:32:56.671+0000] {dagbag.py:588} INFO - Filling up the DagBag from /opt/airflow/dags/extract_raw_data_pipeline.py
[2025-07-04T07:32:57.010+0000] {processor.py:925} INFO - DAG(s) 'extract_raw_data_pipeline' retrieved from /opt/airflow/dags/extract_raw_data_pipeline.py
[2025-07-04T07:32:57.035+0000] {logging_mixin.py:190} INFO - [2025-07-04T07:32:57.035+0000] {dag.py:3239} INFO - Sync 1 DAGs
[2025-07-04T07:32:57.062+0000] {logging_mixin.py:190} INFO - [2025-07-04T07:32:57.062+0000] {dag.py:4180} INFO - Setting next_dagrun for extract_raw_data_pipeline to 2025-07-03 07:00:00+00:00, run_after=2025-07-04 07:00:00+00:00
[2025-07-04T07:32:57.084+0000] {processor.py:208} INFO - Processing /opt/airflow/dags/extract_raw_data_pipeline.py took 0.423 seconds
[2025-07-04T07:33:27.202+0000] {processor.py:186} INFO - Started process (PID=296) to work on /opt/airflow/dags/extract_raw_data_pipeline.py
[2025-07-04T07:33:27.203+0000] {processor.py:914} INFO - Processing file /opt/airflow/dags/extract_raw_data_pipeline.py for tasks to queue
[2025-07-04T07:33:27.206+0000] {logging_mixin.py:190} INFO - [2025-07-04T07:33:27.206+0000] {dagbag.py:588} INFO - Filling up the DagBag from /opt/airflow/dags/extract_raw_data_pipeline.py
[2025-07-04T07:33:27.498+0000] {processor.py:925} INFO - DAG(s) 'extract_raw_data_pipeline' retrieved from /opt/airflow/dags/extract_raw_data_pipeline.py
[2025-07-04T07:33:27.520+0000] {logging_mixin.py:190} INFO - [2025-07-04T07:33:27.520+0000] {dag.py:3239} INFO - Sync 1 DAGs
[2025-07-04T07:33:27.541+0000] {logging_mixin.py:190} INFO - [2025-07-04T07:33:27.541+0000] {dag.py:4180} INFO - Setting next_dagrun for extract_raw_data_pipeline to 2025-07-03 07:00:00+00:00, run_after=2025-07-04 07:00:00+00:00
[2025-07-04T07:33:27.560+0000] {processor.py:208} INFO - Processing /opt/airflow/dags/extract_raw_data_pipeline.py took 0.363 seconds
[2025-07-04T07:33:57.839+0000] {processor.py:186} INFO - Started process (PID=305) to work on /opt/airflow/dags/extract_raw_data_pipeline.py
[2025-07-04T07:33:57.841+0000] {processor.py:914} INFO - Processing file /opt/airflow/dags/extract_raw_data_pipeline.py for tasks to queue
[2025-07-04T07:33:57.844+0000] {logging_mixin.py:190} INFO - [2025-07-04T07:33:57.844+0000] {dagbag.py:588} INFO - Filling up the DagBag from /opt/airflow/dags/extract_raw_data_pipeline.py
[2025-07-04T07:33:58.266+0000] {processor.py:925} INFO - DAG(s) 'extract_raw_data_pipeline' retrieved from /opt/airflow/dags/extract_raw_data_pipeline.py
[2025-07-04T07:33:58.301+0000] {logging_mixin.py:190} INFO - [2025-07-04T07:33:58.301+0000] {dag.py:3239} INFO - Sync 1 DAGs
[2025-07-04T07:33:58.331+0000] {logging_mixin.py:190} INFO - [2025-07-04T07:33:58.331+0000] {dag.py:4180} INFO - Setting next_dagrun for extract_raw_data_pipeline to 2025-07-03 07:00:00+00:00, run_after=2025-07-04 07:00:00+00:00
[2025-07-04T07:33:58.377+0000] {processor.py:208} INFO - Processing /opt/airflow/dags/extract_raw_data_pipeline.py took 0.546 seconds
[2025-07-04T07:34:28.495+0000] {processor.py:186} INFO - Started process (PID=314) to work on /opt/airflow/dags/extract_raw_data_pipeline.py
[2025-07-04T07:34:28.497+0000] {processor.py:914} INFO - Processing file /opt/airflow/dags/extract_raw_data_pipeline.py for tasks to queue
[2025-07-04T07:34:28.499+0000] {logging_mixin.py:190} INFO - [2025-07-04T07:34:28.499+0000] {dagbag.py:588} INFO - Filling up the DagBag from /opt/airflow/dags/extract_raw_data_pipeline.py
[2025-07-04T07:34:28.786+0000] {processor.py:925} INFO - DAG(s) 'extract_raw_data_pipeline' retrieved from /opt/airflow/dags/extract_raw_data_pipeline.py
[2025-07-04T07:34:28.815+0000] {logging_mixin.py:190} INFO - [2025-07-04T07:34:28.814+0000] {dag.py:3239} INFO - Sync 1 DAGs
[2025-07-04T07:34:28.836+0000] {logging_mixin.py:190} INFO - [2025-07-04T07:34:28.835+0000] {dag.py:4180} INFO - Setting next_dagrun for extract_raw_data_pipeline to 2025-07-03 07:00:00+00:00, run_after=2025-07-04 07:00:00+00:00
[2025-07-04T07:34:28.852+0000] {processor.py:208} INFO - Processing /opt/airflow/dags/extract_raw_data_pipeline.py took 0.363 seconds
[2025-07-04T07:34:59.805+0000] {processor.py:186} INFO - Started process (PID=323) to work on /opt/airflow/dags/extract_raw_data_pipeline.py
[2025-07-04T07:34:59.814+0000] {processor.py:914} INFO - Processing file /opt/airflow/dags/extract_raw_data_pipeline.py for tasks to queue
[2025-07-04T07:34:59.816+0000] {logging_mixin.py:190} INFO - [2025-07-04T07:34:59.816+0000] {dagbag.py:588} INFO - Filling up the DagBag from /opt/airflow/dags/extract_raw_data_pipeline.py
[2025-07-04T07:35:00.208+0000] {processor.py:925} INFO - DAG(s) 'extract_raw_data_pipeline' retrieved from /opt/airflow/dags/extract_raw_data_pipeline.py
[2025-07-04T07:35:00.234+0000] {logging_mixin.py:190} INFO - [2025-07-04T07:35:00.234+0000] {dag.py:3239} INFO - Sync 1 DAGs
[2025-07-04T07:35:00.265+0000] {logging_mixin.py:190} INFO - [2025-07-04T07:35:00.264+0000] {dag.py:4180} INFO - Setting next_dagrun for extract_raw_data_pipeline to 2025-07-03 07:00:00+00:00, run_after=2025-07-04 07:00:00+00:00
[2025-07-04T07:35:00.297+0000] {processor.py:208} INFO - Processing /opt/airflow/dags/extract_raw_data_pipeline.py took 0.502 seconds
[2025-07-04T07:35:31.143+0000] {processor.py:186} INFO - Started process (PID=332) to work on /opt/airflow/dags/extract_raw_data_pipeline.py
[2025-07-04T07:35:31.145+0000] {processor.py:914} INFO - Processing file /opt/airflow/dags/extract_raw_data_pipeline.py for tasks to queue
[2025-07-04T07:35:31.151+0000] {logging_mixin.py:190} INFO - [2025-07-04T07:35:31.151+0000] {dagbag.py:588} INFO - Filling up the DagBag from /opt/airflow/dags/extract_raw_data_pipeline.py
[2025-07-04T07:35:31.508+0000] {processor.py:925} INFO - DAG(s) 'extract_raw_data_pipeline' retrieved from /opt/airflow/dags/extract_raw_data_pipeline.py
[2025-07-04T07:35:31.534+0000] {logging_mixin.py:190} INFO - [2025-07-04T07:35:31.533+0000] {dag.py:3239} INFO - Sync 1 DAGs
[2025-07-04T07:35:31.555+0000] {logging_mixin.py:190} INFO - [2025-07-04T07:35:31.555+0000] {dag.py:4180} INFO - Setting next_dagrun for extract_raw_data_pipeline to 2025-07-03 07:00:00+00:00, run_after=2025-07-04 07:00:00+00:00
[2025-07-04T07:35:31.573+0000] {processor.py:208} INFO - Processing /opt/airflow/dags/extract_raw_data_pipeline.py took 0.439 seconds
[2025-07-04T07:36:01.633+0000] {processor.py:186} INFO - Started process (PID=341) to work on /opt/airflow/dags/extract_raw_data_pipeline.py
[2025-07-04T07:36:01.635+0000] {processor.py:914} INFO - Processing file /opt/airflow/dags/extract_raw_data_pipeline.py for tasks to queue
[2025-07-04T07:36:01.638+0000] {logging_mixin.py:190} INFO - [2025-07-04T07:36:01.638+0000] {dagbag.py:588} INFO - Filling up the DagBag from /opt/airflow/dags/extract_raw_data_pipeline.py
[2025-07-04T07:36:02.161+0000] {processor.py:925} INFO - DAG(s) 'extract_raw_data_pipeline' retrieved from /opt/airflow/dags/extract_raw_data_pipeline.py
[2025-07-04T07:36:02.212+0000] {logging_mixin.py:190} INFO - [2025-07-04T07:36:02.211+0000] {dag.py:3239} INFO - Sync 1 DAGs
[2025-07-04T07:36:02.258+0000] {logging_mixin.py:190} INFO - [2025-07-04T07:36:02.257+0000] {dag.py:4180} INFO - Setting next_dagrun for extract_raw_data_pipeline to 2025-07-03 07:00:00+00:00, run_after=2025-07-04 07:00:00+00:00
[2025-07-04T07:36:02.290+0000] {processor.py:208} INFO - Processing /opt/airflow/dags/extract_raw_data_pipeline.py took 0.672 seconds
[2025-07-04T07:36:32.893+0000] {processor.py:186} INFO - Started process (PID=350) to work on /opt/airflow/dags/extract_raw_data_pipeline.py
[2025-07-04T07:36:32.894+0000] {processor.py:914} INFO - Processing file /opt/airflow/dags/extract_raw_data_pipeline.py for tasks to queue
[2025-07-04T07:36:32.897+0000] {logging_mixin.py:190} INFO - [2025-07-04T07:36:32.897+0000] {dagbag.py:588} INFO - Filling up the DagBag from /opt/airflow/dags/extract_raw_data_pipeline.py
[2025-07-04T07:36:33.371+0000] {processor.py:925} INFO - DAG(s) 'extract_raw_data_pipeline' retrieved from /opt/airflow/dags/extract_raw_data_pipeline.py
[2025-07-04T07:36:33.401+0000] {logging_mixin.py:190} INFO - [2025-07-04T07:36:33.401+0000] {dag.py:3239} INFO - Sync 1 DAGs
[2025-07-04T07:36:33.424+0000] {logging_mixin.py:190} INFO - [2025-07-04T07:36:33.423+0000] {dag.py:4180} INFO - Setting next_dagrun for extract_raw_data_pipeline to 2025-07-03 07:00:00+00:00, run_after=2025-07-04 07:00:00+00:00
[2025-07-04T07:36:33.447+0000] {processor.py:208} INFO - Processing /opt/airflow/dags/extract_raw_data_pipeline.py took 0.562 seconds
[2025-07-04T07:37:04.243+0000] {processor.py:186} INFO - Started process (PID=359) to work on /opt/airflow/dags/extract_raw_data_pipeline.py
[2025-07-04T07:37:04.244+0000] {processor.py:914} INFO - Processing file /opt/airflow/dags/extract_raw_data_pipeline.py for tasks to queue
[2025-07-04T07:37:04.247+0000] {logging_mixin.py:190} INFO - [2025-07-04T07:37:04.247+0000] {dagbag.py:588} INFO - Filling up the DagBag from /opt/airflow/dags/extract_raw_data_pipeline.py
[2025-07-04T07:37:04.532+0000] {processor.py:925} INFO - DAG(s) 'extract_raw_data_pipeline' retrieved from /opt/airflow/dags/extract_raw_data_pipeline.py
[2025-07-04T07:37:04.556+0000] {logging_mixin.py:190} INFO - [2025-07-04T07:37:04.556+0000] {dag.py:3239} INFO - Sync 1 DAGs
[2025-07-04T07:37:04.577+0000] {logging_mixin.py:190} INFO - [2025-07-04T07:37:04.577+0000] {dag.py:4180} INFO - Setting next_dagrun for extract_raw_data_pipeline to 2025-07-03 07:00:00+00:00, run_after=2025-07-04 07:00:00+00:00
[2025-07-04T07:37:04.611+0000] {processor.py:208} INFO - Processing /opt/airflow/dags/extract_raw_data_pipeline.py took 0.375 seconds
[2025-07-04T07:37:34.664+0000] {processor.py:186} INFO - Started process (PID=369) to work on /opt/airflow/dags/extract_raw_data_pipeline.py
[2025-07-04T07:37:34.666+0000] {processor.py:914} INFO - Processing file /opt/airflow/dags/extract_raw_data_pipeline.py for tasks to queue
[2025-07-04T07:37:34.669+0000] {logging_mixin.py:190} INFO - [2025-07-04T07:37:34.669+0000] {dagbag.py:588} INFO - Filling up the DagBag from /opt/airflow/dags/extract_raw_data_pipeline.py
[2025-07-04T07:37:35.217+0000] {processor.py:925} INFO - DAG(s) 'extract_raw_data_pipeline' retrieved from /opt/airflow/dags/extract_raw_data_pipeline.py
[2025-07-04T07:37:35.288+0000] {logging_mixin.py:190} INFO - [2025-07-04T07:37:35.287+0000] {dag.py:3239} INFO - Sync 1 DAGs
[2025-07-04T07:37:35.368+0000] {logging_mixin.py:190} INFO - [2025-07-04T07:37:35.368+0000] {dag.py:4180} INFO - Setting next_dagrun for extract_raw_data_pipeline to 2025-07-03 07:00:00+00:00, run_after=2025-07-04 07:00:00+00:00
[2025-07-04T07:37:35.412+0000] {processor.py:208} INFO - Processing /opt/airflow/dags/extract_raw_data_pipeline.py took 0.755 seconds
[2025-07-04T07:38:06.081+0000] {processor.py:186} INFO - Started process (PID=379) to work on /opt/airflow/dags/extract_raw_data_pipeline.py
[2025-07-04T07:38:06.082+0000] {processor.py:914} INFO - Processing file /opt/airflow/dags/extract_raw_data_pipeline.py for tasks to queue
[2025-07-04T07:38:06.085+0000] {logging_mixin.py:190} INFO - [2025-07-04T07:38:06.085+0000] {dagbag.py:588} INFO - Filling up the DagBag from /opt/airflow/dags/extract_raw_data_pipeline.py
[2025-07-04T07:38:06.644+0000] {processor.py:925} INFO - DAG(s) 'extract_raw_data_pipeline' retrieved from /opt/airflow/dags/extract_raw_data_pipeline.py
[2025-07-04T07:38:06.673+0000] {logging_mixin.py:190} INFO - [2025-07-04T07:38:06.673+0000] {dag.py:3239} INFO - Sync 1 DAGs
[2025-07-04T07:38:06.699+0000] {logging_mixin.py:190} INFO - [2025-07-04T07:38:06.698+0000] {dag.py:4180} INFO - Setting next_dagrun for extract_raw_data_pipeline to 2025-07-03 07:00:00+00:00, run_after=2025-07-04 07:00:00+00:00
[2025-07-04T07:38:06.734+0000] {processor.py:208} INFO - Processing /opt/airflow/dags/extract_raw_data_pipeline.py took 0.661 seconds
[2025-07-04T07:38:37.544+0000] {processor.py:186} INFO - Started process (PID=388) to work on /opt/airflow/dags/extract_raw_data_pipeline.py
[2025-07-04T07:38:37.546+0000] {processor.py:914} INFO - Processing file /opt/airflow/dags/extract_raw_data_pipeline.py for tasks to queue
[2025-07-04T07:38:37.548+0000] {logging_mixin.py:190} INFO - [2025-07-04T07:38:37.548+0000] {dagbag.py:588} INFO - Filling up the DagBag from /opt/airflow/dags/extract_raw_data_pipeline.py
[2025-07-04T07:38:37.854+0000] {processor.py:925} INFO - DAG(s) 'extract_raw_data_pipeline' retrieved from /opt/airflow/dags/extract_raw_data_pipeline.py
[2025-07-04T07:38:37.879+0000] {logging_mixin.py:190} INFO - [2025-07-04T07:38:37.879+0000] {dag.py:3239} INFO - Sync 1 DAGs
[2025-07-04T07:38:37.901+0000] {logging_mixin.py:190} INFO - [2025-07-04T07:38:37.901+0000] {dag.py:4180} INFO - Setting next_dagrun for extract_raw_data_pipeline to 2025-07-03 07:00:00+00:00, run_after=2025-07-04 07:00:00+00:00
[2025-07-04T07:38:37.920+0000] {processor.py:208} INFO - Processing /opt/airflow/dags/extract_raw_data_pipeline.py took 0.383 seconds
[2025-07-04T07:39:08.011+0000] {processor.py:186} INFO - Started process (PID=397) to work on /opt/airflow/dags/extract_raw_data_pipeline.py
[2025-07-04T07:39:08.012+0000] {processor.py:914} INFO - Processing file /opt/airflow/dags/extract_raw_data_pipeline.py for tasks to queue
[2025-07-04T07:39:08.016+0000] {logging_mixin.py:190} INFO - [2025-07-04T07:39:08.015+0000] {dagbag.py:588} INFO - Filling up the DagBag from /opt/airflow/dags/extract_raw_data_pipeline.py
[2025-07-04T07:39:08.496+0000] {processor.py:925} INFO - DAG(s) 'extract_raw_data_pipeline' retrieved from /opt/airflow/dags/extract_raw_data_pipeline.py
[2025-07-04T07:39:08.525+0000] {logging_mixin.py:190} INFO - [2025-07-04T07:39:08.525+0000] {dag.py:3239} INFO - Sync 1 DAGs
[2025-07-04T07:39:08.553+0000] {logging_mixin.py:190} INFO - [2025-07-04T07:39:08.552+0000] {dag.py:4180} INFO - Setting next_dagrun for extract_raw_data_pipeline to 2025-07-03 07:00:00+00:00, run_after=2025-07-04 07:00:00+00:00
[2025-07-04T07:39:08.589+0000] {processor.py:208} INFO - Processing /opt/airflow/dags/extract_raw_data_pipeline.py took 0.587 seconds
[2025-07-04T07:39:38.710+0000] {processor.py:186} INFO - Started process (PID=407) to work on /opt/airflow/dags/extract_raw_data_pipeline.py
[2025-07-04T07:39:38.712+0000] {processor.py:914} INFO - Processing file /opt/airflow/dags/extract_raw_data_pipeline.py for tasks to queue
[2025-07-04T07:39:38.715+0000] {logging_mixin.py:190} INFO - [2025-07-04T07:39:38.714+0000] {dagbag.py:588} INFO - Filling up the DagBag from /opt/airflow/dags/extract_raw_data_pipeline.py
[2025-07-04T07:39:39.121+0000] {processor.py:925} INFO - DAG(s) 'extract_raw_data_pipeline' retrieved from /opt/airflow/dags/extract_raw_data_pipeline.py
[2025-07-04T07:39:39.161+0000] {logging_mixin.py:190} INFO - [2025-07-04T07:39:39.160+0000] {dag.py:3239} INFO - Sync 1 DAGs
[2025-07-04T07:39:39.214+0000] {logging_mixin.py:190} INFO - [2025-07-04T07:39:39.213+0000] {dag.py:4180} INFO - Setting next_dagrun for extract_raw_data_pipeline to 2025-07-03 07:00:00+00:00, run_after=2025-07-04 07:00:00+00:00
[2025-07-04T07:39:39.268+0000] {processor.py:208} INFO - Processing /opt/airflow/dags/extract_raw_data_pipeline.py took 0.566 seconds
[2025-07-04T07:40:10.061+0000] {processor.py:186} INFO - Started process (PID=416) to work on /opt/airflow/dags/extract_raw_data_pipeline.py
[2025-07-04T07:40:10.069+0000] {processor.py:914} INFO - Processing file /opt/airflow/dags/extract_raw_data_pipeline.py for tasks to queue
[2025-07-04T07:40:10.078+0000] {logging_mixin.py:190} INFO - [2025-07-04T07:40:10.076+0000] {dagbag.py:588} INFO - Filling up the DagBag from /opt/airflow/dags/extract_raw_data_pipeline.py
[2025-07-04T07:40:10.487+0000] {processor.py:925} INFO - DAG(s) 'extract_raw_data_pipeline' retrieved from /opt/airflow/dags/extract_raw_data_pipeline.py
[2025-07-04T07:40:10.518+0000] {logging_mixin.py:190} INFO - [2025-07-04T07:40:10.517+0000] {dag.py:3239} INFO - Sync 1 DAGs
[2025-07-04T07:40:10.543+0000] {logging_mixin.py:190} INFO - [2025-07-04T07:40:10.543+0000] {dag.py:4180} INFO - Setting next_dagrun for extract_raw_data_pipeline to 2025-07-03 07:00:00+00:00, run_after=2025-07-04 07:00:00+00:00
[2025-07-04T07:40:10.573+0000] {processor.py:208} INFO - Processing /opt/airflow/dags/extract_raw_data_pipeline.py took 0.529 seconds
[2025-07-04T07:40:40.759+0000] {processor.py:186} INFO - Started process (PID=425) to work on /opt/airflow/dags/extract_raw_data_pipeline.py
[2025-07-04T07:40:40.762+0000] {processor.py:914} INFO - Processing file /opt/airflow/dags/extract_raw_data_pipeline.py for tasks to queue
[2025-07-04T07:40:40.766+0000] {logging_mixin.py:190} INFO - [2025-07-04T07:40:40.765+0000] {dagbag.py:588} INFO - Filling up the DagBag from /opt/airflow/dags/extract_raw_data_pipeline.py
[2025-07-04T07:40:41.206+0000] {processor.py:925} INFO - DAG(s) 'extract_raw_data_pipeline' retrieved from /opt/airflow/dags/extract_raw_data_pipeline.py
[2025-07-04T07:40:41.235+0000] {logging_mixin.py:190} INFO - [2025-07-04T07:40:41.234+0000] {dag.py:3239} INFO - Sync 1 DAGs
[2025-07-04T07:40:41.262+0000] {logging_mixin.py:190} INFO - [2025-07-04T07:40:41.261+0000] {dag.py:4180} INFO - Setting next_dagrun for extract_raw_data_pipeline to 2025-07-03 07:00:00+00:00, run_after=2025-07-04 07:00:00+00:00
[2025-07-04T07:40:41.302+0000] {processor.py:208} INFO - Processing /opt/airflow/dags/extract_raw_data_pipeline.py took 0.551 seconds
[2025-07-04T07:41:12.095+0000] {processor.py:186} INFO - Started process (PID=434) to work on /opt/airflow/dags/extract_raw_data_pipeline.py
[2025-07-04T07:41:12.096+0000] {processor.py:914} INFO - Processing file /opt/airflow/dags/extract_raw_data_pipeline.py for tasks to queue
[2025-07-04T07:41:12.099+0000] {logging_mixin.py:190} INFO - [2025-07-04T07:41:12.098+0000] {dagbag.py:588} INFO - Filling up the DagBag from /opt/airflow/dags/extract_raw_data_pipeline.py
[2025-07-04T07:41:12.404+0000] {processor.py:925} INFO - DAG(s) 'extract_raw_data_pipeline' retrieved from /opt/airflow/dags/extract_raw_data_pipeline.py
[2025-07-04T07:41:12.427+0000] {logging_mixin.py:190} INFO - [2025-07-04T07:41:12.427+0000] {dag.py:3239} INFO - Sync 1 DAGs
[2025-07-04T07:41:12.452+0000] {logging_mixin.py:190} INFO - [2025-07-04T07:41:12.452+0000] {dag.py:4180} INFO - Setting next_dagrun for extract_raw_data_pipeline to 2025-07-03 07:00:00+00:00, run_after=2025-07-04 07:00:00+00:00
[2025-07-04T07:41:12.474+0000] {processor.py:208} INFO - Processing /opt/airflow/dags/extract_raw_data_pipeline.py took 0.386 seconds
[2025-07-04T07:41:43.392+0000] {processor.py:186} INFO - Started process (PID=443) to work on /opt/airflow/dags/extract_raw_data_pipeline.py
[2025-07-04T07:41:43.393+0000] {processor.py:914} INFO - Processing file /opt/airflow/dags/extract_raw_data_pipeline.py for tasks to queue
[2025-07-04T07:41:43.396+0000] {logging_mixin.py:190} INFO - [2025-07-04T07:41:43.396+0000] {dagbag.py:588} INFO - Filling up the DagBag from /opt/airflow/dags/extract_raw_data_pipeline.py
[2025-07-04T07:41:43.716+0000] {processor.py:925} INFO - DAG(s) 'extract_raw_data_pipeline' retrieved from /opt/airflow/dags/extract_raw_data_pipeline.py
[2025-07-04T07:41:43.742+0000] {logging_mixin.py:190} INFO - [2025-07-04T07:41:43.741+0000] {dag.py:3239} INFO - Sync 1 DAGs
[2025-07-04T07:41:43.764+0000] {logging_mixin.py:190} INFO - [2025-07-04T07:41:43.764+0000] {dag.py:4180} INFO - Setting next_dagrun for extract_raw_data_pipeline to 2025-07-03 07:00:00+00:00, run_after=2025-07-04 07:00:00+00:00
[2025-07-04T07:41:43.808+0000] {processor.py:208} INFO - Processing /opt/airflow/dags/extract_raw_data_pipeline.py took 0.423 seconds
[2025-07-04T07:42:13.888+0000] {processor.py:186} INFO - Started process (PID=452) to work on /opt/airflow/dags/extract_raw_data_pipeline.py
[2025-07-04T07:42:13.889+0000] {processor.py:914} INFO - Processing file /opt/airflow/dags/extract_raw_data_pipeline.py for tasks to queue
[2025-07-04T07:42:13.892+0000] {logging_mixin.py:190} INFO - [2025-07-04T07:42:13.891+0000] {dagbag.py:588} INFO - Filling up the DagBag from /opt/airflow/dags/extract_raw_data_pipeline.py
[2025-07-04T07:42:14.224+0000] {processor.py:925} INFO - DAG(s) 'extract_raw_data_pipeline' retrieved from /opt/airflow/dags/extract_raw_data_pipeline.py
[2025-07-04T07:42:14.249+0000] {logging_mixin.py:190} INFO - [2025-07-04T07:42:14.249+0000] {dag.py:3239} INFO - Sync 1 DAGs
[2025-07-04T07:42:14.270+0000] {logging_mixin.py:190} INFO - [2025-07-04T07:42:14.269+0000] {dag.py:4180} INFO - Setting next_dagrun for extract_raw_data_pipeline to 2025-07-03 07:00:00+00:00, run_after=2025-07-04 07:00:00+00:00
[2025-07-04T07:42:14.291+0000] {processor.py:208} INFO - Processing /opt/airflow/dags/extract_raw_data_pipeline.py took 0.411 seconds
[2025-07-04T07:42:45.140+0000] {processor.py:186} INFO - Started process (PID=466) to work on /opt/airflow/dags/extract_raw_data_pipeline.py
[2025-07-04T07:42:45.141+0000] {processor.py:914} INFO - Processing file /opt/airflow/dags/extract_raw_data_pipeline.py for tasks to queue
[2025-07-04T07:42:45.145+0000] {logging_mixin.py:190} INFO - [2025-07-04T07:42:45.144+0000] {dagbag.py:588} INFO - Filling up the DagBag from /opt/airflow/dags/extract_raw_data_pipeline.py
[2025-07-04T07:42:45.650+0000] {processor.py:925} INFO - DAG(s) 'extract_raw_data_pipeline' retrieved from /opt/airflow/dags/extract_raw_data_pipeline.py
[2025-07-04T07:42:45.684+0000] {logging_mixin.py:190} INFO - [2025-07-04T07:42:45.684+0000] {dag.py:3239} INFO - Sync 1 DAGs
[2025-07-04T07:42:45.713+0000] {logging_mixin.py:190} INFO - [2025-07-04T07:42:45.713+0000] {dag.py:4180} INFO - Setting next_dagrun for extract_raw_data_pipeline to 2025-07-03 07:00:00+00:00, run_after=2025-07-04 07:00:00+00:00
[2025-07-04T07:42:45.764+0000] {processor.py:208} INFO - Processing /opt/airflow/dags/extract_raw_data_pipeline.py took 0.632 seconds
[2025-07-04T07:43:16.487+0000] {processor.py:186} INFO - Started process (PID=475) to work on /opt/airflow/dags/extract_raw_data_pipeline.py
[2025-07-04T07:43:16.488+0000] {processor.py:914} INFO - Processing file /opt/airflow/dags/extract_raw_data_pipeline.py for tasks to queue
[2025-07-04T07:43:16.491+0000] {logging_mixin.py:190} INFO - [2025-07-04T07:43:16.491+0000] {dagbag.py:588} INFO - Filling up the DagBag from /opt/airflow/dags/extract_raw_data_pipeline.py
[2025-07-04T07:43:16.879+0000] {processor.py:925} INFO - DAG(s) 'extract_raw_data_pipeline' retrieved from /opt/airflow/dags/extract_raw_data_pipeline.py
[2025-07-04T07:43:16.909+0000] {logging_mixin.py:190} INFO - [2025-07-04T07:43:16.909+0000] {dag.py:3239} INFO - Sync 1 DAGs
[2025-07-04T07:43:16.938+0000] {logging_mixin.py:190} INFO - [2025-07-04T07:43:16.937+0000] {dag.py:4180} INFO - Setting next_dagrun for extract_raw_data_pipeline to 2025-07-03 07:00:00+00:00, run_after=2025-07-04 07:00:00+00:00
[2025-07-04T07:43:16.966+0000] {processor.py:208} INFO - Processing /opt/airflow/dags/extract_raw_data_pipeline.py took 0.484 seconds
[2025-07-04T07:43:47.148+0000] {processor.py:186} INFO - Started process (PID=484) to work on /opt/airflow/dags/extract_raw_data_pipeline.py
[2025-07-04T07:43:47.150+0000] {processor.py:914} INFO - Processing file /opt/airflow/dags/extract_raw_data_pipeline.py for tasks to queue
[2025-07-04T07:43:47.155+0000] {logging_mixin.py:190} INFO - [2025-07-04T07:43:47.155+0000] {dagbag.py:588} INFO - Filling up the DagBag from /opt/airflow/dags/extract_raw_data_pipeline.py
[2025-07-04T07:43:47.557+0000] {processor.py:925} INFO - DAG(s) 'extract_raw_data_pipeline' retrieved from /opt/airflow/dags/extract_raw_data_pipeline.py
[2025-07-04T07:43:47.594+0000] {logging_mixin.py:190} INFO - [2025-07-04T07:43:47.594+0000] {dag.py:3239} INFO - Sync 1 DAGs
[2025-07-04T07:43:47.628+0000] {logging_mixin.py:190} INFO - [2025-07-04T07:43:47.628+0000] {dag.py:4180} INFO - Setting next_dagrun for extract_raw_data_pipeline to 2025-07-03 07:00:00+00:00, run_after=2025-07-04 07:00:00+00:00
[2025-07-04T07:43:47.660+0000] {processor.py:208} INFO - Processing /opt/airflow/dags/extract_raw_data_pipeline.py took 0.519 seconds
[2025-07-04T07:44:18.447+0000] {processor.py:186} INFO - Started process (PID=493) to work on /opt/airflow/dags/extract_raw_data_pipeline.py
[2025-07-04T07:44:18.449+0000] {processor.py:914} INFO - Processing file /opt/airflow/dags/extract_raw_data_pipeline.py for tasks to queue
[2025-07-04T07:44:18.453+0000] {logging_mixin.py:190} INFO - [2025-07-04T07:44:18.452+0000] {dagbag.py:588} INFO - Filling up the DagBag from /opt/airflow/dags/extract_raw_data_pipeline.py
[2025-07-04T07:44:19.013+0000] {processor.py:925} INFO - DAG(s) 'extract_raw_data_pipeline' retrieved from /opt/airflow/dags/extract_raw_data_pipeline.py
[2025-07-04T07:44:19.114+0000] {logging_mixin.py:190} INFO - [2025-07-04T07:44:19.114+0000] {dag.py:3239} INFO - Sync 1 DAGs
[2025-07-04T07:44:19.277+0000] {logging_mixin.py:190} INFO - [2025-07-04T07:44:19.276+0000] {dag.py:4180} INFO - Setting next_dagrun for extract_raw_data_pipeline to 2025-07-03 07:00:00+00:00, run_after=2025-07-04 07:00:00+00:00
[2025-07-04T07:44:19.318+0000] {processor.py:208} INFO - Processing /opt/airflow/dags/extract_raw_data_pipeline.py took 0.883 seconds
[2025-07-04T07:44:49.975+0000] {processor.py:186} INFO - Started process (PID=502) to work on /opt/airflow/dags/extract_raw_data_pipeline.py
[2025-07-04T07:44:49.976+0000] {processor.py:914} INFO - Processing file /opt/airflow/dags/extract_raw_data_pipeline.py for tasks to queue
[2025-07-04T07:44:49.979+0000] {logging_mixin.py:190} INFO - [2025-07-04T07:44:49.979+0000] {dagbag.py:588} INFO - Filling up the DagBag from /opt/airflow/dags/extract_raw_data_pipeline.py
[2025-07-04T07:44:50.663+0000] {processor.py:925} INFO - DAG(s) 'extract_raw_data_pipeline' retrieved from /opt/airflow/dags/extract_raw_data_pipeline.py
[2025-07-04T07:44:50.711+0000] {logging_mixin.py:190} INFO - [2025-07-04T07:44:50.710+0000] {dag.py:3239} INFO - Sync 1 DAGs
[2025-07-04T07:44:50.745+0000] {logging_mixin.py:190} INFO - [2025-07-04T07:44:50.745+0000] {dag.py:4180} INFO - Setting next_dagrun for extract_raw_data_pipeline to 2025-07-03 07:00:00+00:00, run_after=2025-07-04 07:00:00+00:00
[2025-07-04T07:44:50.786+0000] {processor.py:208} INFO - Processing /opt/airflow/dags/extract_raw_data_pipeline.py took 0.819 seconds
[2025-07-04T07:45:21.632+0000] {processor.py:186} INFO - Started process (PID=511) to work on /opt/airflow/dags/extract_raw_data_pipeline.py
[2025-07-04T07:45:21.633+0000] {processor.py:914} INFO - Processing file /opt/airflow/dags/extract_raw_data_pipeline.py for tasks to queue
[2025-07-04T07:45:21.635+0000] {logging_mixin.py:190} INFO - [2025-07-04T07:45:21.635+0000] {dagbag.py:588} INFO - Filling up the DagBag from /opt/airflow/dags/extract_raw_data_pipeline.py
[2025-07-04T07:45:21.925+0000] {processor.py:925} INFO - DAG(s) 'extract_raw_data_pipeline' retrieved from /opt/airflow/dags/extract_raw_data_pipeline.py
[2025-07-04T07:45:21.953+0000] {logging_mixin.py:190} INFO - [2025-07-04T07:45:21.953+0000] {dag.py:3239} INFO - Sync 1 DAGs
[2025-07-04T07:45:21.977+0000] {logging_mixin.py:190} INFO - [2025-07-04T07:45:21.977+0000] {dag.py:4180} INFO - Setting next_dagrun for extract_raw_data_pipeline to 2025-07-03 07:00:00+00:00, run_after=2025-07-04 07:00:00+00:00
[2025-07-04T07:45:21.996+0000] {processor.py:208} INFO - Processing /opt/airflow/dags/extract_raw_data_pipeline.py took 0.369 seconds
[2025-07-04T07:45:52.182+0000] {processor.py:186} INFO - Started process (PID=520) to work on /opt/airflow/dags/extract_raw_data_pipeline.py
[2025-07-04T07:45:52.183+0000] {processor.py:914} INFO - Processing file /opt/airflow/dags/extract_raw_data_pipeline.py for tasks to queue
[2025-07-04T07:45:52.187+0000] {logging_mixin.py:190} INFO - [2025-07-04T07:45:52.186+0000] {dagbag.py:588} INFO - Filling up the DagBag from /opt/airflow/dags/extract_raw_data_pipeline.py
[2025-07-04T07:45:52.516+0000] {processor.py:925} INFO - DAG(s) 'extract_raw_data_pipeline' retrieved from /opt/airflow/dags/extract_raw_data_pipeline.py
[2025-07-04T07:45:52.543+0000] {logging_mixin.py:190} INFO - [2025-07-04T07:45:52.543+0000] {dag.py:3239} INFO - Sync 1 DAGs
[2025-07-04T07:45:52.564+0000] {logging_mixin.py:190} INFO - [2025-07-04T07:45:52.564+0000] {dag.py:4180} INFO - Setting next_dagrun for extract_raw_data_pipeline to 2025-07-03 07:00:00+00:00, run_after=2025-07-04 07:00:00+00:00
[2025-07-04T07:45:52.584+0000] {processor.py:208} INFO - Processing /opt/airflow/dags/extract_raw_data_pipeline.py took 0.409 seconds
[2025-07-04T07:46:23.524+0000] {processor.py:186} INFO - Started process (PID=530) to work on /opt/airflow/dags/extract_raw_data_pipeline.py
[2025-07-04T07:46:23.525+0000] {processor.py:914} INFO - Processing file /opt/airflow/dags/extract_raw_data_pipeline.py for tasks to queue
[2025-07-04T07:46:23.529+0000] {logging_mixin.py:190} INFO - [2025-07-04T07:46:23.528+0000] {dagbag.py:588} INFO - Filling up the DagBag from /opt/airflow/dags/extract_raw_data_pipeline.py
[2025-07-04T07:46:23.949+0000] {processor.py:925} INFO - DAG(s) 'extract_raw_data_pipeline' retrieved from /opt/airflow/dags/extract_raw_data_pipeline.py
[2025-07-04T07:46:23.975+0000] {logging_mixin.py:190} INFO - [2025-07-04T07:46:23.975+0000] {dag.py:3239} INFO - Sync 1 DAGs
[2025-07-04T07:46:24.001+0000] {logging_mixin.py:190} INFO - [2025-07-04T07:46:24.000+0000] {dag.py:4180} INFO - Setting next_dagrun for extract_raw_data_pipeline to 2025-07-03 07:00:00+00:00, run_after=2025-07-04 07:00:00+00:00
[2025-07-04T07:46:24.027+0000] {processor.py:208} INFO - Processing /opt/airflow/dags/extract_raw_data_pipeline.py took 0.511 seconds
[2025-07-04T07:46:54.097+0000] {processor.py:186} INFO - Started process (PID=539) to work on /opt/airflow/dags/extract_raw_data_pipeline.py
[2025-07-04T07:46:54.098+0000] {processor.py:914} INFO - Processing file /opt/airflow/dags/extract_raw_data_pipeline.py for tasks to queue
[2025-07-04T07:46:54.101+0000] {logging_mixin.py:190} INFO - [2025-07-04T07:46:54.101+0000] {dagbag.py:588} INFO - Filling up the DagBag from /opt/airflow/dags/extract_raw_data_pipeline.py
[2025-07-04T07:46:54.398+0000] {processor.py:925} INFO - DAG(s) 'extract_raw_data_pipeline' retrieved from /opt/airflow/dags/extract_raw_data_pipeline.py
[2025-07-04T07:46:54.431+0000] {logging_mixin.py:190} INFO - [2025-07-04T07:46:54.431+0000] {dag.py:3239} INFO - Sync 1 DAGs
[2025-07-04T07:46:54.457+0000] {logging_mixin.py:190} INFO - [2025-07-04T07:46:54.457+0000] {dag.py:4180} INFO - Setting next_dagrun for extract_raw_data_pipeline to 2025-07-03 07:00:00+00:00, run_after=2025-07-04 07:00:00+00:00
[2025-07-04T07:46:54.486+0000] {processor.py:208} INFO - Processing /opt/airflow/dags/extract_raw_data_pipeline.py took 0.395 seconds
[2025-07-04T18:23:49.375+0000] {processor.py:186} INFO - Started process (PID=81) to work on /opt/airflow/dags/extract_raw_data_pipeline.py
[2025-07-04T18:23:49.376+0000] {processor.py:914} INFO - Processing file /opt/airflow/dags/extract_raw_data_pipeline.py for tasks to queue
[2025-07-04T18:23:49.383+0000] {logging_mixin.py:190} INFO - [2025-07-04T18:23:49.378+0000] {dagbag.py:588} INFO - Filling up the DagBag from /opt/airflow/dags/extract_raw_data_pipeline.py
[2025-07-04T18:23:56.977+0000] {processor.py:925} INFO - DAG(s) 'extract_raw_data_pipeline' retrieved from /opt/airflow/dags/extract_raw_data_pipeline.py
[2025-07-04T18:23:57.051+0000] {logging_mixin.py:190} INFO - [2025-07-04T18:23:57.051+0000] {dag.py:3239} INFO - Sync 1 DAGs
[2025-07-04T18:23:57.119+0000] {logging_mixin.py:190} INFO - [2025-07-04T18:23:57.119+0000] {dag.py:4180} INFO - Setting next_dagrun for extract_raw_data_pipeline to 2025-07-03 07:00:00+00:00, run_after=2025-07-04 07:00:00+00:00
[2025-07-04T18:23:57.159+0000] {processor.py:208} INFO - Processing /opt/airflow/dags/extract_raw_data_pipeline.py took 7.858 seconds
[2025-07-04T18:26:33.250+0000] {processor.py:186} INFO - Started process (PID=80) to work on /opt/airflow/dags/extract_raw_data_pipeline.py
[2025-07-04T18:26:33.278+0000] {processor.py:914} INFO - Processing file /opt/airflow/dags/extract_raw_data_pipeline.py for tasks to queue
[2025-07-04T18:26:33.296+0000] {logging_mixin.py:190} INFO - [2025-07-04T18:26:33.295+0000] {dagbag.py:588} INFO - Filling up the DagBag from /opt/airflow/dags/extract_raw_data_pipeline.py
[2025-07-04T18:26:59.766+0000] {processor.py:925} INFO - DAG(s) 'extract_raw_data_pipeline' retrieved from /opt/airflow/dags/extract_raw_data_pipeline.py
[2025-07-04T18:27:00.147+0000] {logging_mixin.py:190} INFO - [2025-07-04T18:27:00.145+0000] {override.py:1900} INFO - Created Permission View: can edit on DAG:extract_raw_data_pipeline
[2025-07-04T18:27:00.163+0000] {logging_mixin.py:190} INFO - [2025-07-04T18:27:00.163+0000] {override.py:1900} INFO - Created Permission View: can read on DAG:extract_raw_data_pipeline
[2025-07-04T18:27:00.173+0000] {logging_mixin.py:190} INFO - [2025-07-04T18:27:00.172+0000] {override.py:1900} INFO - Created Permission View: can delete on DAG:extract_raw_data_pipeline
[2025-07-04T18:27:00.182+0000] {logging_mixin.py:190} INFO - [2025-07-04T18:27:00.182+0000] {override.py:1900} INFO - Created Permission View: can read on DAG Run:extract_raw_data_pipeline
[2025-07-04T18:27:00.193+0000] {logging_mixin.py:190} INFO - [2025-07-04T18:27:00.192+0000] {override.py:1900} INFO - Created Permission View: can create on DAG Run:extract_raw_data_pipeline
[2025-07-04T18:27:00.202+0000] {logging_mixin.py:190} INFO - [2025-07-04T18:27:00.201+0000] {override.py:1900} INFO - Created Permission View: menu access on DAG Run:extract_raw_data_pipeline
[2025-07-04T18:27:00.211+0000] {logging_mixin.py:190} INFO - [2025-07-04T18:27:00.211+0000] {override.py:1900} INFO - Created Permission View: can delete on DAG Run:extract_raw_data_pipeline
[2025-07-04T18:27:00.212+0000] {logging_mixin.py:190} INFO - [2025-07-04T18:27:00.212+0000] {dag.py:3239} INFO - Sync 1 DAGs
[2025-07-04T18:27:00.233+0000] {logging_mixin.py:190} INFO - [2025-07-04T18:27:00.232+0000] {dag.py:3262} INFO - Creating ORM DAG for extract_raw_data_pipeline
[2025-07-04T18:27:00.250+0000] {logging_mixin.py:190} INFO - [2025-07-04T18:27:00.250+0000] {dag.py:4180} INFO - Setting next_dagrun for extract_raw_data_pipeline to 2025-07-03 07:00:00+00:00, run_after=2025-07-04 07:00:00+00:00
[2025-07-04T18:27:00.294+0000] {processor.py:208} INFO - Processing /opt/airflow/dags/extract_raw_data_pipeline.py took 27.116 seconds
[2025-07-04T18:27:30.962+0000] {processor.py:186} INFO - Started process (PID=95) to work on /opt/airflow/dags/extract_raw_data_pipeline.py
[2025-07-04T18:27:30.964+0000] {processor.py:914} INFO - Processing file /opt/airflow/dags/extract_raw_data_pipeline.py for tasks to queue
[2025-07-04T18:27:30.968+0000] {logging_mixin.py:190} INFO - [2025-07-04T18:27:30.967+0000] {dagbag.py:588} INFO - Filling up the DagBag from /opt/airflow/dags/extract_raw_data_pipeline.py
[2025-07-04T18:27:31.567+0000] {processor.py:925} INFO - DAG(s) 'extract_raw_data_pipeline' retrieved from /opt/airflow/dags/extract_raw_data_pipeline.py
[2025-07-04T18:27:31.592+0000] {logging_mixin.py:190} INFO - [2025-07-04T18:27:31.592+0000] {dag.py:3239} INFO - Sync 1 DAGs
[2025-07-04T18:27:31.611+0000] {logging_mixin.py:190} INFO - [2025-07-04T18:27:31.610+0000] {dag.py:4180} INFO - Setting next_dagrun for extract_raw_data_pipeline to 2025-07-03 07:00:00+00:00, run_after=2025-07-04 07:00:00+00:00
[2025-07-04T18:27:31.627+0000] {processor.py:208} INFO - Processing /opt/airflow/dags/extract_raw_data_pipeline.py took 0.670 seconds
[2025-07-04T18:28:02.109+0000] {processor.py:186} INFO - Started process (PID=104) to work on /opt/airflow/dags/extract_raw_data_pipeline.py
[2025-07-04T18:28:02.110+0000] {processor.py:914} INFO - Processing file /opt/airflow/dags/extract_raw_data_pipeline.py for tasks to queue
[2025-07-04T18:28:02.117+0000] {logging_mixin.py:190} INFO - [2025-07-04T18:28:02.116+0000] {dagbag.py:588} INFO - Filling up the DagBag from /opt/airflow/dags/extract_raw_data_pipeline.py
[2025-07-04T18:28:02.615+0000] {processor.py:925} INFO - DAG(s) 'extract_raw_data_pipeline' retrieved from /opt/airflow/dags/extract_raw_data_pipeline.py
[2025-07-04T18:28:02.637+0000] {logging_mixin.py:190} INFO - [2025-07-04T18:28:02.637+0000] {dag.py:3239} INFO - Sync 1 DAGs
[2025-07-04T18:28:02.662+0000] {logging_mixin.py:190} INFO - [2025-07-04T18:28:02.662+0000] {dag.py:4180} INFO - Setting next_dagrun for extract_raw_data_pipeline to 2025-07-03 07:00:00+00:00, run_after=2025-07-04 07:00:00+00:00
[2025-07-04T18:28:02.681+0000] {processor.py:208} INFO - Processing /opt/airflow/dags/extract_raw_data_pipeline.py took 0.580 seconds
[2025-07-04T18:28:33.430+0000] {processor.py:186} INFO - Started process (PID=113) to work on /opt/airflow/dags/extract_raw_data_pipeline.py
[2025-07-04T18:28:33.580+0000] {processor.py:914} INFO - Processing file /opt/airflow/dags/extract_raw_data_pipeline.py for tasks to queue
[2025-07-04T18:28:33.589+0000] {logging_mixin.py:190} INFO - [2025-07-04T18:28:33.589+0000] {dagbag.py:588} INFO - Filling up the DagBag from /opt/airflow/dags/extract_raw_data_pipeline.py
[2025-07-04T18:28:40.063+0000] {processor.py:925} INFO - DAG(s) 'extract_raw_data_pipeline' retrieved from /opt/airflow/dags/extract_raw_data_pipeline.py
[2025-07-04T18:28:40.174+0000] {logging_mixin.py:190} INFO - [2025-07-04T18:28:40.173+0000] {dag.py:3239} INFO - Sync 1 DAGs
[2025-07-04T18:28:40.273+0000] {logging_mixin.py:190} INFO - [2025-07-04T18:28:40.273+0000] {dag.py:4180} INFO - Setting next_dagrun for extract_raw_data_pipeline to 2025-07-03 07:00:00+00:00, run_after=2025-07-04 07:00:00+00:00
[2025-07-04T18:28:40.342+0000] {processor.py:208} INFO - Processing /opt/airflow/dags/extract_raw_data_pipeline.py took 6.934 seconds
[2025-07-04T18:29:10.949+0000] {processor.py:186} INFO - Started process (PID=124) to work on /opt/airflow/dags/extract_raw_data_pipeline.py
[2025-07-04T18:29:10.950+0000] {processor.py:914} INFO - Processing file /opt/airflow/dags/extract_raw_data_pipeline.py for tasks to queue
[2025-07-04T18:29:10.952+0000] {logging_mixin.py:190} INFO - [2025-07-04T18:29:10.952+0000] {dagbag.py:588} INFO - Filling up the DagBag from /opt/airflow/dags/extract_raw_data_pipeline.py
[2025-07-04T18:29:13.277+0000] {processor.py:925} INFO - DAG(s) 'extract_raw_data_pipeline' retrieved from /opt/airflow/dags/extract_raw_data_pipeline.py
[2025-07-04T18:29:13.322+0000] {logging_mixin.py:190} INFO - [2025-07-04T18:29:13.322+0000] {dag.py:3239} INFO - Sync 1 DAGs
[2025-07-04T18:29:13.356+0000] {logging_mixin.py:190} INFO - [2025-07-04T18:29:13.356+0000] {dag.py:4180} INFO - Setting next_dagrun for extract_raw_data_pipeline to 2025-07-03 07:00:00+00:00, run_after=2025-07-04 07:00:00+00:00
[2025-07-04T18:29:13.386+0000] {processor.py:208} INFO - Processing /opt/airflow/dags/extract_raw_data_pipeline.py took 2.448 seconds
[2025-07-04T18:29:43.482+0000] {processor.py:186} INFO - Started process (PID=140) to work on /opt/airflow/dags/extract_raw_data_pipeline.py
[2025-07-04T18:29:43.483+0000] {processor.py:914} INFO - Processing file /opt/airflow/dags/extract_raw_data_pipeline.py for tasks to queue
[2025-07-04T18:29:43.487+0000] {logging_mixin.py:190} INFO - [2025-07-04T18:29:43.486+0000] {dagbag.py:588} INFO - Filling up the DagBag from /opt/airflow/dags/extract_raw_data_pipeline.py
[2025-07-04T18:29:44.358+0000] {processor.py:925} INFO - DAG(s) 'extract_raw_data_pipeline' retrieved from /opt/airflow/dags/extract_raw_data_pipeline.py
[2025-07-04T18:29:44.413+0000] {logging_mixin.py:190} INFO - [2025-07-04T18:29:44.413+0000] {dag.py:3239} INFO - Sync 1 DAGs
[2025-07-04T18:29:44.470+0000] {logging_mixin.py:190} INFO - [2025-07-04T18:29:44.470+0000] {dag.py:4180} INFO - Setting next_dagrun for extract_raw_data_pipeline to 2025-07-03 07:00:00+00:00, run_after=2025-07-04 07:00:00+00:00
[2025-07-04T18:29:44.527+0000] {processor.py:208} INFO - Processing /opt/airflow/dags/extract_raw_data_pipeline.py took 1.051 seconds
[2025-07-04T18:30:14.936+0000] {processor.py:186} INFO - Started process (PID=149) to work on /opt/airflow/dags/extract_raw_data_pipeline.py
[2025-07-04T18:30:14.937+0000] {processor.py:914} INFO - Processing file /opt/airflow/dags/extract_raw_data_pipeline.py for tasks to queue
[2025-07-04T18:30:14.940+0000] {logging_mixin.py:190} INFO - [2025-07-04T18:30:14.939+0000] {dagbag.py:588} INFO - Filling up the DagBag from /opt/airflow/dags/extract_raw_data_pipeline.py
[2025-07-04T18:30:15.327+0000] {processor.py:925} INFO - DAG(s) 'extract_raw_data_pipeline' retrieved from /opt/airflow/dags/extract_raw_data_pipeline.py
[2025-07-04T18:30:15.347+0000] {logging_mixin.py:190} INFO - [2025-07-04T18:30:15.346+0000] {dag.py:3239} INFO - Sync 1 DAGs
[2025-07-04T18:30:15.364+0000] {logging_mixin.py:190} INFO - [2025-07-04T18:30:15.364+0000] {dag.py:4180} INFO - Setting next_dagrun for extract_raw_data_pipeline to 2025-07-03 07:00:00+00:00, run_after=2025-07-04 07:00:00+00:00
[2025-07-04T18:30:15.383+0000] {processor.py:208} INFO - Processing /opt/airflow/dags/extract_raw_data_pipeline.py took 0.451 seconds
[2025-07-04T18:30:45.656+0000] {processor.py:186} INFO - Started process (PID=158) to work on /opt/airflow/dags/extract_raw_data_pipeline.py
[2025-07-04T18:30:45.657+0000] {processor.py:914} INFO - Processing file /opt/airflow/dags/extract_raw_data_pipeline.py for tasks to queue
[2025-07-04T18:30:45.659+0000] {logging_mixin.py:190} INFO - [2025-07-04T18:30:45.659+0000] {dagbag.py:588} INFO - Filling up the DagBag from /opt/airflow/dags/extract_raw_data_pipeline.py
[2025-07-04T18:30:46.091+0000] {processor.py:925} INFO - DAG(s) 'extract_raw_data_pipeline' retrieved from /opt/airflow/dags/extract_raw_data_pipeline.py
[2025-07-04T18:30:46.130+0000] {logging_mixin.py:190} INFO - [2025-07-04T18:30:46.130+0000] {dag.py:3239} INFO - Sync 1 DAGs
[2025-07-04T18:30:46.165+0000] {logging_mixin.py:190} INFO - [2025-07-04T18:30:46.164+0000] {dag.py:4180} INFO - Setting next_dagrun for extract_raw_data_pipeline to 2025-07-03 07:00:00+00:00, run_after=2025-07-04 07:00:00+00:00
[2025-07-04T18:30:46.193+0000] {processor.py:208} INFO - Processing /opt/airflow/dags/extract_raw_data_pipeline.py took 0.543 seconds
[2025-07-04T18:31:16.303+0000] {processor.py:186} INFO - Started process (PID=166) to work on /opt/airflow/dags/extract_raw_data_pipeline.py
[2025-07-04T18:31:16.305+0000] {processor.py:914} INFO - Processing file /opt/airflow/dags/extract_raw_data_pipeline.py for tasks to queue
[2025-07-04T18:31:16.309+0000] {logging_mixin.py:190} INFO - [2025-07-04T18:31:16.308+0000] {dagbag.py:588} INFO - Filling up the DagBag from /opt/airflow/dags/extract_raw_data_pipeline.py
[2025-07-04T18:31:16.707+0000] {processor.py:925} INFO - DAG(s) 'extract_raw_data_pipeline' retrieved from /opt/airflow/dags/extract_raw_data_pipeline.py
[2025-07-04T18:31:16.729+0000] {logging_mixin.py:190} INFO - [2025-07-04T18:31:16.729+0000] {dag.py:3239} INFO - Sync 1 DAGs
[2025-07-04T18:31:16.746+0000] {logging_mixin.py:190} INFO - [2025-07-04T18:31:16.745+0000] {dag.py:4180} INFO - Setting next_dagrun for extract_raw_data_pipeline to 2025-07-03 07:00:00+00:00, run_after=2025-07-04 07:00:00+00:00
[2025-07-04T18:31:16.768+0000] {processor.py:208} INFO - Processing /opt/airflow/dags/extract_raw_data_pipeline.py took 0.476 seconds
[2025-07-04T18:31:46.973+0000] {processor.py:186} INFO - Started process (PID=175) to work on /opt/airflow/dags/extract_raw_data_pipeline.py
[2025-07-04T18:31:46.974+0000] {processor.py:914} INFO - Processing file /opt/airflow/dags/extract_raw_data_pipeline.py for tasks to queue
[2025-07-04T18:31:46.977+0000] {logging_mixin.py:190} INFO - [2025-07-04T18:31:46.977+0000] {dagbag.py:588} INFO - Filling up the DagBag from /opt/airflow/dags/extract_raw_data_pipeline.py
[2025-07-04T18:31:47.424+0000] {processor.py:925} INFO - DAG(s) 'extract_raw_data_pipeline' retrieved from /opt/airflow/dags/extract_raw_data_pipeline.py
[2025-07-04T18:31:47.449+0000] {logging_mixin.py:190} INFO - [2025-07-04T18:31:47.449+0000] {dag.py:3239} INFO - Sync 1 DAGs
[2025-07-04T18:31:47.471+0000] {logging_mixin.py:190} INFO - [2025-07-04T18:31:47.470+0000] {dag.py:4180} INFO - Setting next_dagrun for extract_raw_data_pipeline to 2025-07-03 07:00:00+00:00, run_after=2025-07-04 07:00:00+00:00
[2025-07-04T18:31:47.487+0000] {processor.py:208} INFO - Processing /opt/airflow/dags/extract_raw_data_pipeline.py took 0.519 seconds
[2025-07-04T18:32:17.618+0000] {processor.py:186} INFO - Started process (PID=184) to work on /opt/airflow/dags/extract_raw_data_pipeline.py
[2025-07-04T18:32:17.619+0000] {processor.py:914} INFO - Processing file /opt/airflow/dags/extract_raw_data_pipeline.py for tasks to queue
[2025-07-04T18:32:17.622+0000] {logging_mixin.py:190} INFO - [2025-07-04T18:32:17.621+0000] {dagbag.py:588} INFO - Filling up the DagBag from /opt/airflow/dags/extract_raw_data_pipeline.py
[2025-07-04T18:32:18.116+0000] {processor.py:925} INFO - DAG(s) 'extract_raw_data_pipeline' retrieved from /opt/airflow/dags/extract_raw_data_pipeline.py
[2025-07-04T18:32:18.138+0000] {logging_mixin.py:190} INFO - [2025-07-04T18:32:18.138+0000] {dag.py:3239} INFO - Sync 1 DAGs
[2025-07-04T18:32:18.156+0000] {logging_mixin.py:190} INFO - [2025-07-04T18:32:18.156+0000] {dag.py:4180} INFO - Setting next_dagrun for extract_raw_data_pipeline to 2025-07-03 07:00:00+00:00, run_after=2025-07-04 07:00:00+00:00
[2025-07-04T18:32:18.175+0000] {processor.py:208} INFO - Processing /opt/airflow/dags/extract_raw_data_pipeline.py took 0.565 seconds
[2025-07-04T18:32:48.939+0000] {processor.py:186} INFO - Started process (PID=193) to work on /opt/airflow/dags/extract_raw_data_pipeline.py
[2025-07-04T18:32:48.940+0000] {processor.py:914} INFO - Processing file /opt/airflow/dags/extract_raw_data_pipeline.py for tasks to queue
[2025-07-04T18:32:48.945+0000] {logging_mixin.py:190} INFO - [2025-07-04T18:32:48.944+0000] {dagbag.py:588} INFO - Filling up the DagBag from /opt/airflow/dags/extract_raw_data_pipeline.py
[2025-07-04T18:32:49.362+0000] {processor.py:925} INFO - DAG(s) 'extract_raw_data_pipeline' retrieved from /opt/airflow/dags/extract_raw_data_pipeline.py
[2025-07-04T18:32:49.394+0000] {logging_mixin.py:190} INFO - [2025-07-04T18:32:49.394+0000] {dag.py:3239} INFO - Sync 1 DAGs
[2025-07-04T18:32:49.413+0000] {logging_mixin.py:190} INFO - [2025-07-04T18:32:49.412+0000] {dag.py:4180} INFO - Setting next_dagrun for extract_raw_data_pipeline to 2025-07-03 07:00:00+00:00, run_after=2025-07-04 07:00:00+00:00
[2025-07-04T18:32:49.429+0000] {processor.py:208} INFO - Processing /opt/airflow/dags/extract_raw_data_pipeline.py took 0.497 seconds
[2025-07-04T18:33:19.551+0000] {processor.py:186} INFO - Started process (PID=203) to work on /opt/airflow/dags/extract_raw_data_pipeline.py
[2025-07-04T18:33:19.552+0000] {processor.py:914} INFO - Processing file /opt/airflow/dags/extract_raw_data_pipeline.py for tasks to queue
[2025-07-04T18:33:19.554+0000] {logging_mixin.py:190} INFO - [2025-07-04T18:33:19.554+0000] {dagbag.py:588} INFO - Filling up the DagBag from /opt/airflow/dags/extract_raw_data_pipeline.py
[2025-07-04T18:33:19.952+0000] {processor.py:925} INFO - DAG(s) 'extract_raw_data_pipeline' retrieved from /opt/airflow/dags/extract_raw_data_pipeline.py
[2025-07-04T18:33:19.979+0000] {logging_mixin.py:190} INFO - [2025-07-04T18:33:19.979+0000] {dag.py:3239} INFO - Sync 1 DAGs
[2025-07-04T18:33:19.998+0000] {logging_mixin.py:190} INFO - [2025-07-04T18:33:19.998+0000] {dag.py:4180} INFO - Setting next_dagrun for extract_raw_data_pipeline to 2025-07-03 07:00:00+00:00, run_after=2025-07-04 07:00:00+00:00
[2025-07-04T18:33:20.015+0000] {processor.py:208} INFO - Processing /opt/airflow/dags/extract_raw_data_pipeline.py took 0.469 seconds
[2025-07-04T18:33:50.137+0000] {processor.py:186} INFO - Started process (PID=212) to work on /opt/airflow/dags/extract_raw_data_pipeline.py
[2025-07-04T18:33:50.139+0000] {processor.py:914} INFO - Processing file /opt/airflow/dags/extract_raw_data_pipeline.py for tasks to queue
[2025-07-04T18:33:50.142+0000] {logging_mixin.py:190} INFO - [2025-07-04T18:33:50.142+0000] {dagbag.py:588} INFO - Filling up the DagBag from /opt/airflow/dags/extract_raw_data_pipeline.py
[2025-07-04T18:33:50.663+0000] {processor.py:925} INFO - DAG(s) 'extract_raw_data_pipeline' retrieved from /opt/airflow/dags/extract_raw_data_pipeline.py
[2025-07-04T18:33:50.694+0000] {logging_mixin.py:190} INFO - [2025-07-04T18:33:50.694+0000] {dag.py:3239} INFO - Sync 1 DAGs
[2025-07-04T18:33:50.724+0000] {logging_mixin.py:190} INFO - [2025-07-04T18:33:50.724+0000] {dag.py:4180} INFO - Setting next_dagrun for extract_raw_data_pipeline to 2025-07-03 07:00:00+00:00, run_after=2025-07-04 07:00:00+00:00
[2025-07-04T18:33:50.740+0000] {processor.py:208} INFO - Processing /opt/airflow/dags/extract_raw_data_pipeline.py took 0.610 seconds
[2025-07-04T18:34:20.894+0000] {processor.py:186} INFO - Started process (PID=221) to work on /opt/airflow/dags/extract_raw_data_pipeline.py
[2025-07-04T18:34:20.898+0000] {processor.py:914} INFO - Processing file /opt/airflow/dags/extract_raw_data_pipeline.py for tasks to queue
[2025-07-04T18:34:20.903+0000] {logging_mixin.py:190} INFO - [2025-07-04T18:34:20.903+0000] {dagbag.py:588} INFO - Filling up the DagBag from /opt/airflow/dags/extract_raw_data_pipeline.py
[2025-07-04T18:34:21.568+0000] {processor.py:925} INFO - DAG(s) 'extract_raw_data_pipeline' retrieved from /opt/airflow/dags/extract_raw_data_pipeline.py
[2025-07-04T18:34:21.598+0000] {logging_mixin.py:190} INFO - [2025-07-04T18:34:21.598+0000] {dag.py:3239} INFO - Sync 1 DAGs
[2025-07-04T18:34:21.619+0000] {logging_mixin.py:190} INFO - [2025-07-04T18:34:21.619+0000] {dag.py:4180} INFO - Setting next_dagrun for extract_raw_data_pipeline to 2025-07-03 07:00:00+00:00, run_after=2025-07-04 07:00:00+00:00
[2025-07-04T18:34:21.637+0000] {processor.py:208} INFO - Processing /opt/airflow/dags/extract_raw_data_pipeline.py took 0.764 seconds
[2025-07-04T18:34:51.999+0000] {processor.py:186} INFO - Started process (PID=230) to work on /opt/airflow/dags/extract_raw_data_pipeline.py
[2025-07-04T18:34:52.000+0000] {processor.py:914} INFO - Processing file /opt/airflow/dags/extract_raw_data_pipeline.py for tasks to queue
[2025-07-04T18:34:52.002+0000] {logging_mixin.py:190} INFO - [2025-07-04T18:34:52.002+0000] {dagbag.py:588} INFO - Filling up the DagBag from /opt/airflow/dags/extract_raw_data_pipeline.py
[2025-07-04T18:34:52.396+0000] {processor.py:925} INFO - DAG(s) 'extract_raw_data_pipeline' retrieved from /opt/airflow/dags/extract_raw_data_pipeline.py
[2025-07-04T18:34:52.416+0000] {logging_mixin.py:190} INFO - [2025-07-04T18:34:52.416+0000] {dag.py:3239} INFO - Sync 1 DAGs
[2025-07-04T18:34:52.431+0000] {logging_mixin.py:190} INFO - [2025-07-04T18:34:52.431+0000] {dag.py:4180} INFO - Setting next_dagrun for extract_raw_data_pipeline to 2025-07-03 07:00:00+00:00, run_after=2025-07-04 07:00:00+00:00
[2025-07-04T18:34:52.448+0000] {processor.py:208} INFO - Processing /opt/airflow/dags/extract_raw_data_pipeline.py took 0.454 seconds
[2025-07-04T18:35:22.580+0000] {processor.py:186} INFO - Started process (PID=239) to work on /opt/airflow/dags/extract_raw_data_pipeline.py
[2025-07-04T18:35:22.581+0000] {processor.py:914} INFO - Processing file /opt/airflow/dags/extract_raw_data_pipeline.py for tasks to queue
[2025-07-04T18:35:22.584+0000] {logging_mixin.py:190} INFO - [2025-07-04T18:35:22.583+0000] {dagbag.py:588} INFO - Filling up the DagBag from /opt/airflow/dags/extract_raw_data_pipeline.py
[2025-07-04T18:35:22.998+0000] {processor.py:925} INFO - DAG(s) 'extract_raw_data_pipeline' retrieved from /opt/airflow/dags/extract_raw_data_pipeline.py
[2025-07-04T18:35:23.016+0000] {logging_mixin.py:190} INFO - [2025-07-04T18:35:23.016+0000] {dag.py:3239} INFO - Sync 1 DAGs
[2025-07-04T18:35:23.032+0000] {logging_mixin.py:190} INFO - [2025-07-04T18:35:23.032+0000] {dag.py:4180} INFO - Setting next_dagrun for extract_raw_data_pipeline to 2025-07-03 07:00:00+00:00, run_after=2025-07-04 07:00:00+00:00
[2025-07-04T18:35:23.051+0000] {processor.py:208} INFO - Processing /opt/airflow/dags/extract_raw_data_pipeline.py took 0.477 seconds
[2025-07-04T18:35:53.111+0000] {processor.py:186} INFO - Started process (PID=248) to work on /opt/airflow/dags/extract_raw_data_pipeline.py
[2025-07-04T18:35:53.112+0000] {processor.py:914} INFO - Processing file /opt/airflow/dags/extract_raw_data_pipeline.py for tasks to queue
[2025-07-04T18:35:53.115+0000] {logging_mixin.py:190} INFO - [2025-07-04T18:35:53.114+0000] {dagbag.py:588} INFO - Filling up the DagBag from /opt/airflow/dags/extract_raw_data_pipeline.py
[2025-07-04T18:35:53.623+0000] {processor.py:925} INFO - DAG(s) 'extract_raw_data_pipeline' retrieved from /opt/airflow/dags/extract_raw_data_pipeline.py
[2025-07-04T18:35:53.642+0000] {logging_mixin.py:190} INFO - [2025-07-04T18:35:53.642+0000] {dag.py:3239} INFO - Sync 1 DAGs
[2025-07-04T18:35:53.661+0000] {logging_mixin.py:190} INFO - [2025-07-04T18:35:53.661+0000] {dag.py:4180} INFO - Setting next_dagrun for extract_raw_data_pipeline to 2025-07-03 07:00:00+00:00, run_after=2025-07-04 07:00:00+00:00
[2025-07-04T18:35:53.681+0000] {processor.py:208} INFO - Processing /opt/airflow/dags/extract_raw_data_pipeline.py took 0.576 seconds
[2025-07-04T18:36:23.757+0000] {processor.py:186} INFO - Started process (PID=257) to work on /opt/airflow/dags/extract_raw_data_pipeline.py
[2025-07-04T18:36:23.759+0000] {processor.py:914} INFO - Processing file /opt/airflow/dags/extract_raw_data_pipeline.py for tasks to queue
[2025-07-04T18:36:23.762+0000] {logging_mixin.py:190} INFO - [2025-07-04T18:36:23.761+0000] {dagbag.py:588} INFO - Filling up the DagBag from /opt/airflow/dags/extract_raw_data_pipeline.py
[2025-07-04T18:36:24.298+0000] {processor.py:925} INFO - DAG(s) 'extract_raw_data_pipeline' retrieved from /opt/airflow/dags/extract_raw_data_pipeline.py
[2025-07-04T18:36:24.319+0000] {logging_mixin.py:190} INFO - [2025-07-04T18:36:24.319+0000] {dag.py:3239} INFO - Sync 1 DAGs
[2025-07-04T18:36:24.341+0000] {logging_mixin.py:190} INFO - [2025-07-04T18:36:24.341+0000] {dag.py:4180} INFO - Setting next_dagrun for extract_raw_data_pipeline to 2025-07-03 07:00:00+00:00, run_after=2025-07-04 07:00:00+00:00
[2025-07-04T18:36:24.360+0000] {processor.py:208} INFO - Processing /opt/airflow/dags/extract_raw_data_pipeline.py took 0.610 seconds
[2025-07-04T18:36:54.881+0000] {processor.py:186} INFO - Started process (PID=266) to work on /opt/airflow/dags/extract_raw_data_pipeline.py
[2025-07-04T18:36:54.883+0000] {processor.py:914} INFO - Processing file /opt/airflow/dags/extract_raw_data_pipeline.py for tasks to queue
[2025-07-04T18:36:54.888+0000] {logging_mixin.py:190} INFO - [2025-07-04T18:36:54.887+0000] {dagbag.py:588} INFO - Filling up the DagBag from /opt/airflow/dags/extract_raw_data_pipeline.py
[2025-07-04T18:36:55.332+0000] {processor.py:925} INFO - DAG(s) 'extract_raw_data_pipeline' retrieved from /opt/airflow/dags/extract_raw_data_pipeline.py
[2025-07-04T18:36:55.355+0000] {logging_mixin.py:190} INFO - [2025-07-04T18:36:55.354+0000] {dag.py:3239} INFO - Sync 1 DAGs
[2025-07-04T18:36:55.372+0000] {logging_mixin.py:190} INFO - [2025-07-04T18:36:55.371+0000] {dag.py:4180} INFO - Setting next_dagrun for extract_raw_data_pipeline to 2025-07-03 07:00:00+00:00, run_after=2025-07-04 07:00:00+00:00
[2025-07-04T18:36:55.392+0000] {processor.py:208} INFO - Processing /opt/airflow/dags/extract_raw_data_pipeline.py took 0.524 seconds
[2025-07-04T18:37:25.730+0000] {processor.py:186} INFO - Started process (PID=275) to work on /opt/airflow/dags/extract_raw_data_pipeline.py
[2025-07-04T18:37:25.733+0000] {processor.py:914} INFO - Processing file /opt/airflow/dags/extract_raw_data_pipeline.py for tasks to queue
[2025-07-04T18:37:25.737+0000] {logging_mixin.py:190} INFO - [2025-07-04T18:37:25.737+0000] {dagbag.py:588} INFO - Filling up the DagBag from /opt/airflow/dags/extract_raw_data_pipeline.py
[2025-07-04T18:37:26.250+0000] {processor.py:925} INFO - DAG(s) 'extract_raw_data_pipeline' retrieved from /opt/airflow/dags/extract_raw_data_pipeline.py
[2025-07-04T18:37:26.277+0000] {logging_mixin.py:190} INFO - [2025-07-04T18:37:26.276+0000] {dag.py:3239} INFO - Sync 1 DAGs
[2025-07-04T18:37:26.297+0000] {logging_mixin.py:190} INFO - [2025-07-04T18:37:26.297+0000] {dag.py:4180} INFO - Setting next_dagrun for extract_raw_data_pipeline to 2025-07-03 07:00:00+00:00, run_after=2025-07-04 07:00:00+00:00
[2025-07-04T18:37:26.321+0000] {processor.py:208} INFO - Processing /opt/airflow/dags/extract_raw_data_pipeline.py took 0.597 seconds
[2025-07-04T18:37:56.467+0000] {processor.py:186} INFO - Started process (PID=284) to work on /opt/airflow/dags/extract_raw_data_pipeline.py
[2025-07-04T18:37:56.468+0000] {processor.py:914} INFO - Processing file /opt/airflow/dags/extract_raw_data_pipeline.py for tasks to queue
[2025-07-04T18:37:56.471+0000] {logging_mixin.py:190} INFO - [2025-07-04T18:37:56.470+0000] {dagbag.py:588} INFO - Filling up the DagBag from /opt/airflow/dags/extract_raw_data_pipeline.py
[2025-07-04T18:37:56.941+0000] {processor.py:925} INFO - DAG(s) 'extract_raw_data_pipeline' retrieved from /opt/airflow/dags/extract_raw_data_pipeline.py
[2025-07-04T18:37:56.970+0000] {logging_mixin.py:190} INFO - [2025-07-04T18:37:56.970+0000] {dag.py:3239} INFO - Sync 1 DAGs
[2025-07-04T18:37:56.991+0000] {logging_mixin.py:190} INFO - [2025-07-04T18:37:56.991+0000] {dag.py:4180} INFO - Setting next_dagrun for extract_raw_data_pipeline to 2025-07-03 07:00:00+00:00, run_after=2025-07-04 07:00:00+00:00
[2025-07-04T18:37:57.015+0000] {processor.py:208} INFO - Processing /opt/airflow/dags/extract_raw_data_pipeline.py took 0.556 seconds
[2025-07-04T18:38:27.876+0000] {processor.py:186} INFO - Started process (PID=294) to work on /opt/airflow/dags/extract_raw_data_pipeline.py
[2025-07-04T18:38:27.877+0000] {processor.py:914} INFO - Processing file /opt/airflow/dags/extract_raw_data_pipeline.py for tasks to queue
[2025-07-04T18:38:27.879+0000] {logging_mixin.py:190} INFO - [2025-07-04T18:38:27.879+0000] {dagbag.py:588} INFO - Filling up the DagBag from /opt/airflow/dags/extract_raw_data_pipeline.py
[2025-07-04T18:38:28.272+0000] {processor.py:925} INFO - DAG(s) 'extract_raw_data_pipeline' retrieved from /opt/airflow/dags/extract_raw_data_pipeline.py
[2025-07-04T18:38:28.291+0000] {logging_mixin.py:190} INFO - [2025-07-04T18:38:28.290+0000] {dag.py:3239} INFO - Sync 1 DAGs
[2025-07-04T18:38:28.312+0000] {logging_mixin.py:190} INFO - [2025-07-04T18:38:28.312+0000] {dag.py:4180} INFO - Setting next_dagrun for extract_raw_data_pipeline to 2025-07-03 07:00:00+00:00, run_after=2025-07-04 07:00:00+00:00
[2025-07-04T18:38:28.339+0000] {processor.py:208} INFO - Processing /opt/airflow/dags/extract_raw_data_pipeline.py took 0.468 seconds
[2025-07-04T18:38:58.749+0000] {processor.py:186} INFO - Started process (PID=302) to work on /opt/airflow/dags/extract_raw_data_pipeline.py
[2025-07-04T18:38:58.750+0000] {processor.py:914} INFO - Processing file /opt/airflow/dags/extract_raw_data_pipeline.py for tasks to queue
[2025-07-04T18:38:58.753+0000] {logging_mixin.py:190} INFO - [2025-07-04T18:38:58.753+0000] {dagbag.py:588} INFO - Filling up the DagBag from /opt/airflow/dags/extract_raw_data_pipeline.py
[2025-07-04T18:38:59.358+0000] {processor.py:925} INFO - DAG(s) 'extract_raw_data_pipeline' retrieved from /opt/airflow/dags/extract_raw_data_pipeline.py
[2025-07-04T18:38:59.385+0000] {logging_mixin.py:190} INFO - [2025-07-04T18:38:59.385+0000] {dag.py:3239} INFO - Sync 1 DAGs
[2025-07-04T18:38:59.408+0000] {logging_mixin.py:190} INFO - [2025-07-04T18:38:59.407+0000] {dag.py:4180} INFO - Setting next_dagrun for extract_raw_data_pipeline to 2025-07-03 07:00:00+00:00, run_after=2025-07-04 07:00:00+00:00
[2025-07-04T18:38:59.427+0000] {processor.py:208} INFO - Processing /opt/airflow/dags/extract_raw_data_pipeline.py took 0.686 seconds
[2025-07-04T18:39:30.080+0000] {processor.py:186} INFO - Started process (PID=311) to work on /opt/airflow/dags/extract_raw_data_pipeline.py
[2025-07-04T18:39:30.081+0000] {processor.py:914} INFO - Processing file /opt/airflow/dags/extract_raw_data_pipeline.py for tasks to queue
[2025-07-04T18:39:30.084+0000] {logging_mixin.py:190} INFO - [2025-07-04T18:39:30.084+0000] {dagbag.py:588} INFO - Filling up the DagBag from /opt/airflow/dags/extract_raw_data_pipeline.py
[2025-07-04T18:39:30.659+0000] {processor.py:925} INFO - DAG(s) 'extract_raw_data_pipeline' retrieved from /opt/airflow/dags/extract_raw_data_pipeline.py
[2025-07-04T18:39:30.686+0000] {logging_mixin.py:190} INFO - [2025-07-04T18:39:30.685+0000] {dag.py:3239} INFO - Sync 1 DAGs
[2025-07-04T18:39:30.707+0000] {logging_mixin.py:190} INFO - [2025-07-04T18:39:30.706+0000] {dag.py:4180} INFO - Setting next_dagrun for extract_raw_data_pipeline to 2025-07-03 07:00:00+00:00, run_after=2025-07-04 07:00:00+00:00
[2025-07-04T18:39:30.729+0000] {processor.py:208} INFO - Processing /opt/airflow/dags/extract_raw_data_pipeline.py took 0.654 seconds
[2025-07-04T18:40:01.413+0000] {processor.py:186} INFO - Started process (PID=320) to work on /opt/airflow/dags/extract_raw_data_pipeline.py
[2025-07-04T18:40:01.414+0000] {processor.py:914} INFO - Processing file /opt/airflow/dags/extract_raw_data_pipeline.py for tasks to queue
[2025-07-04T18:40:01.416+0000] {logging_mixin.py:190} INFO - [2025-07-04T18:40:01.416+0000] {dagbag.py:588} INFO - Filling up the DagBag from /opt/airflow/dags/extract_raw_data_pipeline.py
[2025-07-04T18:40:01.827+0000] {processor.py:925} INFO - DAG(s) 'extract_raw_data_pipeline' retrieved from /opt/airflow/dags/extract_raw_data_pipeline.py
[2025-07-04T18:40:01.850+0000] {logging_mixin.py:190} INFO - [2025-07-04T18:40:01.850+0000] {dag.py:3239} INFO - Sync 1 DAGs
[2025-07-04T18:40:01.871+0000] {logging_mixin.py:190} INFO - [2025-07-04T18:40:01.871+0000] {dag.py:4180} INFO - Setting next_dagrun for extract_raw_data_pipeline to 2025-07-03 07:00:00+00:00, run_after=2025-07-04 07:00:00+00:00
[2025-07-04T18:40:01.901+0000] {processor.py:208} INFO - Processing /opt/airflow/dags/extract_raw_data_pipeline.py took 0.494 seconds
[2025-07-04T18:40:32.060+0000] {processor.py:186} INFO - Started process (PID=329) to work on /opt/airflow/dags/extract_raw_data_pipeline.py
[2025-07-04T18:40:32.061+0000] {processor.py:914} INFO - Processing file /opt/airflow/dags/extract_raw_data_pipeline.py for tasks to queue
[2025-07-04T18:40:32.063+0000] {logging_mixin.py:190} INFO - [2025-07-04T18:40:32.062+0000] {dagbag.py:588} INFO - Filling up the DagBag from /opt/airflow/dags/extract_raw_data_pipeline.py
[2025-07-04T18:40:32.508+0000] {processor.py:925} INFO - DAG(s) 'extract_raw_data_pipeline' retrieved from /opt/airflow/dags/extract_raw_data_pipeline.py
[2025-07-04T18:40:32.528+0000] {logging_mixin.py:190} INFO - [2025-07-04T18:40:32.527+0000] {dag.py:3239} INFO - Sync 1 DAGs
[2025-07-04T18:40:32.544+0000] {logging_mixin.py:190} INFO - [2025-07-04T18:40:32.544+0000] {dag.py:4180} INFO - Setting next_dagrun for extract_raw_data_pipeline to 2025-07-03 07:00:00+00:00, run_after=2025-07-04 07:00:00+00:00
[2025-07-04T18:40:32.566+0000] {processor.py:208} INFO - Processing /opt/airflow/dags/extract_raw_data_pipeline.py took 0.512 seconds
[2025-07-04T18:41:03.447+0000] {processor.py:186} INFO - Started process (PID=338) to work on /opt/airflow/dags/extract_raw_data_pipeline.py
[2025-07-04T18:41:03.448+0000] {processor.py:914} INFO - Processing file /opt/airflow/dags/extract_raw_data_pipeline.py for tasks to queue
[2025-07-04T18:41:03.450+0000] {logging_mixin.py:190} INFO - [2025-07-04T18:41:03.450+0000] {dagbag.py:588} INFO - Filling up the DagBag from /opt/airflow/dags/extract_raw_data_pipeline.py
[2025-07-04T18:41:03.933+0000] {processor.py:925} INFO - DAG(s) 'extract_raw_data_pipeline' retrieved from /opt/airflow/dags/extract_raw_data_pipeline.py
[2025-07-04T18:41:03.957+0000] {logging_mixin.py:190} INFO - [2025-07-04T18:41:03.957+0000] {dag.py:3239} INFO - Sync 1 DAGs
[2025-07-04T18:41:03.978+0000] {logging_mixin.py:190} INFO - [2025-07-04T18:41:03.978+0000] {dag.py:4180} INFO - Setting next_dagrun for extract_raw_data_pipeline to 2025-07-03 07:00:00+00:00, run_after=2025-07-04 07:00:00+00:00
[2025-07-04T18:41:04.000+0000] {processor.py:208} INFO - Processing /opt/airflow/dags/extract_raw_data_pipeline.py took 0.558 seconds
[2025-07-04T18:41:34.923+0000] {processor.py:186} INFO - Started process (PID=347) to work on /opt/airflow/dags/extract_raw_data_pipeline.py
[2025-07-04T18:41:34.924+0000] {processor.py:914} INFO - Processing file /opt/airflow/dags/extract_raw_data_pipeline.py for tasks to queue
[2025-07-04T18:41:34.926+0000] {logging_mixin.py:190} INFO - [2025-07-04T18:41:34.925+0000] {dagbag.py:588} INFO - Filling up the DagBag from /opt/airflow/dags/extract_raw_data_pipeline.py
[2025-07-04T18:41:35.330+0000] {processor.py:925} INFO - DAG(s) 'extract_raw_data_pipeline' retrieved from /opt/airflow/dags/extract_raw_data_pipeline.py
[2025-07-04T18:41:35.349+0000] {logging_mixin.py:190} INFO - [2025-07-04T18:41:35.349+0000] {dag.py:3239} INFO - Sync 1 DAGs
[2025-07-04T18:41:35.367+0000] {logging_mixin.py:190} INFO - [2025-07-04T18:41:35.367+0000] {dag.py:4180} INFO - Setting next_dagrun for extract_raw_data_pipeline to 2025-07-03 07:00:00+00:00, run_after=2025-07-04 07:00:00+00:00
[2025-07-04T18:41:35.388+0000] {processor.py:208} INFO - Processing /opt/airflow/dags/extract_raw_data_pipeline.py took 0.470 seconds
[2025-07-04T18:42:05.579+0000] {processor.py:186} INFO - Started process (PID=356) to work on /opt/airflow/dags/extract_raw_data_pipeline.py
[2025-07-04T18:42:05.580+0000] {processor.py:914} INFO - Processing file /opt/airflow/dags/extract_raw_data_pipeline.py for tasks to queue
[2025-07-04T18:42:05.584+0000] {logging_mixin.py:190} INFO - [2025-07-04T18:42:05.584+0000] {dagbag.py:588} INFO - Filling up the DagBag from /opt/airflow/dags/extract_raw_data_pipeline.py
[2025-07-04T18:42:06.059+0000] {processor.py:925} INFO - DAG(s) 'extract_raw_data_pipeline' retrieved from /opt/airflow/dags/extract_raw_data_pipeline.py
[2025-07-04T18:42:06.079+0000] {logging_mixin.py:190} INFO - [2025-07-04T18:42:06.079+0000] {dag.py:3239} INFO - Sync 1 DAGs
[2025-07-04T18:42:06.094+0000] {logging_mixin.py:190} INFO - [2025-07-04T18:42:06.094+0000] {dag.py:4180} INFO - Setting next_dagrun for extract_raw_data_pipeline to 2025-07-03 07:00:00+00:00, run_after=2025-07-04 07:00:00+00:00
[2025-07-04T18:42:06.113+0000] {processor.py:208} INFO - Processing /opt/airflow/dags/extract_raw_data_pipeline.py took 0.541 seconds
[2025-07-04T18:42:36.904+0000] {processor.py:186} INFO - Started process (PID=365) to work on /opt/airflow/dags/extract_raw_data_pipeline.py
[2025-07-04T18:42:36.905+0000] {processor.py:914} INFO - Processing file /opt/airflow/dags/extract_raw_data_pipeline.py for tasks to queue
[2025-07-04T18:42:36.907+0000] {logging_mixin.py:190} INFO - [2025-07-04T18:42:36.907+0000] {dagbag.py:588} INFO - Filling up the DagBag from /opt/airflow/dags/extract_raw_data_pipeline.py
[2025-07-04T18:42:37.340+0000] {processor.py:925} INFO - DAG(s) 'extract_raw_data_pipeline' retrieved from /opt/airflow/dags/extract_raw_data_pipeline.py
[2025-07-04T18:42:37.361+0000] {logging_mixin.py:190} INFO - [2025-07-04T18:42:37.361+0000] {dag.py:3239} INFO - Sync 1 DAGs
[2025-07-04T18:42:37.378+0000] {logging_mixin.py:190} INFO - [2025-07-04T18:42:37.378+0000] {dag.py:4180} INFO - Setting next_dagrun for extract_raw_data_pipeline to 2025-07-03 07:00:00+00:00, run_after=2025-07-04 07:00:00+00:00
[2025-07-04T18:42:37.396+0000] {processor.py:208} INFO - Processing /opt/airflow/dags/extract_raw_data_pipeline.py took 0.498 seconds
[2025-07-04T18:43:07.470+0000] {processor.py:186} INFO - Started process (PID=374) to work on /opt/airflow/dags/extract_raw_data_pipeline.py
[2025-07-04T18:43:07.471+0000] {processor.py:914} INFO - Processing file /opt/airflow/dags/extract_raw_data_pipeline.py for tasks to queue
[2025-07-04T18:43:07.474+0000] {logging_mixin.py:190} INFO - [2025-07-04T18:43:07.473+0000] {dagbag.py:588} INFO - Filling up the DagBag from /opt/airflow/dags/extract_raw_data_pipeline.py
[2025-07-04T18:43:07.866+0000] {processor.py:925} INFO - DAG(s) 'extract_raw_data_pipeline' retrieved from /opt/airflow/dags/extract_raw_data_pipeline.py
[2025-07-04T18:43:07.886+0000] {logging_mixin.py:190} INFO - [2025-07-04T18:43:07.886+0000] {dag.py:3239} INFO - Sync 1 DAGs
[2025-07-04T18:43:07.904+0000] {logging_mixin.py:190} INFO - [2025-07-04T18:43:07.903+0000] {dag.py:4180} INFO - Setting next_dagrun for extract_raw_data_pipeline to 2025-07-03 07:00:00+00:00, run_after=2025-07-04 07:00:00+00:00
[2025-07-04T18:43:07.924+0000] {processor.py:208} INFO - Processing /opt/airflow/dags/extract_raw_data_pipeline.py took 0.459 seconds
[2025-07-04T18:43:38.328+0000] {processor.py:186} INFO - Started process (PID=383) to work on /opt/airflow/dags/extract_raw_data_pipeline.py
[2025-07-04T18:43:38.329+0000] {processor.py:914} INFO - Processing file /opt/airflow/dags/extract_raw_data_pipeline.py for tasks to queue
[2025-07-04T18:43:38.332+0000] {logging_mixin.py:190} INFO - [2025-07-04T18:43:38.331+0000] {dagbag.py:588} INFO - Filling up the DagBag from /opt/airflow/dags/extract_raw_data_pipeline.py
[2025-07-04T18:43:38.611+0000] {processor.py:925} INFO - DAG(s) 'extract_raw_data_pipeline' retrieved from /opt/airflow/dags/extract_raw_data_pipeline.py
[2025-07-04T18:43:38.636+0000] {logging_mixin.py:190} INFO - [2025-07-04T18:43:38.635+0000] {dag.py:3239} INFO - Sync 1 DAGs
[2025-07-04T18:43:38.658+0000] {logging_mixin.py:190} INFO - [2025-07-04T18:43:38.658+0000] {dag.py:4180} INFO - Setting next_dagrun for extract_raw_data_pipeline to 2025-07-03 07:00:00+00:00, run_after=2025-07-04 07:00:00+00:00
[2025-07-04T18:43:38.682+0000] {processor.py:208} INFO - Processing /opt/airflow/dags/extract_raw_data_pipeline.py took 0.359 seconds
[2025-07-04T18:44:08.869+0000] {processor.py:186} INFO - Started process (PID=392) to work on /opt/airflow/dags/extract_raw_data_pipeline.py
[2025-07-04T18:44:08.871+0000] {processor.py:914} INFO - Processing file /opt/airflow/dags/extract_raw_data_pipeline.py for tasks to queue
[2025-07-04T18:44:08.875+0000] {logging_mixin.py:190} INFO - [2025-07-04T18:44:08.875+0000] {dagbag.py:588} INFO - Filling up the DagBag from /opt/airflow/dags/extract_raw_data_pipeline.py
[2025-07-04T18:44:09.249+0000] {processor.py:925} INFO - DAG(s) 'extract_raw_data_pipeline' retrieved from /opt/airflow/dags/extract_raw_data_pipeline.py
[2025-07-04T18:44:09.277+0000] {logging_mixin.py:190} INFO - [2025-07-04T18:44:09.277+0000] {dag.py:3239} INFO - Sync 1 DAGs
[2025-07-04T18:44:09.306+0000] {logging_mixin.py:190} INFO - [2025-07-04T18:44:09.306+0000] {dag.py:4180} INFO - Setting next_dagrun for extract_raw_data_pipeline to 2025-07-03 07:00:00+00:00, run_after=2025-07-04 07:00:00+00:00
[2025-07-04T18:44:09.330+0000] {processor.py:208} INFO - Processing /opt/airflow/dags/extract_raw_data_pipeline.py took 0.468 seconds
[2025-07-04T18:44:39.437+0000] {processor.py:186} INFO - Started process (PID=401) to work on /opt/airflow/dags/extract_raw_data_pipeline.py
[2025-07-04T18:44:39.439+0000] {processor.py:914} INFO - Processing file /opt/airflow/dags/extract_raw_data_pipeline.py for tasks to queue
[2025-07-04T18:44:39.441+0000] {logging_mixin.py:190} INFO - [2025-07-04T18:44:39.441+0000] {dagbag.py:588} INFO - Filling up the DagBag from /opt/airflow/dags/extract_raw_data_pipeline.py
[2025-07-04T18:44:39.695+0000] {processor.py:925} INFO - DAG(s) 'extract_raw_data_pipeline' retrieved from /opt/airflow/dags/extract_raw_data_pipeline.py
[2025-07-04T18:44:39.723+0000] {logging_mixin.py:190} INFO - [2025-07-04T18:44:39.723+0000] {dag.py:3239} INFO - Sync 1 DAGs
[2025-07-04T18:44:39.749+0000] {logging_mixin.py:190} INFO - [2025-07-04T18:44:39.749+0000] {dag.py:4180} INFO - Setting next_dagrun for extract_raw_data_pipeline to 2025-07-03 07:00:00+00:00, run_after=2025-07-04 07:00:00+00:00
[2025-07-04T18:44:39.776+0000] {processor.py:208} INFO - Processing /opt/airflow/dags/extract_raw_data_pipeline.py took 0.344 seconds
[2025-07-04T18:45:09.916+0000] {processor.py:186} INFO - Started process (PID=410) to work on /opt/airflow/dags/extract_raw_data_pipeline.py
[2025-07-04T18:45:09.917+0000] {processor.py:914} INFO - Processing file /opt/airflow/dags/extract_raw_data_pipeline.py for tasks to queue
[2025-07-04T18:45:09.920+0000] {logging_mixin.py:190} INFO - [2025-07-04T18:45:09.920+0000] {dagbag.py:588} INFO - Filling up the DagBag from /opt/airflow/dags/extract_raw_data_pipeline.py
[2025-07-04T18:45:10.233+0000] {processor.py:925} INFO - DAG(s) 'extract_raw_data_pipeline' retrieved from /opt/airflow/dags/extract_raw_data_pipeline.py
[2025-07-04T18:45:10.255+0000] {logging_mixin.py:190} INFO - [2025-07-04T18:45:10.254+0000] {dag.py:3239} INFO - Sync 1 DAGs
[2025-07-04T18:45:10.272+0000] {logging_mixin.py:190} INFO - [2025-07-04T18:45:10.272+0000] {dag.py:4180} INFO - Setting next_dagrun for extract_raw_data_pipeline to 2025-07-03 07:00:00+00:00, run_after=2025-07-04 07:00:00+00:00
[2025-07-04T18:45:10.290+0000] {processor.py:208} INFO - Processing /opt/airflow/dags/extract_raw_data_pipeline.py took 0.381 seconds
[2025-07-04T18:45:40.581+0000] {processor.py:186} INFO - Started process (PID=419) to work on /opt/airflow/dags/extract_raw_data_pipeline.py
[2025-07-04T18:45:40.583+0000] {processor.py:914} INFO - Processing file /opt/airflow/dags/extract_raw_data_pipeline.py for tasks to queue
[2025-07-04T18:45:40.587+0000] {logging_mixin.py:190} INFO - [2025-07-04T18:45:40.586+0000] {dagbag.py:588} INFO - Filling up the DagBag from /opt/airflow/dags/extract_raw_data_pipeline.py
[2025-07-04T18:45:40.881+0000] {processor.py:925} INFO - DAG(s) 'extract_raw_data_pipeline' retrieved from /opt/airflow/dags/extract_raw_data_pipeline.py
[2025-07-04T18:45:40.912+0000] {logging_mixin.py:190} INFO - [2025-07-04T18:45:40.912+0000] {dag.py:3239} INFO - Sync 1 DAGs
[2025-07-04T18:45:40.936+0000] {logging_mixin.py:190} INFO - [2025-07-04T18:45:40.936+0000] {dag.py:4180} INFO - Setting next_dagrun for extract_raw_data_pipeline to 2025-07-03 07:00:00+00:00, run_after=2025-07-04 07:00:00+00:00
[2025-07-04T18:45:40.952+0000] {processor.py:208} INFO - Processing /opt/airflow/dags/extract_raw_data_pipeline.py took 0.379 seconds
[2025-07-04T18:46:11.078+0000] {processor.py:186} INFO - Started process (PID=428) to work on /opt/airflow/dags/extract_raw_data_pipeline.py
[2025-07-04T18:46:11.080+0000] {processor.py:914} INFO - Processing file /opt/airflow/dags/extract_raw_data_pipeline.py for tasks to queue
[2025-07-04T18:46:11.083+0000] {logging_mixin.py:190} INFO - [2025-07-04T18:46:11.083+0000] {dagbag.py:588} INFO - Filling up the DagBag from /opt/airflow/dags/extract_raw_data_pipeline.py
[2025-07-04T18:46:11.437+0000] {processor.py:925} INFO - DAG(s) 'extract_raw_data_pipeline' retrieved from /opt/airflow/dags/extract_raw_data_pipeline.py
[2025-07-04T18:46:11.478+0000] {logging_mixin.py:190} INFO - [2025-07-04T18:46:11.478+0000] {dag.py:3239} INFO - Sync 1 DAGs
[2025-07-04T18:46:11.509+0000] {logging_mixin.py:190} INFO - [2025-07-04T18:46:11.509+0000] {dag.py:4180} INFO - Setting next_dagrun for extract_raw_data_pipeline to 2025-07-03 07:00:00+00:00, run_after=2025-07-04 07:00:00+00:00
[2025-07-04T18:46:11.532+0000] {processor.py:208} INFO - Processing /opt/airflow/dags/extract_raw_data_pipeline.py took 0.462 seconds
[2025-07-04T18:46:41.643+0000] {processor.py:186} INFO - Started process (PID=437) to work on /opt/airflow/dags/extract_raw_data_pipeline.py
[2025-07-04T18:46:41.644+0000] {processor.py:914} INFO - Processing file /opt/airflow/dags/extract_raw_data_pipeline.py for tasks to queue
[2025-07-04T18:46:41.648+0000] {logging_mixin.py:190} INFO - [2025-07-04T18:46:41.647+0000] {dagbag.py:588} INFO - Filling up the DagBag from /opt/airflow/dags/extract_raw_data_pipeline.py
[2025-07-04T18:46:41.941+0000] {processor.py:925} INFO - DAG(s) 'extract_raw_data_pipeline' retrieved from /opt/airflow/dags/extract_raw_data_pipeline.py
[2025-07-04T18:46:41.968+0000] {logging_mixin.py:190} INFO - [2025-07-04T18:46:41.967+0000] {dag.py:3239} INFO - Sync 1 DAGs
[2025-07-04T18:46:41.986+0000] {logging_mixin.py:190} INFO - [2025-07-04T18:46:41.986+0000] {dag.py:4180} INFO - Setting next_dagrun for extract_raw_data_pipeline to 2025-07-03 07:00:00+00:00, run_after=2025-07-04 07:00:00+00:00
[2025-07-04T18:46:42.007+0000] {processor.py:208} INFO - Processing /opt/airflow/dags/extract_raw_data_pipeline.py took 0.372 seconds
[2025-07-04T18:47:12.146+0000] {processor.py:186} INFO - Started process (PID=446) to work on /opt/airflow/dags/extract_raw_data_pipeline.py
[2025-07-04T18:47:12.147+0000] {processor.py:914} INFO - Processing file /opt/airflow/dags/extract_raw_data_pipeline.py for tasks to queue
[2025-07-04T18:47:12.149+0000] {logging_mixin.py:190} INFO - [2025-07-04T18:47:12.149+0000] {dagbag.py:588} INFO - Filling up the DagBag from /opt/airflow/dags/extract_raw_data_pipeline.py
[2025-07-04T18:47:12.411+0000] {processor.py:925} INFO - DAG(s) 'extract_raw_data_pipeline' retrieved from /opt/airflow/dags/extract_raw_data_pipeline.py
[2025-07-04T18:47:12.437+0000] {logging_mixin.py:190} INFO - [2025-07-04T18:47:12.436+0000] {dag.py:3239} INFO - Sync 1 DAGs
[2025-07-04T18:47:12.455+0000] {logging_mixin.py:190} INFO - [2025-07-04T18:47:12.454+0000] {dag.py:4180} INFO - Setting next_dagrun for extract_raw_data_pipeline to 2025-07-03 07:00:00+00:00, run_after=2025-07-04 07:00:00+00:00
[2025-07-04T18:47:12.472+0000] {processor.py:208} INFO - Processing /opt/airflow/dags/extract_raw_data_pipeline.py took 0.332 seconds
[2025-07-04T18:47:42.601+0000] {processor.py:186} INFO - Started process (PID=455) to work on /opt/airflow/dags/extract_raw_data_pipeline.py
[2025-07-04T18:47:42.602+0000] {processor.py:914} INFO - Processing file /opt/airflow/dags/extract_raw_data_pipeline.py for tasks to queue
[2025-07-04T18:47:42.605+0000] {logging_mixin.py:190} INFO - [2025-07-04T18:47:42.604+0000] {dagbag.py:588} INFO - Filling up the DagBag from /opt/airflow/dags/extract_raw_data_pipeline.py
[2025-07-04T18:47:42.857+0000] {processor.py:925} INFO - DAG(s) 'extract_raw_data_pipeline' retrieved from /opt/airflow/dags/extract_raw_data_pipeline.py
[2025-07-04T18:47:42.887+0000] {logging_mixin.py:190} INFO - [2025-07-04T18:47:42.886+0000] {dag.py:3239} INFO - Sync 1 DAGs
[2025-07-04T18:47:42.916+0000] {logging_mixin.py:190} INFO - [2025-07-04T18:47:42.916+0000] {dag.py:4180} INFO - Setting next_dagrun for extract_raw_data_pipeline to 2025-07-03 07:00:00+00:00, run_after=2025-07-04 07:00:00+00:00
[2025-07-04T18:47:42.940+0000] {processor.py:208} INFO - Processing /opt/airflow/dags/extract_raw_data_pipeline.py took 0.345 seconds
[2025-07-04T18:48:13.070+0000] {processor.py:186} INFO - Started process (PID=464) to work on /opt/airflow/dags/extract_raw_data_pipeline.py
[2025-07-04T18:48:13.071+0000] {processor.py:914} INFO - Processing file /opt/airflow/dags/extract_raw_data_pipeline.py for tasks to queue
[2025-07-04T18:48:13.073+0000] {logging_mixin.py:190} INFO - [2025-07-04T18:48:13.073+0000] {dagbag.py:588} INFO - Filling up the DagBag from /opt/airflow/dags/extract_raw_data_pipeline.py
[2025-07-04T18:48:13.329+0000] {processor.py:925} INFO - DAG(s) 'extract_raw_data_pipeline' retrieved from /opt/airflow/dags/extract_raw_data_pipeline.py
[2025-07-04T18:48:13.356+0000] {logging_mixin.py:190} INFO - [2025-07-04T18:48:13.355+0000] {dag.py:3239} INFO - Sync 1 DAGs
[2025-07-04T18:48:13.375+0000] {logging_mixin.py:190} INFO - [2025-07-04T18:48:13.375+0000] {dag.py:4180} INFO - Setting next_dagrun for extract_raw_data_pipeline to 2025-07-03 07:00:00+00:00, run_after=2025-07-04 07:00:00+00:00
[2025-07-04T18:48:13.393+0000] {processor.py:208} INFO - Processing /opt/airflow/dags/extract_raw_data_pipeline.py took 0.329 seconds
[2025-07-04T18:48:43.537+0000] {processor.py:186} INFO - Started process (PID=473) to work on /opt/airflow/dags/extract_raw_data_pipeline.py
[2025-07-04T18:48:43.538+0000] {processor.py:914} INFO - Processing file /opt/airflow/dags/extract_raw_data_pipeline.py for tasks to queue
[2025-07-04T18:48:43.542+0000] {logging_mixin.py:190} INFO - [2025-07-04T18:48:43.541+0000] {dagbag.py:588} INFO - Filling up the DagBag from /opt/airflow/dags/extract_raw_data_pipeline.py
[2025-07-04T18:48:43.892+0000] {processor.py:925} INFO - DAG(s) 'extract_raw_data_pipeline' retrieved from /opt/airflow/dags/extract_raw_data_pipeline.py
[2025-07-04T18:48:43.973+0000] {logging_mixin.py:190} INFO - [2025-07-04T18:48:43.972+0000] {dag.py:3239} INFO - Sync 1 DAGs
[2025-07-04T18:48:44.019+0000] {logging_mixin.py:190} INFO - [2025-07-04T18:48:44.019+0000] {dag.py:4180} INFO - Setting next_dagrun for extract_raw_data_pipeline to 2025-07-03 07:00:00+00:00, run_after=2025-07-04 07:00:00+00:00
[2025-07-04T18:48:44.062+0000] {processor.py:208} INFO - Processing /opt/airflow/dags/extract_raw_data_pipeline.py took 0.533 seconds
[2025-07-04T18:49:14.200+0000] {processor.py:186} INFO - Started process (PID=482) to work on /opt/airflow/dags/extract_raw_data_pipeline.py
[2025-07-04T18:49:14.206+0000] {processor.py:914} INFO - Processing file /opt/airflow/dags/extract_raw_data_pipeline.py for tasks to queue
[2025-07-04T18:49:14.219+0000] {logging_mixin.py:190} INFO - [2025-07-04T18:49:14.219+0000] {dagbag.py:588} INFO - Filling up the DagBag from /opt/airflow/dags/extract_raw_data_pipeline.py
[2025-07-04T18:49:14.878+0000] {processor.py:925} INFO - DAG(s) 'extract_raw_data_pipeline' retrieved from /opt/airflow/dags/extract_raw_data_pipeline.py
[2025-07-04T18:49:14.914+0000] {logging_mixin.py:190} INFO - [2025-07-04T18:49:14.914+0000] {dag.py:3239} INFO - Sync 1 DAGs
[2025-07-04T18:49:14.944+0000] {logging_mixin.py:190} INFO - [2025-07-04T18:49:14.943+0000] {dag.py:4180} INFO - Setting next_dagrun for extract_raw_data_pipeline to 2025-07-03 07:00:00+00:00, run_after=2025-07-04 07:00:00+00:00
[2025-07-04T18:49:14.970+0000] {processor.py:208} INFO - Processing /opt/airflow/dags/extract_raw_data_pipeline.py took 0.783 seconds
[2025-07-04T18:49:45.410+0000] {processor.py:186} INFO - Started process (PID=497) to work on /opt/airflow/dags/extract_raw_data_pipeline.py
[2025-07-04T18:49:45.413+0000] {processor.py:914} INFO - Processing file /opt/airflow/dags/extract_raw_data_pipeline.py for tasks to queue
[2025-07-04T18:49:45.428+0000] {logging_mixin.py:190} INFO - [2025-07-04T18:49:45.427+0000] {dagbag.py:588} INFO - Filling up the DagBag from /opt/airflow/dags/extract_raw_data_pipeline.py
[2025-07-04T18:49:45.982+0000] {processor.py:925} INFO - DAG(s) 'extract_raw_data_pipeline' retrieved from /opt/airflow/dags/extract_raw_data_pipeline.py
[2025-07-04T18:49:46.006+0000] {logging_mixin.py:190} INFO - [2025-07-04T18:49:46.005+0000] {dag.py:3239} INFO - Sync 1 DAGs
[2025-07-04T18:49:46.026+0000] {logging_mixin.py:190} INFO - [2025-07-04T18:49:46.025+0000] {dag.py:4180} INFO - Setting next_dagrun for extract_raw_data_pipeline to 2025-07-03 07:00:00+00:00, run_after=2025-07-04 07:00:00+00:00
[2025-07-04T18:49:46.046+0000] {processor.py:208} INFO - Processing /opt/airflow/dags/extract_raw_data_pipeline.py took 0.647 seconds
[2025-07-04T18:50:16.839+0000] {processor.py:186} INFO - Started process (PID=506) to work on /opt/airflow/dags/extract_raw_data_pipeline.py
[2025-07-04T18:50:16.841+0000] {processor.py:914} INFO - Processing file /opt/airflow/dags/extract_raw_data_pipeline.py for tasks to queue
[2025-07-04T18:50:16.844+0000] {logging_mixin.py:190} INFO - [2025-07-04T18:50:16.843+0000] {dagbag.py:588} INFO - Filling up the DagBag from /opt/airflow/dags/extract_raw_data_pipeline.py
[2025-07-04T18:50:17.264+0000] {processor.py:925} INFO - DAG(s) 'extract_raw_data_pipeline' retrieved from /opt/airflow/dags/extract_raw_data_pipeline.py
[2025-07-04T18:50:17.299+0000] {logging_mixin.py:190} INFO - [2025-07-04T18:50:17.299+0000] {dag.py:3239} INFO - Sync 1 DAGs
[2025-07-04T18:50:17.322+0000] {logging_mixin.py:190} INFO - [2025-07-04T18:50:17.322+0000] {dag.py:4180} INFO - Setting next_dagrun for extract_raw_data_pipeline to 2025-07-03 07:00:00+00:00, run_after=2025-07-04 07:00:00+00:00
[2025-07-04T18:50:17.349+0000] {processor.py:208} INFO - Processing /opt/airflow/dags/extract_raw_data_pipeline.py took 0.518 seconds
[2025-07-04T18:50:47.474+0000] {processor.py:186} INFO - Started process (PID=515) to work on /opt/airflow/dags/extract_raw_data_pipeline.py
[2025-07-04T18:50:47.475+0000] {processor.py:914} INFO - Processing file /opt/airflow/dags/extract_raw_data_pipeline.py for tasks to queue
[2025-07-04T18:50:47.477+0000] {logging_mixin.py:190} INFO - [2025-07-04T18:50:47.477+0000] {dagbag.py:588} INFO - Filling up the DagBag from /opt/airflow/dags/extract_raw_data_pipeline.py
[2025-07-04T18:50:47.794+0000] {processor.py:925} INFO - DAG(s) 'extract_raw_data_pipeline' retrieved from /opt/airflow/dags/extract_raw_data_pipeline.py
[2025-07-04T18:50:47.819+0000] {logging_mixin.py:190} INFO - [2025-07-04T18:50:47.819+0000] {dag.py:3239} INFO - Sync 1 DAGs
[2025-07-04T18:50:47.837+0000] {logging_mixin.py:190} INFO - [2025-07-04T18:50:47.837+0000] {dag.py:4180} INFO - Setting next_dagrun for extract_raw_data_pipeline to 2025-07-03 07:00:00+00:00, run_after=2025-07-04 07:00:00+00:00
[2025-07-04T18:50:47.856+0000] {processor.py:208} INFO - Processing /opt/airflow/dags/extract_raw_data_pipeline.py took 0.388 seconds
[2025-07-04T18:51:17.937+0000] {processor.py:186} INFO - Started process (PID=524) to work on /opt/airflow/dags/extract_raw_data_pipeline.py
[2025-07-04T18:51:17.940+0000] {processor.py:914} INFO - Processing file /opt/airflow/dags/extract_raw_data_pipeline.py for tasks to queue
[2025-07-04T18:51:17.945+0000] {logging_mixin.py:190} INFO - [2025-07-04T18:51:17.944+0000] {dagbag.py:588} INFO - Filling up the DagBag from /opt/airflow/dags/extract_raw_data_pipeline.py
[2025-07-04T18:51:18.257+0000] {processor.py:925} INFO - DAG(s) 'extract_raw_data_pipeline' retrieved from /opt/airflow/dags/extract_raw_data_pipeline.py
[2025-07-04T18:51:18.287+0000] {logging_mixin.py:190} INFO - [2025-07-04T18:51:18.287+0000] {dag.py:3239} INFO - Sync 1 DAGs
[2025-07-04T18:51:18.316+0000] {logging_mixin.py:190} INFO - [2025-07-04T18:51:18.315+0000] {dag.py:4180} INFO - Setting next_dagrun for extract_raw_data_pipeline to 2025-07-03 07:00:00+00:00, run_after=2025-07-04 07:00:00+00:00
[2025-07-04T18:51:18.332+0000] {processor.py:208} INFO - Processing /opt/airflow/dags/extract_raw_data_pipeline.py took 0.400 seconds
[2025-07-04T18:51:48.502+0000] {processor.py:186} INFO - Started process (PID=533) to work on /opt/airflow/dags/extract_raw_data_pipeline.py
[2025-07-04T18:51:48.503+0000] {processor.py:914} INFO - Processing file /opt/airflow/dags/extract_raw_data_pipeline.py for tasks to queue
[2025-07-04T18:51:48.506+0000] {logging_mixin.py:190} INFO - [2025-07-04T18:51:48.505+0000] {dagbag.py:588} INFO - Filling up the DagBag from /opt/airflow/dags/extract_raw_data_pipeline.py
[2025-07-04T18:51:48.767+0000] {processor.py:925} INFO - DAG(s) 'extract_raw_data_pipeline' retrieved from /opt/airflow/dags/extract_raw_data_pipeline.py
[2025-07-04T18:51:48.791+0000] {logging_mixin.py:190} INFO - [2025-07-04T18:51:48.791+0000] {dag.py:3239} INFO - Sync 1 DAGs
[2025-07-04T18:51:48.810+0000] {logging_mixin.py:190} INFO - [2025-07-04T18:51:48.810+0000] {dag.py:4180} INFO - Setting next_dagrun for extract_raw_data_pipeline to 2025-07-03 07:00:00+00:00, run_after=2025-07-04 07:00:00+00:00
[2025-07-04T18:51:48.833+0000] {processor.py:208} INFO - Processing /opt/airflow/dags/extract_raw_data_pipeline.py took 0.338 seconds
[2025-07-04T18:52:19.020+0000] {processor.py:186} INFO - Started process (PID=542) to work on /opt/airflow/dags/extract_raw_data_pipeline.py
[2025-07-04T18:52:19.021+0000] {processor.py:914} INFO - Processing file /opt/airflow/dags/extract_raw_data_pipeline.py for tasks to queue
[2025-07-04T18:52:19.023+0000] {logging_mixin.py:190} INFO - [2025-07-04T18:52:19.023+0000] {dagbag.py:588} INFO - Filling up the DagBag from /opt/airflow/dags/extract_raw_data_pipeline.py
[2025-07-04T18:52:19.311+0000] {processor.py:925} INFO - DAG(s) 'extract_raw_data_pipeline' retrieved from /opt/airflow/dags/extract_raw_data_pipeline.py
[2025-07-04T18:52:19.339+0000] {logging_mixin.py:190} INFO - [2025-07-04T18:52:19.339+0000] {dag.py:3239} INFO - Sync 1 DAGs
[2025-07-04T18:52:19.365+0000] {logging_mixin.py:190} INFO - [2025-07-04T18:52:19.365+0000] {dag.py:4180} INFO - Setting next_dagrun for extract_raw_data_pipeline to 2025-07-03 07:00:00+00:00, run_after=2025-07-04 07:00:00+00:00
[2025-07-04T18:52:19.384+0000] {processor.py:208} INFO - Processing /opt/airflow/dags/extract_raw_data_pipeline.py took 0.369 seconds
[2025-07-04T18:52:49.460+0000] {processor.py:186} INFO - Started process (PID=551) to work on /opt/airflow/dags/extract_raw_data_pipeline.py
[2025-07-04T18:52:49.461+0000] {processor.py:914} INFO - Processing file /opt/airflow/dags/extract_raw_data_pipeline.py for tasks to queue
[2025-07-04T18:52:49.464+0000] {logging_mixin.py:190} INFO - [2025-07-04T18:52:49.463+0000] {dagbag.py:588} INFO - Filling up the DagBag from /opt/airflow/dags/extract_raw_data_pipeline.py
[2025-07-04T18:52:49.720+0000] {processor.py:925} INFO - DAG(s) 'extract_raw_data_pipeline' retrieved from /opt/airflow/dags/extract_raw_data_pipeline.py
[2025-07-04T18:52:49.743+0000] {logging_mixin.py:190} INFO - [2025-07-04T18:52:49.743+0000] {dag.py:3239} INFO - Sync 1 DAGs
[2025-07-04T18:52:49.763+0000] {logging_mixin.py:190} INFO - [2025-07-04T18:52:49.762+0000] {dag.py:4180} INFO - Setting next_dagrun for extract_raw_data_pipeline to 2025-07-03 07:00:00+00:00, run_after=2025-07-04 07:00:00+00:00
[2025-07-04T18:52:49.785+0000] {processor.py:208} INFO - Processing /opt/airflow/dags/extract_raw_data_pipeline.py took 0.330 seconds
[2025-07-04T18:53:19.931+0000] {processor.py:186} INFO - Started process (PID=560) to work on /opt/airflow/dags/extract_raw_data_pipeline.py
[2025-07-04T18:53:19.933+0000] {processor.py:914} INFO - Processing file /opt/airflow/dags/extract_raw_data_pipeline.py for tasks to queue
[2025-07-04T18:53:19.935+0000] {logging_mixin.py:190} INFO - [2025-07-04T18:53:19.935+0000] {dagbag.py:588} INFO - Filling up the DagBag from /opt/airflow/dags/extract_raw_data_pipeline.py
[2025-07-04T18:53:20.229+0000] {processor.py:925} INFO - DAG(s) 'extract_raw_data_pipeline' retrieved from /opt/airflow/dags/extract_raw_data_pipeline.py
[2025-07-04T18:53:20.258+0000] {logging_mixin.py:190} INFO - [2025-07-04T18:53:20.258+0000] {dag.py:3239} INFO - Sync 1 DAGs
[2025-07-04T18:53:20.277+0000] {logging_mixin.py:190} INFO - [2025-07-04T18:53:20.277+0000] {dag.py:4180} INFO - Setting next_dagrun for extract_raw_data_pipeline to 2025-07-03 07:00:00+00:00, run_after=2025-07-04 07:00:00+00:00
[2025-07-04T18:53:20.300+0000] {processor.py:208} INFO - Processing /opt/airflow/dags/extract_raw_data_pipeline.py took 0.374 seconds
[2025-07-04T18:53:50.396+0000] {processor.py:186} INFO - Started process (PID=569) to work on /opt/airflow/dags/extract_raw_data_pipeline.py
[2025-07-04T18:53:50.397+0000] {processor.py:914} INFO - Processing file /opt/airflow/dags/extract_raw_data_pipeline.py for tasks to queue
[2025-07-04T18:53:50.401+0000] {logging_mixin.py:190} INFO - [2025-07-04T18:53:50.401+0000] {dagbag.py:588} INFO - Filling up the DagBag from /opt/airflow/dags/extract_raw_data_pipeline.py
[2025-07-04T18:53:50.817+0000] {processor.py:925} INFO - DAG(s) 'extract_raw_data_pipeline' retrieved from /opt/airflow/dags/extract_raw_data_pipeline.py
[2025-07-04T18:53:50.843+0000] {logging_mixin.py:190} INFO - [2025-07-04T18:53:50.843+0000] {dag.py:3239} INFO - Sync 1 DAGs
[2025-07-04T18:53:50.869+0000] {logging_mixin.py:190} INFO - [2025-07-04T18:53:50.869+0000] {dag.py:4180} INFO - Setting next_dagrun for extract_raw_data_pipeline to 2025-07-03 07:00:00+00:00, run_after=2025-07-04 07:00:00+00:00
[2025-07-04T18:53:50.887+0000] {processor.py:208} INFO - Processing /opt/airflow/dags/extract_raw_data_pipeline.py took 0.499 seconds
[2025-07-04T18:54:20.952+0000] {processor.py:186} INFO - Started process (PID=577) to work on /opt/airflow/dags/extract_raw_data_pipeline.py
[2025-07-04T18:54:20.953+0000] {processor.py:914} INFO - Processing file /opt/airflow/dags/extract_raw_data_pipeline.py for tasks to queue
[2025-07-04T18:54:20.956+0000] {logging_mixin.py:190} INFO - [2025-07-04T18:54:20.955+0000] {dagbag.py:588} INFO - Filling up the DagBag from /opt/airflow/dags/extract_raw_data_pipeline.py
[2025-07-04T18:54:21.219+0000] {processor.py:925} INFO - DAG(s) 'extract_raw_data_pipeline' retrieved from /opt/airflow/dags/extract_raw_data_pipeline.py
[2025-07-04T18:54:21.242+0000] {logging_mixin.py:190} INFO - [2025-07-04T18:54:21.241+0000] {dag.py:3239} INFO - Sync 1 DAGs
[2025-07-04T18:54:21.260+0000] {logging_mixin.py:190} INFO - [2025-07-04T18:54:21.260+0000] {dag.py:4180} INFO - Setting next_dagrun for extract_raw_data_pipeline to 2025-07-03 07:00:00+00:00, run_after=2025-07-04 07:00:00+00:00
[2025-07-04T18:54:21.283+0000] {processor.py:208} INFO - Processing /opt/airflow/dags/extract_raw_data_pipeline.py took 0.336 seconds
[2025-07-04T18:54:51.353+0000] {processor.py:186} INFO - Started process (PID=586) to work on /opt/airflow/dags/extract_raw_data_pipeline.py
[2025-07-04T18:54:51.354+0000] {processor.py:914} INFO - Processing file /opt/airflow/dags/extract_raw_data_pipeline.py for tasks to queue
[2025-07-04T18:54:51.357+0000] {logging_mixin.py:190} INFO - [2025-07-04T18:54:51.357+0000] {dagbag.py:588} INFO - Filling up the DagBag from /opt/airflow/dags/extract_raw_data_pipeline.py
[2025-07-04T18:54:51.663+0000] {processor.py:925} INFO - DAG(s) 'extract_raw_data_pipeline' retrieved from /opt/airflow/dags/extract_raw_data_pipeline.py
[2025-07-04T18:54:51.685+0000] {logging_mixin.py:190} INFO - [2025-07-04T18:54:51.684+0000] {dag.py:3239} INFO - Sync 1 DAGs
[2025-07-04T18:54:51.704+0000] {logging_mixin.py:190} INFO - [2025-07-04T18:54:51.704+0000] {dag.py:4180} INFO - Setting next_dagrun for extract_raw_data_pipeline to 2025-07-03 07:00:00+00:00, run_after=2025-07-04 07:00:00+00:00
[2025-07-04T18:54:51.720+0000] {processor.py:208} INFO - Processing /opt/airflow/dags/extract_raw_data_pipeline.py took 0.373 seconds
[2025-07-04T18:55:21.798+0000] {processor.py:186} INFO - Started process (PID=595) to work on /opt/airflow/dags/extract_raw_data_pipeline.py
[2025-07-04T18:55:21.799+0000] {processor.py:914} INFO - Processing file /opt/airflow/dags/extract_raw_data_pipeline.py for tasks to queue
[2025-07-04T18:55:21.813+0000] {logging_mixin.py:190} INFO - [2025-07-04T18:55:21.812+0000] {dagbag.py:588} INFO - Filling up the DagBag from /opt/airflow/dags/extract_raw_data_pipeline.py
[2025-07-04T18:55:22.250+0000] {processor.py:925} INFO - DAG(s) 'extract_raw_data_pipeline' retrieved from /opt/airflow/dags/extract_raw_data_pipeline.py
[2025-07-04T18:55:22.284+0000] {logging_mixin.py:190} INFO - [2025-07-04T18:55:22.283+0000] {dag.py:3239} INFO - Sync 1 DAGs
[2025-07-04T18:55:22.331+0000] {logging_mixin.py:190} INFO - [2025-07-04T18:55:22.331+0000] {dag.py:4180} INFO - Setting next_dagrun for extract_raw_data_pipeline to 2025-07-03 07:00:00+00:00, run_after=2025-07-04 07:00:00+00:00
[2025-07-04T18:55:22.379+0000] {processor.py:208} INFO - Processing /opt/airflow/dags/extract_raw_data_pipeline.py took 0.590 seconds
[2025-07-04T18:55:52.571+0000] {processor.py:186} INFO - Started process (PID=604) to work on /opt/airflow/dags/extract_raw_data_pipeline.py
[2025-07-04T18:55:52.572+0000] {processor.py:914} INFO - Processing file /opt/airflow/dags/extract_raw_data_pipeline.py for tasks to queue
[2025-07-04T18:55:52.575+0000] {logging_mixin.py:190} INFO - [2025-07-04T18:55:52.575+0000] {dagbag.py:588} INFO - Filling up the DagBag from /opt/airflow/dags/extract_raw_data_pipeline.py
[2025-07-04T18:55:52.990+0000] {processor.py:925} INFO - DAG(s) 'extract_raw_data_pipeline' retrieved from /opt/airflow/dags/extract_raw_data_pipeline.py
[2025-07-04T18:55:53.059+0000] {logging_mixin.py:190} INFO - [2025-07-04T18:55:53.059+0000] {dag.py:3239} INFO - Sync 1 DAGs
[2025-07-04T18:55:53.120+0000] {logging_mixin.py:190} INFO - [2025-07-04T18:55:53.120+0000] {dag.py:4180} INFO - Setting next_dagrun for extract_raw_data_pipeline to 2025-07-03 07:00:00+00:00, run_after=2025-07-04 07:00:00+00:00
[2025-07-04T18:55:53.162+0000] {processor.py:208} INFO - Processing /opt/airflow/dags/extract_raw_data_pipeline.py took 0.602 seconds
[2025-07-04T18:56:23.921+0000] {processor.py:186} INFO - Started process (PID=613) to work on /opt/airflow/dags/extract_raw_data_pipeline.py
[2025-07-04T18:56:23.923+0000] {processor.py:914} INFO - Processing file /opt/airflow/dags/extract_raw_data_pipeline.py for tasks to queue
[2025-07-04T18:56:23.927+0000] {logging_mixin.py:190} INFO - [2025-07-04T18:56:23.926+0000] {dagbag.py:588} INFO - Filling up the DagBag from /opt/airflow/dags/extract_raw_data_pipeline.py
[2025-07-04T18:56:24.304+0000] {processor.py:925} INFO - DAG(s) 'extract_raw_data_pipeline' retrieved from /opt/airflow/dags/extract_raw_data_pipeline.py
[2025-07-04T18:56:24.330+0000] {logging_mixin.py:190} INFO - [2025-07-04T18:56:24.330+0000] {dag.py:3239} INFO - Sync 1 DAGs
[2025-07-04T18:56:24.355+0000] {logging_mixin.py:190} INFO - [2025-07-04T18:56:24.355+0000] {dag.py:4180} INFO - Setting next_dagrun for extract_raw_data_pipeline to 2025-07-03 07:00:00+00:00, run_after=2025-07-04 07:00:00+00:00
[2025-07-04T18:56:24.379+0000] {processor.py:208} INFO - Processing /opt/airflow/dags/extract_raw_data_pipeline.py took 0.464 seconds
[2025-07-04T18:56:54.456+0000] {processor.py:186} INFO - Started process (PID=622) to work on /opt/airflow/dags/extract_raw_data_pipeline.py
[2025-07-04T18:56:54.457+0000] {processor.py:914} INFO - Processing file /opt/airflow/dags/extract_raw_data_pipeline.py for tasks to queue
[2025-07-04T18:56:54.459+0000] {logging_mixin.py:190} INFO - [2025-07-04T18:56:54.459+0000] {dagbag.py:588} INFO - Filling up the DagBag from /opt/airflow/dags/extract_raw_data_pipeline.py
[2025-07-04T18:56:54.723+0000] {processor.py:925} INFO - DAG(s) 'extract_raw_data_pipeline' retrieved from /opt/airflow/dags/extract_raw_data_pipeline.py
[2025-07-04T18:56:54.745+0000] {logging_mixin.py:190} INFO - [2025-07-04T18:56:54.745+0000] {dag.py:3239} INFO - Sync 1 DAGs
[2025-07-04T18:56:54.764+0000] {logging_mixin.py:190} INFO - [2025-07-04T18:56:54.764+0000] {dag.py:4180} INFO - Setting next_dagrun for extract_raw_data_pipeline to 2025-07-03 07:00:00+00:00, run_after=2025-07-04 07:00:00+00:00
[2025-07-04T18:56:54.784+0000] {processor.py:208} INFO - Processing /opt/airflow/dags/extract_raw_data_pipeline.py took 0.334 seconds
[2025-07-04T18:57:24.916+0000] {processor.py:186} INFO - Started process (PID=631) to work on /opt/airflow/dags/extract_raw_data_pipeline.py
[2025-07-04T18:57:24.917+0000] {processor.py:914} INFO - Processing file /opt/airflow/dags/extract_raw_data_pipeline.py for tasks to queue
[2025-07-04T18:57:24.920+0000] {logging_mixin.py:190} INFO - [2025-07-04T18:57:24.919+0000] {dagbag.py:588} INFO - Filling up the DagBag from /opt/airflow/dags/extract_raw_data_pipeline.py
[2025-07-04T18:57:25.295+0000] {processor.py:925} INFO - DAG(s) 'extract_raw_data_pipeline' retrieved from /opt/airflow/dags/extract_raw_data_pipeline.py
[2025-07-04T18:57:25.331+0000] {logging_mixin.py:190} INFO - [2025-07-04T18:57:25.331+0000] {dag.py:3239} INFO - Sync 1 DAGs
[2025-07-04T18:57:25.359+0000] {logging_mixin.py:190} INFO - [2025-07-04T18:57:25.359+0000] {dag.py:4180} INFO - Setting next_dagrun for extract_raw_data_pipeline to 2025-07-03 07:00:00+00:00, run_after=2025-07-04 07:00:00+00:00
[2025-07-04T18:57:25.399+0000] {processor.py:208} INFO - Processing /opt/airflow/dags/extract_raw_data_pipeline.py took 0.489 seconds
[2025-07-04T18:57:56.296+0000] {processor.py:186} INFO - Started process (PID=640) to work on /opt/airflow/dags/extract_raw_data_pipeline.py
[2025-07-04T18:57:56.297+0000] {processor.py:914} INFO - Processing file /opt/airflow/dags/extract_raw_data_pipeline.py for tasks to queue
[2025-07-04T18:57:56.300+0000] {logging_mixin.py:190} INFO - [2025-07-04T18:57:56.299+0000] {dagbag.py:588} INFO - Filling up the DagBag from /opt/airflow/dags/extract_raw_data_pipeline.py
[2025-07-04T18:57:56.669+0000] {processor.py:925} INFO - DAG(s) 'extract_raw_data_pipeline' retrieved from /opt/airflow/dags/extract_raw_data_pipeline.py
[2025-07-04T18:57:56.701+0000] {logging_mixin.py:190} INFO - [2025-07-04T18:57:56.701+0000] {dag.py:3239} INFO - Sync 1 DAGs
[2025-07-04T18:57:56.732+0000] {logging_mixin.py:190} INFO - [2025-07-04T18:57:56.732+0000] {dag.py:4180} INFO - Setting next_dagrun for extract_raw_data_pipeline to 2025-07-03 07:00:00+00:00, run_after=2025-07-04 07:00:00+00:00
[2025-07-04T18:57:56.761+0000] {processor.py:208} INFO - Processing /opt/airflow/dags/extract_raw_data_pipeline.py took 0.472 seconds
[2025-07-04T18:58:26.803+0000] {processor.py:186} INFO - Started process (PID=649) to work on /opt/airflow/dags/extract_raw_data_pipeline.py
[2025-07-04T18:58:26.804+0000] {processor.py:914} INFO - Processing file /opt/airflow/dags/extract_raw_data_pipeline.py for tasks to queue
[2025-07-04T18:58:26.807+0000] {logging_mixin.py:190} INFO - [2025-07-04T18:58:26.807+0000] {dagbag.py:588} INFO - Filling up the DagBag from /opt/airflow/dags/extract_raw_data_pipeline.py
[2025-07-04T18:58:27.075+0000] {processor.py:925} INFO - DAG(s) 'extract_raw_data_pipeline' retrieved from /opt/airflow/dags/extract_raw_data_pipeline.py
[2025-07-04T18:58:27.100+0000] {logging_mixin.py:190} INFO - [2025-07-04T18:58:27.099+0000] {dag.py:3239} INFO - Sync 1 DAGs
[2025-07-04T18:58:27.122+0000] {logging_mixin.py:190} INFO - [2025-07-04T18:58:27.122+0000] {dag.py:4180} INFO - Setting next_dagrun for extract_raw_data_pipeline to 2025-07-03 07:00:00+00:00, run_after=2025-07-04 07:00:00+00:00
[2025-07-04T18:58:27.144+0000] {processor.py:208} INFO - Processing /opt/airflow/dags/extract_raw_data_pipeline.py took 0.347 seconds
[2025-07-04T18:58:57.217+0000] {processor.py:186} INFO - Started process (PID=658) to work on /opt/airflow/dags/extract_raw_data_pipeline.py
[2025-07-04T18:58:57.218+0000] {processor.py:914} INFO - Processing file /opt/airflow/dags/extract_raw_data_pipeline.py for tasks to queue
[2025-07-04T18:58:57.221+0000] {logging_mixin.py:190} INFO - [2025-07-04T18:58:57.220+0000] {dagbag.py:588} INFO - Filling up the DagBag from /opt/airflow/dags/extract_raw_data_pipeline.py
[2025-07-04T18:58:57.546+0000] {processor.py:925} INFO - DAG(s) 'extract_raw_data_pipeline' retrieved from /opt/airflow/dags/extract_raw_data_pipeline.py
[2025-07-04T18:58:57.571+0000] {logging_mixin.py:190} INFO - [2025-07-04T18:58:57.571+0000] {dag.py:3239} INFO - Sync 1 DAGs
[2025-07-04T18:58:57.595+0000] {logging_mixin.py:190} INFO - [2025-07-04T18:58:57.595+0000] {dag.py:4180} INFO - Setting next_dagrun for extract_raw_data_pipeline to 2025-07-03 07:00:00+00:00, run_after=2025-07-04 07:00:00+00:00
[2025-07-04T18:58:57.617+0000] {processor.py:208} INFO - Processing /opt/airflow/dags/extract_raw_data_pipeline.py took 0.406 seconds
[2025-07-04T18:59:27.738+0000] {processor.py:186} INFO - Started process (PID=667) to work on /opt/airflow/dags/extract_raw_data_pipeline.py
[2025-07-04T18:59:27.739+0000] {processor.py:914} INFO - Processing file /opt/airflow/dags/extract_raw_data_pipeline.py for tasks to queue
[2025-07-04T18:59:27.741+0000] {logging_mixin.py:190} INFO - [2025-07-04T18:59:27.741+0000] {dagbag.py:588} INFO - Filling up the DagBag from /opt/airflow/dags/extract_raw_data_pipeline.py
[2025-07-04T18:59:28.028+0000] {processor.py:925} INFO - DAG(s) 'extract_raw_data_pipeline' retrieved from /opt/airflow/dags/extract_raw_data_pipeline.py
[2025-07-04T18:59:28.056+0000] {logging_mixin.py:190} INFO - [2025-07-04T18:59:28.056+0000] {dag.py:3239} INFO - Sync 1 DAGs
[2025-07-04T18:59:28.077+0000] {logging_mixin.py:190} INFO - [2025-07-04T18:59:28.076+0000] {dag.py:4180} INFO - Setting next_dagrun for extract_raw_data_pipeline to 2025-07-03 07:00:00+00:00, run_after=2025-07-04 07:00:00+00:00
[2025-07-04T18:59:28.099+0000] {processor.py:208} INFO - Processing /opt/airflow/dags/extract_raw_data_pipeline.py took 0.384 seconds
[2025-07-04T18:59:59.056+0000] {processor.py:186} INFO - Started process (PID=676) to work on /opt/airflow/dags/extract_raw_data_pipeline.py
[2025-07-04T18:59:59.057+0000] {processor.py:914} INFO - Processing file /opt/airflow/dags/extract_raw_data_pipeline.py for tasks to queue
[2025-07-04T18:59:59.060+0000] {logging_mixin.py:190} INFO - [2025-07-04T18:59:59.060+0000] {dagbag.py:588} INFO - Filling up the DagBag from /opt/airflow/dags/extract_raw_data_pipeline.py
[2025-07-04T18:59:59.354+0000] {processor.py:925} INFO - DAG(s) 'extract_raw_data_pipeline' retrieved from /opt/airflow/dags/extract_raw_data_pipeline.py
[2025-07-04T18:59:59.375+0000] {logging_mixin.py:190} INFO - [2025-07-04T18:59:59.375+0000] {dag.py:3239} INFO - Sync 1 DAGs
[2025-07-04T18:59:59.394+0000] {logging_mixin.py:190} INFO - [2025-07-04T18:59:59.394+0000] {dag.py:4180} INFO - Setting next_dagrun for extract_raw_data_pipeline to 2025-07-03 07:00:00+00:00, run_after=2025-07-04 07:00:00+00:00
[2025-07-04T18:59:59.414+0000] {processor.py:208} INFO - Processing /opt/airflow/dags/extract_raw_data_pipeline.py took 0.363 seconds
[2025-07-04T19:00:29.504+0000] {processor.py:186} INFO - Started process (PID=685) to work on /opt/airflow/dags/extract_raw_data_pipeline.py
[2025-07-04T19:00:29.505+0000] {processor.py:914} INFO - Processing file /opt/airflow/dags/extract_raw_data_pipeline.py for tasks to queue
[2025-07-04T19:00:29.507+0000] {logging_mixin.py:190} INFO - [2025-07-04T19:00:29.507+0000] {dagbag.py:588} INFO - Filling up the DagBag from /opt/airflow/dags/extract_raw_data_pipeline.py
[2025-07-04T19:00:29.784+0000] {processor.py:925} INFO - DAG(s) 'extract_raw_data_pipeline' retrieved from /opt/airflow/dags/extract_raw_data_pipeline.py
[2025-07-04T19:00:29.806+0000] {logging_mixin.py:190} INFO - [2025-07-04T19:00:29.806+0000] {dag.py:3239} INFO - Sync 1 DAGs
[2025-07-04T19:00:29.826+0000] {logging_mixin.py:190} INFO - [2025-07-04T19:00:29.826+0000] {dag.py:4180} INFO - Setting next_dagrun for extract_raw_data_pipeline to 2025-07-03 07:00:00+00:00, run_after=2025-07-04 07:00:00+00:00
[2025-07-04T19:00:29.847+0000] {processor.py:208} INFO - Processing /opt/airflow/dags/extract_raw_data_pipeline.py took 0.350 seconds
[2025-07-04T19:00:59.981+0000] {processor.py:186} INFO - Started process (PID=694) to work on /opt/airflow/dags/extract_raw_data_pipeline.py
[2025-07-04T19:00:59.982+0000] {processor.py:914} INFO - Processing file /opt/airflow/dags/extract_raw_data_pipeline.py for tasks to queue
[2025-07-04T19:00:59.985+0000] {logging_mixin.py:190} INFO - [2025-07-04T19:00:59.985+0000] {dagbag.py:588} INFO - Filling up the DagBag from /opt/airflow/dags/extract_raw_data_pipeline.py
[2025-07-04T19:01:00.261+0000] {processor.py:925} INFO - DAG(s) 'extract_raw_data_pipeline' retrieved from /opt/airflow/dags/extract_raw_data_pipeline.py
[2025-07-04T19:01:00.284+0000] {logging_mixin.py:190} INFO - [2025-07-04T19:01:00.284+0000] {dag.py:3239} INFO - Sync 1 DAGs
[2025-07-04T19:01:00.304+0000] {logging_mixin.py:190} INFO - [2025-07-04T19:01:00.304+0000] {dag.py:4180} INFO - Setting next_dagrun for extract_raw_data_pipeline to 2025-07-03 07:00:00+00:00, run_after=2025-07-04 07:00:00+00:00
[2025-07-04T19:01:00.326+0000] {processor.py:208} INFO - Processing /opt/airflow/dags/extract_raw_data_pipeline.py took 0.350 seconds
[2025-07-04T19:01:30.702+0000] {processor.py:186} INFO - Started process (PID=703) to work on /opt/airflow/dags/extract_raw_data_pipeline.py
[2025-07-04T19:01:30.703+0000] {processor.py:914} INFO - Processing file /opt/airflow/dags/extract_raw_data_pipeline.py for tasks to queue
[2025-07-04T19:01:30.706+0000] {logging_mixin.py:190} INFO - [2025-07-04T19:01:30.706+0000] {dagbag.py:588} INFO - Filling up the DagBag from /opt/airflow/dags/extract_raw_data_pipeline.py
[2025-07-04T19:01:31.025+0000] {processor.py:925} INFO - DAG(s) 'extract_raw_data_pipeline' retrieved from /opt/airflow/dags/extract_raw_data_pipeline.py
[2025-07-04T19:01:31.051+0000] {logging_mixin.py:190} INFO - [2025-07-04T19:01:31.051+0000] {dag.py:3239} INFO - Sync 1 DAGs
[2025-07-04T19:01:31.132+0000] {logging_mixin.py:190} INFO - [2025-07-04T19:01:31.131+0000] {dag.py:4180} INFO - Setting next_dagrun for extract_raw_data_pipeline to 2025-07-03 07:00:00+00:00, run_after=2025-07-04 07:00:00+00:00
[2025-07-04T19:01:31.293+0000] {processor.py:208} INFO - Processing /opt/airflow/dags/extract_raw_data_pipeline.py took 0.598 seconds
[2025-07-04T19:02:02.144+0000] {processor.py:186} INFO - Started process (PID=712) to work on /opt/airflow/dags/extract_raw_data_pipeline.py
[2025-07-04T19:02:02.145+0000] {processor.py:914} INFO - Processing file /opt/airflow/dags/extract_raw_data_pipeline.py for tasks to queue
[2025-07-04T19:02:02.149+0000] {logging_mixin.py:190} INFO - [2025-07-04T19:02:02.148+0000] {dagbag.py:588} INFO - Filling up the DagBag from /opt/airflow/dags/extract_raw_data_pipeline.py
[2025-07-04T19:02:02.731+0000] {processor.py:925} INFO - DAG(s) 'extract_raw_data_pipeline' retrieved from /opt/airflow/dags/extract_raw_data_pipeline.py
[2025-07-04T19:02:02.755+0000] {logging_mixin.py:190} INFO - [2025-07-04T19:02:02.755+0000] {dag.py:3239} INFO - Sync 1 DAGs
[2025-07-04T19:02:02.781+0000] {logging_mixin.py:190} INFO - [2025-07-04T19:02:02.781+0000] {dag.py:4180} INFO - Setting next_dagrun for extract_raw_data_pipeline to 2025-07-03 07:00:00+00:00, run_after=2025-07-04 07:00:00+00:00
[2025-07-04T19:02:02.799+0000] {processor.py:208} INFO - Processing /opt/airflow/dags/extract_raw_data_pipeline.py took 0.661 seconds
[2025-07-04T19:02:33.637+0000] {processor.py:186} INFO - Started process (PID=721) to work on /opt/airflow/dags/extract_raw_data_pipeline.py
[2025-07-04T19:02:33.638+0000] {processor.py:914} INFO - Processing file /opt/airflow/dags/extract_raw_data_pipeline.py for tasks to queue
[2025-07-04T19:02:33.642+0000] {logging_mixin.py:190} INFO - [2025-07-04T19:02:33.641+0000] {dagbag.py:588} INFO - Filling up the DagBag from /opt/airflow/dags/extract_raw_data_pipeline.py
[2025-07-04T19:02:34.045+0000] {processor.py:925} INFO - DAG(s) 'extract_raw_data_pipeline' retrieved from /opt/airflow/dags/extract_raw_data_pipeline.py
[2025-07-04T19:02:34.087+0000] {logging_mixin.py:190} INFO - [2025-07-04T19:02:34.087+0000] {dag.py:3239} INFO - Sync 1 DAGs
[2025-07-04T19:02:34.110+0000] {logging_mixin.py:190} INFO - [2025-07-04T19:02:34.110+0000] {dag.py:4180} INFO - Setting next_dagrun for extract_raw_data_pipeline to 2025-07-03 07:00:00+00:00, run_after=2025-07-04 07:00:00+00:00
[2025-07-04T19:02:34.136+0000] {processor.py:208} INFO - Processing /opt/airflow/dags/extract_raw_data_pipeline.py took 0.507 seconds
[2025-07-04T19:03:04.495+0000] {processor.py:186} INFO - Started process (PID=730) to work on /opt/airflow/dags/extract_raw_data_pipeline.py
[2025-07-04T19:03:04.496+0000] {processor.py:914} INFO - Processing file /opt/airflow/dags/extract_raw_data_pipeline.py for tasks to queue
[2025-07-04T19:03:04.500+0000] {logging_mixin.py:190} INFO - [2025-07-04T19:03:04.499+0000] {dagbag.py:588} INFO - Filling up the DagBag from /opt/airflow/dags/extract_raw_data_pipeline.py
[2025-07-04T19:03:04.914+0000] {processor.py:925} INFO - DAG(s) 'extract_raw_data_pipeline' retrieved from /opt/airflow/dags/extract_raw_data_pipeline.py
[2025-07-04T19:03:04.938+0000] {logging_mixin.py:190} INFO - [2025-07-04T19:03:04.938+0000] {dag.py:3239} INFO - Sync 1 DAGs
[2025-07-04T19:03:04.960+0000] {logging_mixin.py:190} INFO - [2025-07-04T19:03:04.959+0000] {dag.py:4180} INFO - Setting next_dagrun for extract_raw_data_pipeline to 2025-07-03 07:00:00+00:00, run_after=2025-07-04 07:00:00+00:00
[2025-07-04T19:03:04.986+0000] {processor.py:208} INFO - Processing /opt/airflow/dags/extract_raw_data_pipeline.py took 0.507 seconds
[2025-07-04T19:03:35.322+0000] {processor.py:186} INFO - Started process (PID=739) to work on /opt/airflow/dags/extract_raw_data_pipeline.py
[2025-07-04T19:03:35.323+0000] {processor.py:914} INFO - Processing file /opt/airflow/dags/extract_raw_data_pipeline.py for tasks to queue
[2025-07-04T19:03:35.327+0000] {logging_mixin.py:190} INFO - [2025-07-04T19:03:35.326+0000] {dagbag.py:588} INFO - Filling up the DagBag from /opt/airflow/dags/extract_raw_data_pipeline.py
[2025-07-04T19:03:35.626+0000] {processor.py:925} INFO - DAG(s) 'extract_raw_data_pipeline' retrieved from /opt/airflow/dags/extract_raw_data_pipeline.py
[2025-07-04T19:03:35.649+0000] {logging_mixin.py:190} INFO - [2025-07-04T19:03:35.648+0000] {dag.py:3239} INFO - Sync 1 DAGs
[2025-07-04T19:03:35.671+0000] {logging_mixin.py:190} INFO - [2025-07-04T19:03:35.671+0000] {dag.py:4180} INFO - Setting next_dagrun for extract_raw_data_pipeline to 2025-07-03 07:00:00+00:00, run_after=2025-07-04 07:00:00+00:00
[2025-07-04T19:03:35.692+0000] {processor.py:208} INFO - Processing /opt/airflow/dags/extract_raw_data_pipeline.py took 0.376 seconds
[2025-07-04T19:04:05.811+0000] {processor.py:186} INFO - Started process (PID=748) to work on /opt/airflow/dags/extract_raw_data_pipeline.py
[2025-07-04T19:04:05.812+0000] {processor.py:914} INFO - Processing file /opt/airflow/dags/extract_raw_data_pipeline.py for tasks to queue
[2025-07-04T19:04:05.816+0000] {logging_mixin.py:190} INFO - [2025-07-04T19:04:05.815+0000] {dagbag.py:588} INFO - Filling up the DagBag from /opt/airflow/dags/extract_raw_data_pipeline.py
[2025-07-04T19:04:06.134+0000] {processor.py:925} INFO - DAG(s) 'extract_raw_data_pipeline' retrieved from /opt/airflow/dags/extract_raw_data_pipeline.py
[2025-07-04T19:04:06.157+0000] {logging_mixin.py:190} INFO - [2025-07-04T19:04:06.157+0000] {dag.py:3239} INFO - Sync 1 DAGs
[2025-07-04T19:04:06.177+0000] {logging_mixin.py:190} INFO - [2025-07-04T19:04:06.177+0000] {dag.py:4180} INFO - Setting next_dagrun for extract_raw_data_pipeline to 2025-07-03 07:00:00+00:00, run_after=2025-07-04 07:00:00+00:00
[2025-07-04T19:04:06.202+0000] {processor.py:208} INFO - Processing /opt/airflow/dags/extract_raw_data_pipeline.py took 0.398 seconds
[2025-07-04T19:04:36.356+0000] {processor.py:186} INFO - Started process (PID=757) to work on /opt/airflow/dags/extract_raw_data_pipeline.py
[2025-07-04T19:04:36.357+0000] {processor.py:914} INFO - Processing file /opt/airflow/dags/extract_raw_data_pipeline.py for tasks to queue
[2025-07-04T19:04:36.360+0000] {logging_mixin.py:190} INFO - [2025-07-04T19:04:36.360+0000] {dagbag.py:588} INFO - Filling up the DagBag from /opt/airflow/dags/extract_raw_data_pipeline.py
[2025-07-04T19:04:36.763+0000] {processor.py:925} INFO - DAG(s) 'extract_raw_data_pipeline' retrieved from /opt/airflow/dags/extract_raw_data_pipeline.py
[2025-07-04T19:04:36.788+0000] {logging_mixin.py:190} INFO - [2025-07-04T19:04:36.788+0000] {dag.py:3239} INFO - Sync 1 DAGs
[2025-07-04T19:04:36.831+0000] {logging_mixin.py:190} INFO - [2025-07-04T19:04:36.830+0000] {dag.py:4180} INFO - Setting next_dagrun for extract_raw_data_pipeline to 2025-07-03 07:00:00+00:00, run_after=2025-07-04 07:00:00+00:00
[2025-07-04T19:04:36.867+0000] {processor.py:208} INFO - Processing /opt/airflow/dags/extract_raw_data_pipeline.py took 0.519 seconds
[2025-07-04T19:05:07.748+0000] {processor.py:186} INFO - Started process (PID=766) to work on /opt/airflow/dags/extract_raw_data_pipeline.py
[2025-07-04T19:05:07.749+0000] {processor.py:914} INFO - Processing file /opt/airflow/dags/extract_raw_data_pipeline.py for tasks to queue
[2025-07-04T19:05:07.751+0000] {logging_mixin.py:190} INFO - [2025-07-04T19:05:07.751+0000] {dagbag.py:588} INFO - Filling up the DagBag from /opt/airflow/dags/extract_raw_data_pipeline.py
[2025-07-04T19:05:08.053+0000] {processor.py:925} INFO - DAG(s) 'extract_raw_data_pipeline' retrieved from /opt/airflow/dags/extract_raw_data_pipeline.py
[2025-07-04T19:05:08.075+0000] {logging_mixin.py:190} INFO - [2025-07-04T19:05:08.075+0000] {dag.py:3239} INFO - Sync 1 DAGs
[2025-07-04T19:05:08.095+0000] {logging_mixin.py:190} INFO - [2025-07-04T19:05:08.094+0000] {dag.py:4180} INFO - Setting next_dagrun for extract_raw_data_pipeline to 2025-07-03 07:00:00+00:00, run_after=2025-07-04 07:00:00+00:00
[2025-07-04T19:05:08.113+0000] {processor.py:208} INFO - Processing /opt/airflow/dags/extract_raw_data_pipeline.py took 0.371 seconds
[2025-07-04T19:07:21.878+0000] {processor.py:186} INFO - Started process (PID=83) to work on /opt/airflow/dags/extract_raw_data_pipeline.py
[2025-07-04T19:07:21.902+0000] {processor.py:914} INFO - Processing file /opt/airflow/dags/extract_raw_data_pipeline.py for tasks to queue
[2025-07-04T19:07:22.034+0000] {logging_mixin.py:190} INFO - [2025-07-04T19:07:22.017+0000] {dagbag.py:588} INFO - Filling up the DagBag from /opt/airflow/dags/extract_raw_data_pipeline.py
[2025-07-04T19:07:31.246+0000] {processor.py:925} INFO - DAG(s) 'extract_raw_data_pipeline' retrieved from /opt/airflow/dags/extract_raw_data_pipeline.py
[2025-07-04T19:07:31.459+0000] {logging_mixin.py:190} INFO - [2025-07-04T19:07:31.457+0000] {override.py:1900} INFO - Created Permission View: can edit on DAG:extract_raw_data_pipeline
[2025-07-04T19:07:31.493+0000] {logging_mixin.py:190} INFO - [2025-07-04T19:07:31.492+0000] {override.py:1900} INFO - Created Permission View: can delete on DAG:extract_raw_data_pipeline
[2025-07-04T19:07:31.502+0000] {logging_mixin.py:190} INFO - [2025-07-04T19:07:31.502+0000] {override.py:1900} INFO - Created Permission View: can read on DAG:extract_raw_data_pipeline
[2025-07-04T19:07:31.522+0000] {logging_mixin.py:190} INFO - [2025-07-04T19:07:31.522+0000] {override.py:1900} INFO - Created Permission View: menu access on DAG Run:extract_raw_data_pipeline
[2025-07-04T19:07:31.539+0000] {logging_mixin.py:190} INFO - [2025-07-04T19:07:31.539+0000] {override.py:1900} INFO - Created Permission View: can delete on DAG Run:extract_raw_data_pipeline
[2025-07-04T19:07:31.555+0000] {logging_mixin.py:190} INFO - [2025-07-04T19:07:31.555+0000] {override.py:1900} INFO - Created Permission View: can read on DAG Run:extract_raw_data_pipeline
[2025-07-04T19:07:31.583+0000] {logging_mixin.py:190} INFO - [2025-07-04T19:07:31.581+0000] {override.py:1900} INFO - Created Permission View: can create on DAG Run:extract_raw_data_pipeline
[2025-07-04T19:07:31.584+0000] {logging_mixin.py:190} INFO - [2025-07-04T19:07:31.584+0000] {dag.py:3239} INFO - Sync 1 DAGs
[2025-07-04T19:07:31.636+0000] {logging_mixin.py:190} INFO - [2025-07-04T19:07:31.636+0000] {dag.py:3262} INFO - Creating ORM DAG for extract_raw_data_pipeline
[2025-07-04T19:07:31.658+0000] {logging_mixin.py:190} INFO - [2025-07-04T19:07:31.658+0000] {dag.py:4180} INFO - Setting next_dagrun for extract_raw_data_pipeline to 2025-07-03 07:00:00+00:00, run_after=2025-07-04 07:00:00+00:00
[2025-07-04T19:07:31.764+0000] {processor.py:208} INFO - Processing /opt/airflow/dags/extract_raw_data_pipeline.py took 10.014 seconds
[2025-07-04T19:08:02.767+0000] {processor.py:186} INFO - Started process (PID=92) to work on /opt/airflow/dags/extract_raw_data_pipeline.py
[2025-07-04T19:08:02.774+0000] {processor.py:914} INFO - Processing file /opt/airflow/dags/extract_raw_data_pipeline.py for tasks to queue
[2025-07-04T19:08:02.780+0000] {logging_mixin.py:190} INFO - [2025-07-04T19:08:02.779+0000] {dagbag.py:588} INFO - Filling up the DagBag from /opt/airflow/dags/extract_raw_data_pipeline.py
[2025-07-04T19:08:09.195+0000] {processor.py:925} INFO - DAG(s) 'extract_raw_data_pipeline' retrieved from /opt/airflow/dags/extract_raw_data_pipeline.py
[2025-07-04T19:08:09.352+0000] {logging_mixin.py:190} INFO - [2025-07-04T19:08:09.352+0000] {dag.py:3239} INFO - Sync 1 DAGs
[2025-07-04T19:08:09.468+0000] {logging_mixin.py:190} INFO - [2025-07-04T19:08:09.467+0000] {dag.py:4180} INFO - Setting next_dagrun for extract_raw_data_pipeline to 2025-07-03 07:00:00+00:00, run_after=2025-07-04 07:00:00+00:00
[2025-07-04T19:08:09.631+0000] {processor.py:208} INFO - Processing /opt/airflow/dags/extract_raw_data_pipeline.py took 7.011 seconds
[2025-07-04T19:08:40.800+0000] {processor.py:186} INFO - Started process (PID=101) to work on /opt/airflow/dags/extract_raw_data_pipeline.py
[2025-07-04T19:08:40.837+0000] {processor.py:914} INFO - Processing file /opt/airflow/dags/extract_raw_data_pipeline.py for tasks to queue
[2025-07-04T19:08:40.854+0000] {logging_mixin.py:190} INFO - [2025-07-04T19:08:40.854+0000] {dagbag.py:588} INFO - Filling up the DagBag from /opt/airflow/dags/extract_raw_data_pipeline.py
[2025-07-04T19:08:42.039+0000] {processor.py:925} INFO - DAG(s) 'extract_raw_data_pipeline' retrieved from /opt/airflow/dags/extract_raw_data_pipeline.py
[2025-07-04T19:08:42.364+0000] {logging_mixin.py:190} INFO - [2025-07-04T19:08:42.364+0000] {dag.py:3239} INFO - Sync 1 DAGs
[2025-07-04T19:08:42.428+0000] {logging_mixin.py:190} INFO - [2025-07-04T19:08:42.428+0000] {dag.py:4180} INFO - Setting next_dagrun for extract_raw_data_pipeline to 2025-07-03 07:00:00+00:00, run_after=2025-07-04 07:00:00+00:00
[2025-07-04T19:08:42.486+0000] {processor.py:208} INFO - Processing /opt/airflow/dags/extract_raw_data_pipeline.py took 1.698 seconds
[2025-07-04T19:09:12.907+0000] {processor.py:186} INFO - Started process (PID=110) to work on /opt/airflow/dags/extract_raw_data_pipeline.py
[2025-07-04T19:09:12.909+0000] {processor.py:914} INFO - Processing file /opt/airflow/dags/extract_raw_data_pipeline.py for tasks to queue
[2025-07-04T19:09:12.913+0000] {logging_mixin.py:190} INFO - [2025-07-04T19:09:12.913+0000] {dagbag.py:588} INFO - Filling up the DagBag from /opt/airflow/dags/extract_raw_data_pipeline.py
[2025-07-04T19:09:13.528+0000] {processor.py:925} INFO - DAG(s) 'extract_raw_data_pipeline' retrieved from /opt/airflow/dags/extract_raw_data_pipeline.py
[2025-07-04T19:09:13.556+0000] {logging_mixin.py:190} INFO - [2025-07-04T19:09:13.556+0000] {dag.py:3239} INFO - Sync 1 DAGs
[2025-07-04T19:09:13.591+0000] {logging_mixin.py:190} INFO - [2025-07-04T19:09:13.591+0000] {dag.py:4180} INFO - Setting next_dagrun for extract_raw_data_pipeline to 2025-07-03 07:00:00+00:00, run_after=2025-07-04 07:00:00+00:00
[2025-07-04T19:09:13.648+0000] {processor.py:208} INFO - Processing /opt/airflow/dags/extract_raw_data_pipeline.py took 0.748 seconds
[2025-07-04T19:09:44.425+0000] {processor.py:186} INFO - Started process (PID=119) to work on /opt/airflow/dags/extract_raw_data_pipeline.py
[2025-07-04T19:09:44.428+0000] {processor.py:914} INFO - Processing file /opt/airflow/dags/extract_raw_data_pipeline.py for tasks to queue
[2025-07-04T19:09:44.432+0000] {logging_mixin.py:190} INFO - [2025-07-04T19:09:44.431+0000] {dagbag.py:588} INFO - Filling up the DagBag from /opt/airflow/dags/extract_raw_data_pipeline.py
[2025-07-04T19:09:45.039+0000] {processor.py:925} INFO - DAG(s) 'extract_raw_data_pipeline' retrieved from /opt/airflow/dags/extract_raw_data_pipeline.py
[2025-07-04T19:09:45.104+0000] {logging_mixin.py:190} INFO - [2025-07-04T19:09:45.103+0000] {dag.py:3239} INFO - Sync 1 DAGs
[2025-07-04T19:09:45.157+0000] {logging_mixin.py:190} INFO - [2025-07-04T19:09:45.149+0000] {dag.py:4180} INFO - Setting next_dagrun for extract_raw_data_pipeline to 2025-07-03 07:00:00+00:00, run_after=2025-07-04 07:00:00+00:00
[2025-07-04T19:09:45.221+0000] {processor.py:208} INFO - Processing /opt/airflow/dags/extract_raw_data_pipeline.py took 0.798 seconds
[2025-07-04T19:10:15.852+0000] {processor.py:186} INFO - Started process (PID=128) to work on /opt/airflow/dags/extract_raw_data_pipeline.py
[2025-07-04T19:10:15.855+0000] {processor.py:914} INFO - Processing file /opt/airflow/dags/extract_raw_data_pipeline.py for tasks to queue
[2025-07-04T19:10:15.860+0000] {logging_mixin.py:190} INFO - [2025-07-04T19:10:15.859+0000] {dagbag.py:588} INFO - Filling up the DagBag from /opt/airflow/dags/extract_raw_data_pipeline.py
[2025-07-04T19:10:16.387+0000] {processor.py:925} INFO - DAG(s) 'extract_raw_data_pipeline' retrieved from /opt/airflow/dags/extract_raw_data_pipeline.py
[2025-07-04T19:10:16.428+0000] {logging_mixin.py:190} INFO - [2025-07-04T19:10:16.428+0000] {dag.py:3239} INFO - Sync 1 DAGs
[2025-07-04T19:10:16.454+0000] {logging_mixin.py:190} INFO - [2025-07-04T19:10:16.454+0000] {dag.py:4180} INFO - Setting next_dagrun for extract_raw_data_pipeline to 2025-07-03 07:00:00+00:00, run_after=2025-07-04 07:00:00+00:00
[2025-07-04T19:10:16.477+0000] {processor.py:208} INFO - Processing /opt/airflow/dags/extract_raw_data_pipeline.py took 0.657 seconds
[2025-07-04T19:10:47.126+0000] {processor.py:186} INFO - Started process (PID=137) to work on /opt/airflow/dags/extract_raw_data_pipeline.py
[2025-07-04T19:10:47.127+0000] {processor.py:914} INFO - Processing file /opt/airflow/dags/extract_raw_data_pipeline.py for tasks to queue
[2025-07-04T19:10:47.130+0000] {logging_mixin.py:190} INFO - [2025-07-04T19:10:47.130+0000] {dagbag.py:588} INFO - Filling up the DagBag from /opt/airflow/dags/extract_raw_data_pipeline.py
[2025-07-04T19:10:47.688+0000] {processor.py:925} INFO - DAG(s) 'extract_raw_data_pipeline' retrieved from /opt/airflow/dags/extract_raw_data_pipeline.py
[2025-07-04T19:10:47.716+0000] {logging_mixin.py:190} INFO - [2025-07-04T19:10:47.716+0000] {dag.py:3239} INFO - Sync 1 DAGs
[2025-07-04T19:10:47.738+0000] {logging_mixin.py:190} INFO - [2025-07-04T19:10:47.738+0000] {dag.py:4180} INFO - Setting next_dagrun for extract_raw_data_pipeline to 2025-07-03 07:00:00+00:00, run_after=2025-07-04 07:00:00+00:00
[2025-07-04T19:10:47.756+0000] {processor.py:208} INFO - Processing /opt/airflow/dags/extract_raw_data_pipeline.py took 0.634 seconds
[2025-07-04T19:11:18.634+0000] {processor.py:186} INFO - Started process (PID=146) to work on /opt/airflow/dags/extract_raw_data_pipeline.py
[2025-07-04T19:11:18.635+0000] {processor.py:914} INFO - Processing file /opt/airflow/dags/extract_raw_data_pipeline.py for tasks to queue
[2025-07-04T19:11:18.638+0000] {logging_mixin.py:190} INFO - [2025-07-04T19:11:18.638+0000] {dagbag.py:588} INFO - Filling up the DagBag from /opt/airflow/dags/extract_raw_data_pipeline.py
[2025-07-04T19:11:19.034+0000] {processor.py:925} INFO - DAG(s) 'extract_raw_data_pipeline' retrieved from /opt/airflow/dags/extract_raw_data_pipeline.py
[2025-07-04T19:11:19.053+0000] {logging_mixin.py:190} INFO - [2025-07-04T19:11:19.052+0000] {dag.py:3239} INFO - Sync 1 DAGs
[2025-07-04T19:11:19.070+0000] {logging_mixin.py:190} INFO - [2025-07-04T19:11:19.070+0000] {dag.py:4180} INFO - Setting next_dagrun for extract_raw_data_pipeline to 2025-07-03 07:00:00+00:00, run_after=2025-07-04 07:00:00+00:00
[2025-07-04T19:11:19.091+0000] {processor.py:208} INFO - Processing /opt/airflow/dags/extract_raw_data_pipeline.py took 0.463 seconds
[2025-07-04T19:11:49.490+0000] {processor.py:186} INFO - Started process (PID=155) to work on /opt/airflow/dags/extract_raw_data_pipeline.py
[2025-07-04T19:11:49.497+0000] {processor.py:914} INFO - Processing file /opt/airflow/dags/extract_raw_data_pipeline.py for tasks to queue
[2025-07-04T19:11:49.507+0000] {logging_mixin.py:190} INFO - [2025-07-04T19:11:49.507+0000] {dagbag.py:588} INFO - Filling up the DagBag from /opt/airflow/dags/extract_raw_data_pipeline.py
[2025-07-04T19:11:50.956+0000] {processor.py:925} INFO - DAG(s) 'extract_raw_data_pipeline' retrieved from /opt/airflow/dags/extract_raw_data_pipeline.py
[2025-07-04T19:11:50.988+0000] {logging_mixin.py:190} INFO - [2025-07-04T19:11:50.987+0000] {dag.py:3239} INFO - Sync 1 DAGs
[2025-07-04T19:11:51.016+0000] {logging_mixin.py:190} INFO - [2025-07-04T19:11:51.016+0000] {dag.py:4180} INFO - Setting next_dagrun for extract_raw_data_pipeline to 2025-07-03 07:00:00+00:00, run_after=2025-07-04 07:00:00+00:00
[2025-07-04T19:11:51.042+0000] {processor.py:208} INFO - Processing /opt/airflow/dags/extract_raw_data_pipeline.py took 1.562 seconds
[2025-07-04T19:12:21.621+0000] {processor.py:186} INFO - Started process (PID=164) to work on /opt/airflow/dags/extract_raw_data_pipeline.py
[2025-07-04T19:12:21.622+0000] {processor.py:914} INFO - Processing file /opt/airflow/dags/extract_raw_data_pipeline.py for tasks to queue
[2025-07-04T19:12:21.657+0000] {logging_mixin.py:190} INFO - [2025-07-04T19:12:21.653+0000] {dagbag.py:588} INFO - Filling up the DagBag from /opt/airflow/dags/extract_raw_data_pipeline.py
[2025-07-04T19:12:22.204+0000] {processor.py:925} INFO - DAG(s) 'extract_raw_data_pipeline' retrieved from /opt/airflow/dags/extract_raw_data_pipeline.py
[2025-07-04T19:12:22.229+0000] {logging_mixin.py:190} INFO - [2025-07-04T19:12:22.229+0000] {dag.py:3239} INFO - Sync 1 DAGs
[2025-07-04T19:12:22.250+0000] {logging_mixin.py:190} INFO - [2025-07-04T19:12:22.250+0000] {dag.py:4180} INFO - Setting next_dagrun for extract_raw_data_pipeline to 2025-07-03 07:00:00+00:00, run_after=2025-07-04 07:00:00+00:00
[2025-07-04T19:12:22.270+0000] {processor.py:208} INFO - Processing /opt/airflow/dags/extract_raw_data_pipeline.py took 0.656 seconds
[2025-07-04T19:12:52.644+0000] {processor.py:186} INFO - Started process (PID=179) to work on /opt/airflow/dags/extract_raw_data_pipeline.py
[2025-07-04T19:12:52.645+0000] {processor.py:914} INFO - Processing file /opt/airflow/dags/extract_raw_data_pipeline.py for tasks to queue
[2025-07-04T19:12:52.648+0000] {logging_mixin.py:190} INFO - [2025-07-04T19:12:52.648+0000] {dagbag.py:588} INFO - Filling up the DagBag from /opt/airflow/dags/extract_raw_data_pipeline.py
[2025-07-04T19:12:53.083+0000] {processor.py:925} INFO - DAG(s) 'extract_raw_data_pipeline' retrieved from /opt/airflow/dags/extract_raw_data_pipeline.py
[2025-07-04T19:12:53.102+0000] {logging_mixin.py:190} INFO - [2025-07-04T19:12:53.102+0000] {dag.py:3239} INFO - Sync 1 DAGs
[2025-07-04T19:12:53.128+0000] {logging_mixin.py:190} INFO - [2025-07-04T19:12:53.128+0000] {dag.py:4180} INFO - Setting next_dagrun for extract_raw_data_pipeline to 2025-07-03 07:00:00+00:00, run_after=2025-07-04 07:00:00+00:00
[2025-07-04T19:12:53.148+0000] {processor.py:208} INFO - Processing /opt/airflow/dags/extract_raw_data_pipeline.py took 0.510 seconds
[2025-07-04T19:13:23.240+0000] {processor.py:186} INFO - Started process (PID=188) to work on /opt/airflow/dags/extract_raw_data_pipeline.py
[2025-07-04T19:13:23.241+0000] {processor.py:914} INFO - Processing file /opt/airflow/dags/extract_raw_data_pipeline.py for tasks to queue
[2025-07-04T19:13:23.244+0000] {logging_mixin.py:190} INFO - [2025-07-04T19:13:23.243+0000] {dagbag.py:588} INFO - Filling up the DagBag from /opt/airflow/dags/extract_raw_data_pipeline.py
[2025-07-04T19:13:23.638+0000] {processor.py:925} INFO - DAG(s) 'extract_raw_data_pipeline' retrieved from /opt/airflow/dags/extract_raw_data_pipeline.py
[2025-07-04T19:13:23.659+0000] {logging_mixin.py:190} INFO - [2025-07-04T19:13:23.659+0000] {dag.py:3239} INFO - Sync 1 DAGs
[2025-07-04T19:13:23.676+0000] {logging_mixin.py:190} INFO - [2025-07-04T19:13:23.675+0000] {dag.py:4180} INFO - Setting next_dagrun for extract_raw_data_pipeline to 2025-07-03 07:00:00+00:00, run_after=2025-07-04 07:00:00+00:00
[2025-07-04T19:13:23.697+0000] {processor.py:208} INFO - Processing /opt/airflow/dags/extract_raw_data_pipeline.py took 0.463 seconds
[2025-07-04T19:13:54.621+0000] {processor.py:186} INFO - Started process (PID=197) to work on /opt/airflow/dags/extract_raw_data_pipeline.py
[2025-07-04T19:13:54.622+0000] {processor.py:914} INFO - Processing file /opt/airflow/dags/extract_raw_data_pipeline.py for tasks to queue
[2025-07-04T19:13:54.624+0000] {logging_mixin.py:190} INFO - [2025-07-04T19:13:54.624+0000] {dagbag.py:588} INFO - Filling up the DagBag from /opt/airflow/dags/extract_raw_data_pipeline.py
[2025-07-04T19:13:55.129+0000] {processor.py:925} INFO - DAG(s) 'extract_raw_data_pipeline' retrieved from /opt/airflow/dags/extract_raw_data_pipeline.py
[2025-07-04T19:13:55.166+0000] {logging_mixin.py:190} INFO - [2025-07-04T19:13:55.166+0000] {dag.py:3239} INFO - Sync 1 DAGs
[2025-07-04T19:13:55.224+0000] {logging_mixin.py:190} INFO - [2025-07-04T19:13:55.224+0000] {dag.py:4180} INFO - Setting next_dagrun for extract_raw_data_pipeline to 2025-07-03 07:00:00+00:00, run_after=2025-07-04 07:00:00+00:00
[2025-07-04T19:13:55.245+0000] {processor.py:208} INFO - Processing /opt/airflow/dags/extract_raw_data_pipeline.py took 0.630 seconds
[2025-07-04T19:14:25.300+0000] {processor.py:186} INFO - Started process (PID=206) to work on /opt/airflow/dags/extract_raw_data_pipeline.py
[2025-07-04T19:14:25.301+0000] {processor.py:914} INFO - Processing file /opt/airflow/dags/extract_raw_data_pipeline.py for tasks to queue
[2025-07-04T19:14:25.324+0000] {logging_mixin.py:190} INFO - [2025-07-04T19:14:25.324+0000] {dagbag.py:588} INFO - Filling up the DagBag from /opt/airflow/dags/extract_raw_data_pipeline.py
[2025-07-04T19:14:25.792+0000] {processor.py:925} INFO - DAG(s) 'extract_raw_data_pipeline' retrieved from /opt/airflow/dags/extract_raw_data_pipeline.py
[2025-07-04T19:14:25.833+0000] {logging_mixin.py:190} INFO - [2025-07-04T19:14:25.833+0000] {dag.py:3239} INFO - Sync 1 DAGs
[2025-07-04T19:14:25.859+0000] {logging_mixin.py:190} INFO - [2025-07-04T19:14:25.858+0000] {dag.py:4180} INFO - Setting next_dagrun for extract_raw_data_pipeline to 2025-07-03 07:00:00+00:00, run_after=2025-07-04 07:00:00+00:00
[2025-07-04T19:14:25.875+0000] {processor.py:208} INFO - Processing /opt/airflow/dags/extract_raw_data_pipeline.py took 0.584 seconds
[2025-07-04T19:14:56.602+0000] {processor.py:186} INFO - Started process (PID=215) to work on /opt/airflow/dags/extract_raw_data_pipeline.py
[2025-07-04T19:14:56.603+0000] {processor.py:914} INFO - Processing file /opt/airflow/dags/extract_raw_data_pipeline.py for tasks to queue
[2025-07-04T19:14:56.606+0000] {logging_mixin.py:190} INFO - [2025-07-04T19:14:56.605+0000] {dagbag.py:588} INFO - Filling up the DagBag from /opt/airflow/dags/extract_raw_data_pipeline.py
[2025-07-04T19:14:57.019+0000] {processor.py:925} INFO - DAG(s) 'extract_raw_data_pipeline' retrieved from /opt/airflow/dags/extract_raw_data_pipeline.py
[2025-07-04T19:14:57.040+0000] {logging_mixin.py:190} INFO - [2025-07-04T19:14:57.040+0000] {dag.py:3239} INFO - Sync 1 DAGs
[2025-07-04T19:14:57.056+0000] {logging_mixin.py:190} INFO - [2025-07-04T19:14:57.056+0000] {dag.py:4180} INFO - Setting next_dagrun for extract_raw_data_pipeline to 2025-07-03 07:00:00+00:00, run_after=2025-07-04 07:00:00+00:00
[2025-07-04T19:14:57.077+0000] {processor.py:208} INFO - Processing /opt/airflow/dags/extract_raw_data_pipeline.py took 0.483 seconds
[2025-07-04T19:15:27.435+0000] {processor.py:186} INFO - Started process (PID=224) to work on /opt/airflow/dags/extract_raw_data_pipeline.py
[2025-07-04T19:15:27.437+0000] {processor.py:914} INFO - Processing file /opt/airflow/dags/extract_raw_data_pipeline.py for tasks to queue
[2025-07-04T19:15:27.439+0000] {logging_mixin.py:190} INFO - [2025-07-04T19:15:27.439+0000] {dagbag.py:588} INFO - Filling up the DagBag from /opt/airflow/dags/extract_raw_data_pipeline.py
[2025-07-04T19:15:27.981+0000] {processor.py:925} INFO - DAG(s) 'extract_raw_data_pipeline' retrieved from /opt/airflow/dags/extract_raw_data_pipeline.py
[2025-07-04T19:15:28.003+0000] {logging_mixin.py:190} INFO - [2025-07-04T19:15:28.003+0000] {dag.py:3239} INFO - Sync 1 DAGs
[2025-07-04T19:15:28.020+0000] {logging_mixin.py:190} INFO - [2025-07-04T19:15:28.020+0000] {dag.py:4180} INFO - Setting next_dagrun for extract_raw_data_pipeline to 2025-07-03 07:00:00+00:00, run_after=2025-07-04 07:00:00+00:00
[2025-07-04T19:15:28.037+0000] {processor.py:208} INFO - Processing /opt/airflow/dags/extract_raw_data_pipeline.py took 0.610 seconds
[2025-07-04T19:15:58.848+0000] {processor.py:186} INFO - Started process (PID=233) to work on /opt/airflow/dags/extract_raw_data_pipeline.py
[2025-07-04T19:15:58.849+0000] {processor.py:914} INFO - Processing file /opt/airflow/dags/extract_raw_data_pipeline.py for tasks to queue
[2025-07-04T19:15:58.851+0000] {logging_mixin.py:190} INFO - [2025-07-04T19:15:58.851+0000] {dagbag.py:588} INFO - Filling up the DagBag from /opt/airflow/dags/extract_raw_data_pipeline.py
[2025-07-04T19:15:59.251+0000] {processor.py:925} INFO - DAG(s) 'extract_raw_data_pipeline' retrieved from /opt/airflow/dags/extract_raw_data_pipeline.py
[2025-07-04T19:15:59.270+0000] {logging_mixin.py:190} INFO - [2025-07-04T19:15:59.270+0000] {dag.py:3239} INFO - Sync 1 DAGs
[2025-07-04T19:15:59.286+0000] {logging_mixin.py:190} INFO - [2025-07-04T19:15:59.286+0000] {dag.py:4180} INFO - Setting next_dagrun for extract_raw_data_pipeline to 2025-07-03 07:00:00+00:00, run_after=2025-07-04 07:00:00+00:00
[2025-07-04T19:15:59.307+0000] {processor.py:208} INFO - Processing /opt/airflow/dags/extract_raw_data_pipeline.py took 0.465 seconds
[2025-07-04T19:16:29.444+0000] {processor.py:186} INFO - Started process (PID=242) to work on /opt/airflow/dags/extract_raw_data_pipeline.py
[2025-07-04T19:16:29.446+0000] {processor.py:914} INFO - Processing file /opt/airflow/dags/extract_raw_data_pipeline.py for tasks to queue
[2025-07-04T19:16:29.448+0000] {logging_mixin.py:190} INFO - [2025-07-04T19:16:29.448+0000] {dagbag.py:588} INFO - Filling up the DagBag from /opt/airflow/dags/extract_raw_data_pipeline.py
[2025-07-04T19:16:29.907+0000] {processor.py:925} INFO - DAG(s) 'extract_raw_data_pipeline' retrieved from /opt/airflow/dags/extract_raw_data_pipeline.py
[2025-07-04T19:16:29.926+0000] {logging_mixin.py:190} INFO - [2025-07-04T19:16:29.926+0000] {dag.py:3239} INFO - Sync 1 DAGs
[2025-07-04T19:16:29.946+0000] {logging_mixin.py:190} INFO - [2025-07-04T19:16:29.946+0000] {dag.py:4180} INFO - Setting next_dagrun for extract_raw_data_pipeline to 2025-07-03 07:00:00+00:00, run_after=2025-07-04 07:00:00+00:00
[2025-07-04T19:16:29.963+0000] {processor.py:208} INFO - Processing /opt/airflow/dags/extract_raw_data_pipeline.py took 0.524 seconds
[2025-07-04T19:17:00.766+0000] {processor.py:186} INFO - Started process (PID=251) to work on /opt/airflow/dags/extract_raw_data_pipeline.py
[2025-07-04T19:17:00.767+0000] {processor.py:914} INFO - Processing file /opt/airflow/dags/extract_raw_data_pipeline.py for tasks to queue
[2025-07-04T19:17:00.770+0000] {logging_mixin.py:190} INFO - [2025-07-04T19:17:00.769+0000] {dagbag.py:588} INFO - Filling up the DagBag from /opt/airflow/dags/extract_raw_data_pipeline.py
[2025-07-04T19:17:01.262+0000] {processor.py:925} INFO - DAG(s) 'extract_raw_data_pipeline' retrieved from /opt/airflow/dags/extract_raw_data_pipeline.py
[2025-07-04T19:17:01.291+0000] {logging_mixin.py:190} INFO - [2025-07-04T19:17:01.290+0000] {dag.py:3239} INFO - Sync 1 DAGs
[2025-07-04T19:17:01.311+0000] {logging_mixin.py:190} INFO - [2025-07-04T19:17:01.311+0000] {dag.py:4180} INFO - Setting next_dagrun for extract_raw_data_pipeline to 2025-07-03 07:00:00+00:00, run_after=2025-07-04 07:00:00+00:00
[2025-07-04T19:17:01.330+0000] {processor.py:208} INFO - Processing /opt/airflow/dags/extract_raw_data_pipeline.py took 0.569 seconds
[2025-07-04T19:17:31.509+0000] {processor.py:186} INFO - Started process (PID=260) to work on /opt/airflow/dags/extract_raw_data_pipeline.py
[2025-07-04T19:17:31.510+0000] {processor.py:914} INFO - Processing file /opt/airflow/dags/extract_raw_data_pipeline.py for tasks to queue
[2025-07-04T19:17:31.514+0000] {logging_mixin.py:190} INFO - [2025-07-04T19:17:31.513+0000] {dagbag.py:588} INFO - Filling up the DagBag from /opt/airflow/dags/extract_raw_data_pipeline.py
[2025-07-04T19:17:31.998+0000] {processor.py:925} INFO - DAG(s) 'extract_raw_data_pipeline' retrieved from /opt/airflow/dags/extract_raw_data_pipeline.py
[2025-07-04T19:17:32.020+0000] {logging_mixin.py:190} INFO - [2025-07-04T19:17:32.020+0000] {dag.py:3239} INFO - Sync 1 DAGs
[2025-07-04T19:17:32.046+0000] {logging_mixin.py:190} INFO - [2025-07-04T19:17:32.046+0000] {dag.py:4180} INFO - Setting next_dagrun for extract_raw_data_pipeline to 2025-07-03 07:00:00+00:00, run_after=2025-07-04 07:00:00+00:00
[2025-07-04T19:17:32.066+0000] {processor.py:208} INFO - Processing /opt/airflow/dags/extract_raw_data_pipeline.py took 0.563 seconds
[2025-07-04T19:18:02.860+0000] {processor.py:186} INFO - Started process (PID=269) to work on /opt/airflow/dags/extract_raw_data_pipeline.py
[2025-07-04T19:18:02.861+0000] {processor.py:914} INFO - Processing file /opt/airflow/dags/extract_raw_data_pipeline.py for tasks to queue
[2025-07-04T19:18:02.864+0000] {logging_mixin.py:190} INFO - [2025-07-04T19:18:02.863+0000] {dagbag.py:588} INFO - Filling up the DagBag from /opt/airflow/dags/extract_raw_data_pipeline.py
[2025-07-04T19:18:03.281+0000] {processor.py:925} INFO - DAG(s) 'extract_raw_data_pipeline' retrieved from /opt/airflow/dags/extract_raw_data_pipeline.py
[2025-07-04T19:18:03.303+0000] {logging_mixin.py:190} INFO - [2025-07-04T19:18:03.302+0000] {dag.py:3239} INFO - Sync 1 DAGs
[2025-07-04T19:18:03.319+0000] {logging_mixin.py:190} INFO - [2025-07-04T19:18:03.319+0000] {dag.py:4180} INFO - Setting next_dagrun for extract_raw_data_pipeline to 2025-07-03 07:00:00+00:00, run_after=2025-07-04 07:00:00+00:00
[2025-07-04T19:18:03.336+0000] {processor.py:208} INFO - Processing /opt/airflow/dags/extract_raw_data_pipeline.py took 0.481 seconds
[2025-07-04T19:18:33.429+0000] {processor.py:186} INFO - Started process (PID=278) to work on /opt/airflow/dags/extract_raw_data_pipeline.py
[2025-07-04T19:18:33.430+0000] {processor.py:914} INFO - Processing file /opt/airflow/dags/extract_raw_data_pipeline.py for tasks to queue
[2025-07-04T19:18:33.434+0000] {logging_mixin.py:190} INFO - [2025-07-04T19:18:33.433+0000] {dagbag.py:588} INFO - Filling up the DagBag from /opt/airflow/dags/extract_raw_data_pipeline.py
[2025-07-04T19:18:34.030+0000] {processor.py:925} INFO - DAG(s) 'extract_raw_data_pipeline' retrieved from /opt/airflow/dags/extract_raw_data_pipeline.py
[2025-07-04T19:18:34.055+0000] {logging_mixin.py:190} INFO - [2025-07-04T19:18:34.054+0000] {dag.py:3239} INFO - Sync 1 DAGs
[2025-07-04T19:18:34.079+0000] {logging_mixin.py:190} INFO - [2025-07-04T19:18:34.079+0000] {dag.py:4180} INFO - Setting next_dagrun for extract_raw_data_pipeline to 2025-07-03 07:00:00+00:00, run_after=2025-07-04 07:00:00+00:00
[2025-07-04T19:18:34.101+0000] {processor.py:208} INFO - Processing /opt/airflow/dags/extract_raw_data_pipeline.py took 0.681 seconds
[2025-07-04T19:19:04.946+0000] {processor.py:186} INFO - Started process (PID=287) to work on /opt/airflow/dags/extract_raw_data_pipeline.py
[2025-07-04T19:19:04.947+0000] {processor.py:914} INFO - Processing file /opt/airflow/dags/extract_raw_data_pipeline.py for tasks to queue
[2025-07-04T19:19:04.951+0000] {logging_mixin.py:190} INFO - [2025-07-04T19:19:04.950+0000] {dagbag.py:588} INFO - Filling up the DagBag from /opt/airflow/dags/extract_raw_data_pipeline.py
[2025-07-04T19:19:05.616+0000] {processor.py:925} INFO - DAG(s) 'extract_raw_data_pipeline' retrieved from /opt/airflow/dags/extract_raw_data_pipeline.py
[2025-07-04T19:19:05.648+0000] {logging_mixin.py:190} INFO - [2025-07-04T19:19:05.648+0000] {dag.py:3239} INFO - Sync 1 DAGs
[2025-07-04T19:19:05.712+0000] {logging_mixin.py:190} INFO - [2025-07-04T19:19:05.711+0000] {dag.py:4180} INFO - Setting next_dagrun for extract_raw_data_pipeline to 2025-07-03 07:00:00+00:00, run_after=2025-07-04 07:00:00+00:00
[2025-07-04T19:19:05.762+0000] {processor.py:208} INFO - Processing /opt/airflow/dags/extract_raw_data_pipeline.py took 0.824 seconds
[2025-07-04T19:19:36.174+0000] {processor.py:186} INFO - Started process (PID=296) to work on /opt/airflow/dags/extract_raw_data_pipeline.py
[2025-07-04T19:19:36.176+0000] {processor.py:914} INFO - Processing file /opt/airflow/dags/extract_raw_data_pipeline.py for tasks to queue
[2025-07-04T19:19:36.179+0000] {logging_mixin.py:190} INFO - [2025-07-04T19:19:36.178+0000] {dagbag.py:588} INFO - Filling up the DagBag from /opt/airflow/dags/extract_raw_data_pipeline.py
[2025-07-04T19:19:36.655+0000] {processor.py:925} INFO - DAG(s) 'extract_raw_data_pipeline' retrieved from /opt/airflow/dags/extract_raw_data_pipeline.py
[2025-07-04T19:19:36.692+0000] {logging_mixin.py:190} INFO - [2025-07-04T19:19:36.691+0000] {dag.py:3239} INFO - Sync 1 DAGs
[2025-07-04T19:19:36.731+0000] {logging_mixin.py:190} INFO - [2025-07-04T19:19:36.730+0000] {dag.py:4180} INFO - Setting next_dagrun for extract_raw_data_pipeline to 2025-07-03 07:00:00+00:00, run_after=2025-07-04 07:00:00+00:00
[2025-07-04T19:19:36.788+0000] {processor.py:208} INFO - Processing /opt/airflow/dags/extract_raw_data_pipeline.py took 0.620 seconds
[2025-07-04T19:20:07.615+0000] {processor.py:186} INFO - Started process (PID=305) to work on /opt/airflow/dags/extract_raw_data_pipeline.py
[2025-07-04T19:20:07.616+0000] {processor.py:914} INFO - Processing file /opt/airflow/dags/extract_raw_data_pipeline.py for tasks to queue
[2025-07-04T19:20:07.618+0000] {logging_mixin.py:190} INFO - [2025-07-04T19:20:07.618+0000] {dagbag.py:588} INFO - Filling up the DagBag from /opt/airflow/dags/extract_raw_data_pipeline.py
[2025-07-04T19:20:08.029+0000] {processor.py:925} INFO - DAG(s) 'extract_raw_data_pipeline' retrieved from /opt/airflow/dags/extract_raw_data_pipeline.py
[2025-07-04T19:20:08.050+0000] {logging_mixin.py:190} INFO - [2025-07-04T19:20:08.049+0000] {dag.py:3239} INFO - Sync 1 DAGs
[2025-07-04T19:20:08.065+0000] {logging_mixin.py:190} INFO - [2025-07-04T19:20:08.065+0000] {dag.py:4180} INFO - Setting next_dagrun for extract_raw_data_pipeline to 2025-07-03 07:00:00+00:00, run_after=2025-07-04 07:00:00+00:00
[2025-07-04T19:20:08.084+0000] {processor.py:208} INFO - Processing /opt/airflow/dags/extract_raw_data_pipeline.py took 0.476 seconds
[2025-07-04T19:20:38.469+0000] {processor.py:186} INFO - Started process (PID=314) to work on /opt/airflow/dags/extract_raw_data_pipeline.py
[2025-07-04T19:20:38.470+0000] {processor.py:914} INFO - Processing file /opt/airflow/dags/extract_raw_data_pipeline.py for tasks to queue
[2025-07-04T19:20:38.472+0000] {logging_mixin.py:190} INFO - [2025-07-04T19:20:38.472+0000] {dagbag.py:588} INFO - Filling up the DagBag from /opt/airflow/dags/extract_raw_data_pipeline.py
[2025-07-04T19:20:38.998+0000] {processor.py:925} INFO - DAG(s) 'extract_raw_data_pipeline' retrieved from /opt/airflow/dags/extract_raw_data_pipeline.py
[2025-07-04T19:20:39.022+0000] {logging_mixin.py:190} INFO - [2025-07-04T19:20:39.022+0000] {dag.py:3239} INFO - Sync 1 DAGs
[2025-07-04T19:20:39.038+0000] {logging_mixin.py:190} INFO - [2025-07-04T19:20:39.038+0000] {dag.py:4180} INFO - Setting next_dagrun for extract_raw_data_pipeline to 2025-07-03 07:00:00+00:00, run_after=2025-07-04 07:00:00+00:00
[2025-07-04T19:20:39.053+0000] {processor.py:208} INFO - Processing /opt/airflow/dags/extract_raw_data_pipeline.py took 0.590 seconds
[2025-07-04T19:21:09.240+0000] {processor.py:186} INFO - Started process (PID=323) to work on /opt/airflow/dags/extract_raw_data_pipeline.py
[2025-07-04T19:21:09.241+0000] {processor.py:914} INFO - Processing file /opt/airflow/dags/extract_raw_data_pipeline.py for tasks to queue
[2025-07-04T19:21:09.244+0000] {logging_mixin.py:190} INFO - [2025-07-04T19:21:09.243+0000] {dagbag.py:588} INFO - Filling up the DagBag from /opt/airflow/dags/extract_raw_data_pipeline.py
[2025-07-04T19:21:09.668+0000] {processor.py:925} INFO - DAG(s) 'extract_raw_data_pipeline' retrieved from /opt/airflow/dags/extract_raw_data_pipeline.py
[2025-07-04T19:21:09.687+0000] {logging_mixin.py:190} INFO - [2025-07-04T19:21:09.687+0000] {dag.py:3239} INFO - Sync 1 DAGs
[2025-07-04T19:21:09.704+0000] {logging_mixin.py:190} INFO - [2025-07-04T19:21:09.703+0000] {dag.py:4180} INFO - Setting next_dagrun for extract_raw_data_pipeline to 2025-07-03 07:00:00+00:00, run_after=2025-07-04 07:00:00+00:00
[2025-07-04T19:21:09.723+0000] {processor.py:208} INFO - Processing /opt/airflow/dags/extract_raw_data_pipeline.py took 0.488 seconds
[2025-07-04T19:21:40.579+0000] {processor.py:186} INFO - Started process (PID=332) to work on /opt/airflow/dags/extract_raw_data_pipeline.py
[2025-07-04T19:21:40.580+0000] {processor.py:914} INFO - Processing file /opt/airflow/dags/extract_raw_data_pipeline.py for tasks to queue
[2025-07-04T19:21:40.582+0000] {logging_mixin.py:190} INFO - [2025-07-04T19:21:40.582+0000] {dagbag.py:588} INFO - Filling up the DagBag from /opt/airflow/dags/extract_raw_data_pipeline.py
[2025-07-04T19:21:41.006+0000] {processor.py:925} INFO - DAG(s) 'extract_raw_data_pipeline' retrieved from /opt/airflow/dags/extract_raw_data_pipeline.py
[2025-07-04T19:21:41.026+0000] {logging_mixin.py:190} INFO - [2025-07-04T19:21:41.026+0000] {dag.py:3239} INFO - Sync 1 DAGs
[2025-07-04T19:21:41.043+0000] {logging_mixin.py:190} INFO - [2025-07-04T19:21:41.043+0000] {dag.py:4180} INFO - Setting next_dagrun for extract_raw_data_pipeline to 2025-07-03 07:00:00+00:00, run_after=2025-07-04 07:00:00+00:00
[2025-07-04T19:21:41.062+0000] {processor.py:208} INFO - Processing /opt/airflow/dags/extract_raw_data_pipeline.py took 0.489 seconds
[2025-07-04T19:22:12.812+0000] {processor.py:186} INFO - Started process (PID=347) to work on /opt/airflow/dags/extract_raw_data_pipeline.py
[2025-07-04T19:22:12.816+0000] {processor.py:914} INFO - Processing file /opt/airflow/dags/extract_raw_data_pipeline.py for tasks to queue
[2025-07-04T19:22:12.827+0000] {logging_mixin.py:190} INFO - [2025-07-04T19:22:12.826+0000] {dagbag.py:588} INFO - Filling up the DagBag from /opt/airflow/dags/extract_raw_data_pipeline.py
[2025-07-04T19:22:13.978+0000] {processor.py:925} INFO - DAG(s) 'extract_raw_data_pipeline' retrieved from /opt/airflow/dags/extract_raw_data_pipeline.py
[2025-07-04T19:22:14.032+0000] {logging_mixin.py:190} INFO - [2025-07-04T19:22:14.032+0000] {dag.py:3239} INFO - Sync 1 DAGs
[2025-07-04T19:22:14.101+0000] {logging_mixin.py:190} INFO - [2025-07-04T19:22:14.101+0000] {dag.py:4180} INFO - Setting next_dagrun for extract_raw_data_pipeline to 2025-07-04 07:00:00+00:00, run_after=2025-07-05 07:00:00+00:00
[2025-07-04T19:22:14.140+0000] {processor.py:208} INFO - Processing /opt/airflow/dags/extract_raw_data_pipeline.py took 1.370 seconds
[2025-07-04T19:22:44.556+0000] {processor.py:186} INFO - Started process (PID=357) to work on /opt/airflow/dags/extract_raw_data_pipeline.py
[2025-07-04T19:22:44.557+0000] {processor.py:914} INFO - Processing file /opt/airflow/dags/extract_raw_data_pipeline.py for tasks to queue
[2025-07-04T19:22:44.559+0000] {logging_mixin.py:190} INFO - [2025-07-04T19:22:44.559+0000] {dagbag.py:588} INFO - Filling up the DagBag from /opt/airflow/dags/extract_raw_data_pipeline.py
[2025-07-04T19:22:45.197+0000] {processor.py:925} INFO - DAG(s) 'extract_raw_data_pipeline' retrieved from /opt/airflow/dags/extract_raw_data_pipeline.py
[2025-07-04T19:22:45.220+0000] {logging_mixin.py:190} INFO - [2025-07-04T19:22:45.219+0000] {dag.py:3239} INFO - Sync 1 DAGs
[2025-07-04T19:22:45.239+0000] {logging_mixin.py:190} INFO - [2025-07-04T19:22:45.239+0000] {dag.py:4180} INFO - Setting next_dagrun for extract_raw_data_pipeline to 2025-07-04 07:00:00+00:00, run_after=2025-07-05 07:00:00+00:00
[2025-07-04T19:22:45.256+0000] {processor.py:208} INFO - Processing /opt/airflow/dags/extract_raw_data_pipeline.py took 0.706 seconds
[2025-07-04T19:23:15.358+0000] {processor.py:186} INFO - Started process (PID=367) to work on /opt/airflow/dags/extract_raw_data_pipeline.py
[2025-07-04T19:23:15.359+0000] {processor.py:914} INFO - Processing file /opt/airflow/dags/extract_raw_data_pipeline.py for tasks to queue
[2025-07-04T19:23:15.363+0000] {logging_mixin.py:190} INFO - [2025-07-04T19:23:15.362+0000] {dagbag.py:588} INFO - Filling up the DagBag from /opt/airflow/dags/extract_raw_data_pipeline.py
[2025-07-04T19:23:15.846+0000] {processor.py:925} INFO - DAG(s) 'extract_raw_data_pipeline' retrieved from /opt/airflow/dags/extract_raw_data_pipeline.py
[2025-07-04T19:23:15.866+0000] {logging_mixin.py:190} INFO - [2025-07-04T19:23:15.866+0000] {dag.py:3239} INFO - Sync 1 DAGs
[2025-07-04T19:23:15.883+0000] {logging_mixin.py:190} INFO - [2025-07-04T19:23:15.883+0000] {dag.py:4180} INFO - Setting next_dagrun for extract_raw_data_pipeline to 2025-07-04 07:00:00+00:00, run_after=2025-07-05 07:00:00+00:00
[2025-07-04T19:23:15.903+0000] {processor.py:208} INFO - Processing /opt/airflow/dags/extract_raw_data_pipeline.py took 0.551 seconds
[2025-07-04T19:23:46.082+0000] {processor.py:186} INFO - Started process (PID=376) to work on /opt/airflow/dags/extract_raw_data_pipeline.py
[2025-07-04T19:23:46.083+0000] {processor.py:914} INFO - Processing file /opt/airflow/dags/extract_raw_data_pipeline.py for tasks to queue
[2025-07-04T19:23:46.086+0000] {logging_mixin.py:190} INFO - [2025-07-04T19:23:46.086+0000] {dagbag.py:588} INFO - Filling up the DagBag from /opt/airflow/dags/extract_raw_data_pipeline.py
[2025-07-04T19:23:46.598+0000] {processor.py:925} INFO - DAG(s) 'extract_raw_data_pipeline' retrieved from /opt/airflow/dags/extract_raw_data_pipeline.py
[2025-07-04T19:23:46.619+0000] {logging_mixin.py:190} INFO - [2025-07-04T19:23:46.619+0000] {dag.py:3239} INFO - Sync 1 DAGs
[2025-07-04T19:23:46.638+0000] {logging_mixin.py:190} INFO - [2025-07-04T19:23:46.638+0000] {dag.py:4180} INFO - Setting next_dagrun for extract_raw_data_pipeline to 2025-07-04 07:00:00+00:00, run_after=2025-07-05 07:00:00+00:00
[2025-07-04T19:23:46.659+0000] {processor.py:208} INFO - Processing /opt/airflow/dags/extract_raw_data_pipeline.py took 0.582 seconds
[2025-07-04T19:24:16.826+0000] {processor.py:186} INFO - Started process (PID=385) to work on /opt/airflow/dags/extract_raw_data_pipeline.py
[2025-07-04T19:24:16.827+0000] {processor.py:914} INFO - Processing file /opt/airflow/dags/extract_raw_data_pipeline.py for tasks to queue
[2025-07-04T19:24:16.830+0000] {logging_mixin.py:190} INFO - [2025-07-04T19:24:16.829+0000] {dagbag.py:588} INFO - Filling up the DagBag from /opt/airflow/dags/extract_raw_data_pipeline.py
[2025-07-04T19:24:17.196+0000] {processor.py:925} INFO - DAG(s) 'extract_raw_data_pipeline' retrieved from /opt/airflow/dags/extract_raw_data_pipeline.py
[2025-07-04T19:24:17.219+0000] {logging_mixin.py:190} INFO - [2025-07-04T19:24:17.219+0000] {dag.py:3239} INFO - Sync 1 DAGs
[2025-07-04T19:24:17.240+0000] {logging_mixin.py:190} INFO - [2025-07-04T19:24:17.240+0000] {dag.py:4180} INFO - Setting next_dagrun for extract_raw_data_pipeline to 2025-07-04 07:00:00+00:00, run_after=2025-07-05 07:00:00+00:00
[2025-07-04T19:24:17.263+0000] {processor.py:208} INFO - Processing /opt/airflow/dags/extract_raw_data_pipeline.py took 0.443 seconds
[2025-07-04T19:24:48.178+0000] {processor.py:186} INFO - Started process (PID=394) to work on /opt/airflow/dags/extract_raw_data_pipeline.py
[2025-07-04T19:24:48.179+0000] {processor.py:914} INFO - Processing file /opt/airflow/dags/extract_raw_data_pipeline.py for tasks to queue
[2025-07-04T19:24:48.182+0000] {logging_mixin.py:190} INFO - [2025-07-04T19:24:48.182+0000] {dagbag.py:588} INFO - Filling up the DagBag from /opt/airflow/dags/extract_raw_data_pipeline.py
[2025-07-04T19:24:48.480+0000] {processor.py:925} INFO - DAG(s) 'extract_raw_data_pipeline' retrieved from /opt/airflow/dags/extract_raw_data_pipeline.py
[2025-07-04T19:24:48.502+0000] {logging_mixin.py:190} INFO - [2025-07-04T19:24:48.501+0000] {dag.py:3239} INFO - Sync 1 DAGs
[2025-07-04T19:24:48.546+0000] {logging_mixin.py:190} INFO - [2025-07-04T19:24:48.545+0000] {dag.py:4180} INFO - Setting next_dagrun for extract_raw_data_pipeline to 2025-07-04 07:00:00+00:00, run_after=2025-07-05 07:00:00+00:00
[2025-07-04T19:24:48.579+0000] {processor.py:208} INFO - Processing /opt/airflow/dags/extract_raw_data_pipeline.py took 0.408 seconds
[2025-07-04T19:25:18.703+0000] {processor.py:186} INFO - Started process (PID=403) to work on /opt/airflow/dags/extract_raw_data_pipeline.py
[2025-07-04T19:25:18.704+0000] {processor.py:914} INFO - Processing file /opt/airflow/dags/extract_raw_data_pipeline.py for tasks to queue
[2025-07-04T19:25:18.707+0000] {logging_mixin.py:190} INFO - [2025-07-04T19:25:18.706+0000] {dagbag.py:588} INFO - Filling up the DagBag from /opt/airflow/dags/extract_raw_data_pipeline.py
[2025-07-04T19:25:18.983+0000] {processor.py:925} INFO - DAG(s) 'extract_raw_data_pipeline' retrieved from /opt/airflow/dags/extract_raw_data_pipeline.py
[2025-07-04T19:25:19.007+0000] {logging_mixin.py:190} INFO - [2025-07-04T19:25:19.006+0000] {dag.py:3239} INFO - Sync 1 DAGs
[2025-07-04T19:25:19.026+0000] {logging_mixin.py:190} INFO - [2025-07-04T19:25:19.026+0000] {dag.py:4180} INFO - Setting next_dagrun for extract_raw_data_pipeline to 2025-07-04 07:00:00+00:00, run_after=2025-07-05 07:00:00+00:00
[2025-07-04T19:25:19.045+0000] {processor.py:208} INFO - Processing /opt/airflow/dags/extract_raw_data_pipeline.py took 0.348 seconds
[2025-07-04T19:25:49.196+0000] {processor.py:186} INFO - Started process (PID=413) to work on /opt/airflow/dags/extract_raw_data_pipeline.py
[2025-07-04T19:25:49.197+0000] {processor.py:914} INFO - Processing file /opt/airflow/dags/extract_raw_data_pipeline.py for tasks to queue
[2025-07-04T19:25:49.200+0000] {logging_mixin.py:190} INFO - [2025-07-04T19:25:49.200+0000] {dagbag.py:588} INFO - Filling up the DagBag from /opt/airflow/dags/extract_raw_data_pipeline.py
[2025-07-04T19:25:49.654+0000] {processor.py:925} INFO - DAG(s) 'extract_raw_data_pipeline' retrieved from /opt/airflow/dags/extract_raw_data_pipeline.py
[2025-07-04T19:25:49.677+0000] {logging_mixin.py:190} INFO - [2025-07-04T19:25:49.677+0000] {dag.py:3239} INFO - Sync 1 DAGs
[2025-07-04T19:25:49.696+0000] {logging_mixin.py:190} INFO - [2025-07-04T19:25:49.696+0000] {dag.py:4180} INFO - Setting next_dagrun for extract_raw_data_pipeline to 2025-07-04 07:00:00+00:00, run_after=2025-07-05 07:00:00+00:00
[2025-07-04T19:25:49.715+0000] {processor.py:208} INFO - Processing /opt/airflow/dags/extract_raw_data_pipeline.py took 0.528 seconds
[2025-07-04T19:26:20.587+0000] {processor.py:186} INFO - Started process (PID=422) to work on /opt/airflow/dags/extract_raw_data_pipeline.py
[2025-07-04T19:26:20.589+0000] {processor.py:914} INFO - Processing file /opt/airflow/dags/extract_raw_data_pipeline.py for tasks to queue
[2025-07-04T19:26:20.592+0000] {logging_mixin.py:190} INFO - [2025-07-04T19:26:20.591+0000] {dagbag.py:588} INFO - Filling up the DagBag from /opt/airflow/dags/extract_raw_data_pipeline.py
[2025-07-04T19:26:20.906+0000] {processor.py:925} INFO - DAG(s) 'extract_raw_data_pipeline' retrieved from /opt/airflow/dags/extract_raw_data_pipeline.py
[2025-07-04T19:26:20.931+0000] {logging_mixin.py:190} INFO - [2025-07-04T19:26:20.931+0000] {dag.py:3239} INFO - Sync 1 DAGs
[2025-07-04T19:26:20.953+0000] {logging_mixin.py:190} INFO - [2025-07-04T19:26:20.953+0000] {dag.py:4180} INFO - Setting next_dagrun for extract_raw_data_pipeline to 2025-07-04 07:00:00+00:00, run_after=2025-07-05 07:00:00+00:00
[2025-07-04T19:26:20.975+0000] {processor.py:208} INFO - Processing /opt/airflow/dags/extract_raw_data_pipeline.py took 0.398 seconds
[2025-07-04T19:26:51.305+0000] {processor.py:186} INFO - Started process (PID=431) to work on /opt/airflow/dags/extract_raw_data_pipeline.py
[2025-07-04T19:26:51.307+0000] {processor.py:914} INFO - Processing file /opt/airflow/dags/extract_raw_data_pipeline.py for tasks to queue
[2025-07-04T19:26:51.310+0000] {logging_mixin.py:190} INFO - [2025-07-04T19:26:51.310+0000] {dagbag.py:588} INFO - Filling up the DagBag from /opt/airflow/dags/extract_raw_data_pipeline.py
[2025-07-04T19:26:51.601+0000] {processor.py:925} INFO - DAG(s) 'extract_raw_data_pipeline' retrieved from /opt/airflow/dags/extract_raw_data_pipeline.py
[2025-07-04T19:26:51.624+0000] {logging_mixin.py:190} INFO - [2025-07-04T19:26:51.624+0000] {dag.py:3239} INFO - Sync 1 DAGs
[2025-07-04T19:26:51.644+0000] {logging_mixin.py:190} INFO - [2025-07-04T19:26:51.643+0000] {dag.py:4180} INFO - Setting next_dagrun for extract_raw_data_pipeline to 2025-07-04 07:00:00+00:00, run_after=2025-07-05 07:00:00+00:00
[2025-07-04T19:26:51.667+0000] {processor.py:208} INFO - Processing /opt/airflow/dags/extract_raw_data_pipeline.py took 0.371 seconds
[2025-07-04T19:27:21.731+0000] {processor.py:186} INFO - Started process (PID=440) to work on /opt/airflow/dags/extract_raw_data_pipeline.py
[2025-07-04T19:27:21.733+0000] {processor.py:914} INFO - Processing file /opt/airflow/dags/extract_raw_data_pipeline.py for tasks to queue
[2025-07-04T19:27:21.736+0000] {logging_mixin.py:190} INFO - [2025-07-04T19:27:21.735+0000] {dagbag.py:588} INFO - Filling up the DagBag from /opt/airflow/dags/extract_raw_data_pipeline.py
[2025-07-04T19:27:22.085+0000] {processor.py:925} INFO - DAG(s) 'extract_raw_data_pipeline' retrieved from /opt/airflow/dags/extract_raw_data_pipeline.py
[2025-07-04T19:27:22.109+0000] {logging_mixin.py:190} INFO - [2025-07-04T19:27:22.108+0000] {dag.py:3239} INFO - Sync 1 DAGs
[2025-07-04T19:27:22.131+0000] {logging_mixin.py:190} INFO - [2025-07-04T19:27:22.130+0000] {dag.py:4180} INFO - Setting next_dagrun for extract_raw_data_pipeline to 2025-07-04 07:00:00+00:00, run_after=2025-07-05 07:00:00+00:00
[2025-07-04T19:27:22.152+0000] {processor.py:208} INFO - Processing /opt/airflow/dags/extract_raw_data_pipeline.py took 0.429 seconds
[2025-07-04T19:27:52.292+0000] {processor.py:186} INFO - Started process (PID=449) to work on /opt/airflow/dags/extract_raw_data_pipeline.py
[2025-07-04T19:27:52.293+0000] {processor.py:914} INFO - Processing file /opt/airflow/dags/extract_raw_data_pipeline.py for tasks to queue
[2025-07-04T19:27:52.295+0000] {logging_mixin.py:190} INFO - [2025-07-04T19:27:52.295+0000] {dagbag.py:588} INFO - Filling up the DagBag from /opt/airflow/dags/extract_raw_data_pipeline.py
[2025-07-04T19:27:52.640+0000] {processor.py:925} INFO - DAG(s) 'extract_raw_data_pipeline' retrieved from /opt/airflow/dags/extract_raw_data_pipeline.py
[2025-07-04T19:27:52.674+0000] {logging_mixin.py:190} INFO - [2025-07-04T19:27:52.674+0000] {dag.py:3239} INFO - Sync 1 DAGs
[2025-07-04T19:27:52.708+0000] {logging_mixin.py:190} INFO - [2025-07-04T19:27:52.707+0000] {dag.py:4180} INFO - Setting next_dagrun for extract_raw_data_pipeline to 2025-07-04 07:00:00+00:00, run_after=2025-07-05 07:00:00+00:00
[2025-07-04T19:27:52.737+0000] {processor.py:208} INFO - Processing /opt/airflow/dags/extract_raw_data_pipeline.py took 0.452 seconds
[2025-07-04T19:28:23.611+0000] {processor.py:186} INFO - Started process (PID=458) to work on /opt/airflow/dags/extract_raw_data_pipeline.py
[2025-07-04T19:28:23.613+0000] {processor.py:914} INFO - Processing file /opt/airflow/dags/extract_raw_data_pipeline.py for tasks to queue
[2025-07-04T19:28:23.616+0000] {logging_mixin.py:190} INFO - [2025-07-04T19:28:23.615+0000] {dagbag.py:588} INFO - Filling up the DagBag from /opt/airflow/dags/extract_raw_data_pipeline.py
[2025-07-04T19:28:23.895+0000] {processor.py:925} INFO - DAG(s) 'extract_raw_data_pipeline' retrieved from /opt/airflow/dags/extract_raw_data_pipeline.py
[2025-07-04T19:28:23.920+0000] {logging_mixin.py:190} INFO - [2025-07-04T19:28:23.920+0000] {dag.py:3239} INFO - Sync 1 DAGs
[2025-07-04T19:28:23.940+0000] {logging_mixin.py:190} INFO - [2025-07-04T19:28:23.940+0000] {dag.py:4180} INFO - Setting next_dagrun for extract_raw_data_pipeline to 2025-07-04 07:00:00+00:00, run_after=2025-07-05 07:00:00+00:00
[2025-07-04T19:28:23.960+0000] {processor.py:208} INFO - Processing /opt/airflow/dags/extract_raw_data_pipeline.py took 0.356 seconds
[2025-07-04T19:28:54.066+0000] {processor.py:186} INFO - Started process (PID=467) to work on /opt/airflow/dags/extract_raw_data_pipeline.py
[2025-07-04T19:28:54.067+0000] {processor.py:914} INFO - Processing file /opt/airflow/dags/extract_raw_data_pipeline.py for tasks to queue
[2025-07-04T19:28:54.072+0000] {logging_mixin.py:190} INFO - [2025-07-04T19:28:54.071+0000] {dagbag.py:588} INFO - Filling up the DagBag from /opt/airflow/dags/extract_raw_data_pipeline.py
[2025-07-04T19:28:54.973+0000] {processor.py:925} INFO - DAG(s) 'extract_raw_data_pipeline' retrieved from /opt/airflow/dags/extract_raw_data_pipeline.py
[2025-07-04T19:28:55.003+0000] {logging_mixin.py:190} INFO - [2025-07-04T19:28:55.003+0000] {dag.py:3239} INFO - Sync 1 DAGs
[2025-07-04T19:28:55.026+0000] {logging_mixin.py:190} INFO - [2025-07-04T19:28:55.026+0000] {dag.py:4180} INFO - Setting next_dagrun for extract_raw_data_pipeline to 2025-07-04 07:00:00+00:00, run_after=2025-07-05 07:00:00+00:00
[2025-07-04T19:28:55.046+0000] {processor.py:208} INFO - Processing /opt/airflow/dags/extract_raw_data_pipeline.py took 0.988 seconds
[2025-07-04T19:29:25.415+0000] {processor.py:186} INFO - Started process (PID=482) to work on /opt/airflow/dags/extract_raw_data_pipeline.py
[2025-07-04T19:29:25.416+0000] {processor.py:914} INFO - Processing file /opt/airflow/dags/extract_raw_data_pipeline.py for tasks to queue
[2025-07-04T19:29:25.420+0000] {logging_mixin.py:190} INFO - [2025-07-04T19:29:25.419+0000] {dagbag.py:588} INFO - Filling up the DagBag from /opt/airflow/dags/extract_raw_data_pipeline.py
[2025-07-04T19:29:25.884+0000] {processor.py:925} INFO - DAG(s) 'extract_raw_data_pipeline' retrieved from /opt/airflow/dags/extract_raw_data_pipeline.py
[2025-07-04T19:29:25.913+0000] {logging_mixin.py:190} INFO - [2025-07-04T19:29:25.913+0000] {dag.py:3239} INFO - Sync 1 DAGs
[2025-07-04T19:29:25.945+0000] {logging_mixin.py:190} INFO - [2025-07-04T19:29:25.944+0000] {dag.py:4180} INFO - Setting next_dagrun for extract_raw_data_pipeline to 2025-07-04 07:00:00+00:00, run_after=2025-07-05 07:00:00+00:00
[2025-07-04T19:29:25.994+0000] {processor.py:208} INFO - Processing /opt/airflow/dags/extract_raw_data_pipeline.py took 0.590 seconds
[2025-07-04T19:29:56.812+0000] {processor.py:186} INFO - Started process (PID=491) to work on /opt/airflow/dags/extract_raw_data_pipeline.py
[2025-07-04T19:29:56.813+0000] {processor.py:914} INFO - Processing file /opt/airflow/dags/extract_raw_data_pipeline.py for tasks to queue
[2025-07-04T19:29:56.815+0000] {logging_mixin.py:190} INFO - [2025-07-04T19:29:56.815+0000] {dagbag.py:588} INFO - Filling up the DagBag from /opt/airflow/dags/extract_raw_data_pipeline.py
[2025-07-04T19:29:57.157+0000] {processor.py:925} INFO - DAG(s) 'extract_raw_data_pipeline' retrieved from /opt/airflow/dags/extract_raw_data_pipeline.py
[2025-07-04T19:29:57.199+0000] {logging_mixin.py:190} INFO - [2025-07-04T19:29:57.197+0000] {dag.py:3239} INFO - Sync 1 DAGs
[2025-07-04T19:29:57.242+0000] {logging_mixin.py:190} INFO - [2025-07-04T19:29:57.242+0000] {dag.py:4180} INFO - Setting next_dagrun for extract_raw_data_pipeline to 2025-07-04 07:00:00+00:00, run_after=2025-07-05 07:00:00+00:00
[2025-07-04T19:29:57.277+0000] {processor.py:208} INFO - Processing /opt/airflow/dags/extract_raw_data_pipeline.py took 0.473 seconds
[2025-07-04T19:30:27.429+0000] {processor.py:186} INFO - Started process (PID=500) to work on /opt/airflow/dags/extract_raw_data_pipeline.py
[2025-07-04T19:30:27.430+0000] {processor.py:914} INFO - Processing file /opt/airflow/dags/extract_raw_data_pipeline.py for tasks to queue
[2025-07-04T19:30:27.433+0000] {logging_mixin.py:190} INFO - [2025-07-04T19:30:27.433+0000] {dagbag.py:588} INFO - Filling up the DagBag from /opt/airflow/dags/extract_raw_data_pipeline.py
[2025-07-04T19:30:27.706+0000] {processor.py:925} INFO - DAG(s) 'extract_raw_data_pipeline' retrieved from /opt/airflow/dags/extract_raw_data_pipeline.py
[2025-07-04T19:30:27.738+0000] {logging_mixin.py:190} INFO - [2025-07-04T19:30:27.738+0000] {dag.py:3239} INFO - Sync 1 DAGs
[2025-07-04T19:30:27.759+0000] {logging_mixin.py:190} INFO - [2025-07-04T19:30:27.758+0000] {dag.py:4180} INFO - Setting next_dagrun for extract_raw_data_pipeline to 2025-07-04 07:00:00+00:00, run_after=2025-07-05 07:00:00+00:00
[2025-07-04T19:30:27.781+0000] {processor.py:208} INFO - Processing /opt/airflow/dags/extract_raw_data_pipeline.py took 0.358 seconds
[2025-07-04T19:30:57.879+0000] {processor.py:186} INFO - Started process (PID=509) to work on /opt/airflow/dags/extract_raw_data_pipeline.py
[2025-07-04T19:30:57.881+0000] {processor.py:914} INFO - Processing file /opt/airflow/dags/extract_raw_data_pipeline.py for tasks to queue
[2025-07-04T19:30:57.885+0000] {logging_mixin.py:190} INFO - [2025-07-04T19:30:57.885+0000] {dagbag.py:588} INFO - Filling up the DagBag from /opt/airflow/dags/extract_raw_data_pipeline.py
[2025-07-04T19:30:58.254+0000] {processor.py:925} INFO - DAG(s) 'extract_raw_data_pipeline' retrieved from /opt/airflow/dags/extract_raw_data_pipeline.py
[2025-07-04T19:30:58.279+0000] {logging_mixin.py:190} INFO - [2025-07-04T19:30:58.279+0000] {dag.py:3239} INFO - Sync 1 DAGs
[2025-07-04T19:30:58.300+0000] {logging_mixin.py:190} INFO - [2025-07-04T19:30:58.300+0000] {dag.py:4180} INFO - Setting next_dagrun for extract_raw_data_pipeline to 2025-07-04 07:00:00+00:00, run_after=2025-07-05 07:00:00+00:00
[2025-07-04T19:30:58.322+0000] {processor.py:208} INFO - Processing /opt/airflow/dags/extract_raw_data_pipeline.py took 0.448 seconds
[2025-07-04T19:31:29.187+0000] {processor.py:186} INFO - Started process (PID=518) to work on /opt/airflow/dags/extract_raw_data_pipeline.py
[2025-07-04T19:31:29.188+0000] {processor.py:914} INFO - Processing file /opt/airflow/dags/extract_raw_data_pipeline.py for tasks to queue
[2025-07-04T19:31:29.191+0000] {logging_mixin.py:190} INFO - [2025-07-04T19:31:29.191+0000] {dagbag.py:588} INFO - Filling up the DagBag from /opt/airflow/dags/extract_raw_data_pipeline.py
[2025-07-04T19:31:29.480+0000] {processor.py:925} INFO - DAG(s) 'extract_raw_data_pipeline' retrieved from /opt/airflow/dags/extract_raw_data_pipeline.py
[2025-07-04T19:31:29.503+0000] {logging_mixin.py:190} INFO - [2025-07-04T19:31:29.503+0000] {dag.py:3239} INFO - Sync 1 DAGs
[2025-07-04T19:31:29.522+0000] {logging_mixin.py:190} INFO - [2025-07-04T19:31:29.522+0000] {dag.py:4180} INFO - Setting next_dagrun for extract_raw_data_pipeline to 2025-07-04 07:00:00+00:00, run_after=2025-07-05 07:00:00+00:00
[2025-07-04T19:31:29.545+0000] {processor.py:208} INFO - Processing /opt/airflow/dags/extract_raw_data_pipeline.py took 0.363 seconds
[2025-07-04T19:31:59.915+0000] {processor.py:186} INFO - Started process (PID=527) to work on /opt/airflow/dags/extract_raw_data_pipeline.py
[2025-07-04T19:31:59.916+0000] {processor.py:914} INFO - Processing file /opt/airflow/dags/extract_raw_data_pipeline.py for tasks to queue
[2025-07-04T19:31:59.919+0000] {logging_mixin.py:190} INFO - [2025-07-04T19:31:59.919+0000] {dagbag.py:588} INFO - Filling up the DagBag from /opt/airflow/dags/extract_raw_data_pipeline.py
[2025-07-04T19:32:00.258+0000] {processor.py:925} INFO - DAG(s) 'extract_raw_data_pipeline' retrieved from /opt/airflow/dags/extract_raw_data_pipeline.py
[2025-07-04T19:32:00.281+0000] {logging_mixin.py:190} INFO - [2025-07-04T19:32:00.281+0000] {dag.py:3239} INFO - Sync 1 DAGs
[2025-07-04T19:32:00.301+0000] {logging_mixin.py:190} INFO - [2025-07-04T19:32:00.300+0000] {dag.py:4180} INFO - Setting next_dagrun for extract_raw_data_pipeline to 2025-07-04 07:00:00+00:00, run_after=2025-07-05 07:00:00+00:00
[2025-07-04T19:32:00.321+0000] {processor.py:208} INFO - Processing /opt/airflow/dags/extract_raw_data_pipeline.py took 0.412 seconds
[2025-07-04T19:32:30.480+0000] {processor.py:186} INFO - Started process (PID=536) to work on /opt/airflow/dags/extract_raw_data_pipeline.py
[2025-07-04T19:32:30.481+0000] {processor.py:914} INFO - Processing file /opt/airflow/dags/extract_raw_data_pipeline.py for tasks to queue
[2025-07-04T19:32:30.483+0000] {logging_mixin.py:190} INFO - [2025-07-04T19:32:30.483+0000] {dagbag.py:588} INFO - Filling up the DagBag from /opt/airflow/dags/extract_raw_data_pipeline.py
[2025-07-04T19:32:30.760+0000] {processor.py:925} INFO - DAG(s) 'extract_raw_data_pipeline' retrieved from /opt/airflow/dags/extract_raw_data_pipeline.py
[2025-07-04T19:32:30.792+0000] {logging_mixin.py:190} INFO - [2025-07-04T19:32:30.791+0000] {dag.py:3239} INFO - Sync 1 DAGs
[2025-07-04T19:32:30.822+0000] {logging_mixin.py:190} INFO - [2025-07-04T19:32:30.821+0000] {dag.py:4180} INFO - Setting next_dagrun for extract_raw_data_pipeline to 2025-07-04 07:00:00+00:00, run_after=2025-07-05 07:00:00+00:00
[2025-07-04T19:32:30.841+0000] {processor.py:208} INFO - Processing /opt/airflow/dags/extract_raw_data_pipeline.py took 0.367 seconds
[2025-07-04T19:33:00.964+0000] {processor.py:186} INFO - Started process (PID=545) to work on /opt/airflow/dags/extract_raw_data_pipeline.py
[2025-07-04T19:33:00.965+0000] {processor.py:914} INFO - Processing file /opt/airflow/dags/extract_raw_data_pipeline.py for tasks to queue
[2025-07-04T19:33:00.968+0000] {logging_mixin.py:190} INFO - [2025-07-04T19:33:00.967+0000] {dagbag.py:588} INFO - Filling up the DagBag from /opt/airflow/dags/extract_raw_data_pipeline.py
[2025-07-04T19:33:01.248+0000] {processor.py:925} INFO - DAG(s) 'extract_raw_data_pipeline' retrieved from /opt/airflow/dags/extract_raw_data_pipeline.py
[2025-07-04T19:33:01.274+0000] {logging_mixin.py:190} INFO - [2025-07-04T19:33:01.273+0000] {dag.py:3239} INFO - Sync 1 DAGs
[2025-07-04T19:33:01.298+0000] {logging_mixin.py:190} INFO - [2025-07-04T19:33:01.298+0000] {dag.py:4180} INFO - Setting next_dagrun for extract_raw_data_pipeline to 2025-07-04 07:00:00+00:00, run_after=2025-07-05 07:00:00+00:00
[2025-07-04T19:33:01.322+0000] {processor.py:208} INFO - Processing /opt/airflow/dags/extract_raw_data_pipeline.py took 0.364 seconds
[2025-07-04T19:33:31.930+0000] {processor.py:186} INFO - Started process (PID=554) to work on /opt/airflow/dags/extract_raw_data_pipeline.py
[2025-07-04T19:33:31.931+0000] {processor.py:914} INFO - Processing file /opt/airflow/dags/extract_raw_data_pipeline.py for tasks to queue
[2025-07-04T19:33:31.934+0000] {logging_mixin.py:190} INFO - [2025-07-04T19:33:31.934+0000] {dagbag.py:588} INFO - Filling up the DagBag from /opt/airflow/dags/extract_raw_data_pipeline.py
[2025-07-04T19:33:32.223+0000] {processor.py:925} INFO - DAG(s) 'extract_raw_data_pipeline' retrieved from /opt/airflow/dags/extract_raw_data_pipeline.py
[2025-07-04T19:33:32.247+0000] {logging_mixin.py:190} INFO - [2025-07-04T19:33:32.247+0000] {dag.py:3239} INFO - Sync 1 DAGs
[2025-07-04T19:33:32.268+0000] {logging_mixin.py:190} INFO - [2025-07-04T19:33:32.267+0000] {dag.py:4180} INFO - Setting next_dagrun for extract_raw_data_pipeline to 2025-07-04 07:00:00+00:00, run_after=2025-07-05 07:00:00+00:00
[2025-07-04T19:33:32.290+0000] {processor.py:208} INFO - Processing /opt/airflow/dags/extract_raw_data_pipeline.py took 0.365 seconds
[2025-07-04T19:34:02.479+0000] {processor.py:186} INFO - Started process (PID=563) to work on /opt/airflow/dags/extract_raw_data_pipeline.py
[2025-07-04T19:34:02.481+0000] {processor.py:914} INFO - Processing file /opt/airflow/dags/extract_raw_data_pipeline.py for tasks to queue
[2025-07-04T19:34:02.486+0000] {logging_mixin.py:190} INFO - [2025-07-04T19:34:02.485+0000] {dagbag.py:588} INFO - Filling up the DagBag from /opt/airflow/dags/extract_raw_data_pipeline.py
[2025-07-04T19:34:03.321+0000] {processor.py:925} INFO - DAG(s) 'extract_raw_data_pipeline' retrieved from /opt/airflow/dags/extract_raw_data_pipeline.py
[2025-07-04T19:34:03.361+0000] {logging_mixin.py:190} INFO - [2025-07-04T19:34:03.360+0000] {dag.py:3239} INFO - Sync 1 DAGs
[2025-07-04T19:34:03.393+0000] {logging_mixin.py:190} INFO - [2025-07-04T19:34:03.393+0000] {dag.py:4180} INFO - Setting next_dagrun for extract_raw_data_pipeline to 2025-07-04 07:00:00+00:00, run_after=2025-07-05 07:00:00+00:00
[2025-07-04T19:34:03.441+0000] {processor.py:208} INFO - Processing /opt/airflow/dags/extract_raw_data_pipeline.py took 0.980 seconds
[2025-07-04T19:34:33.833+0000] {processor.py:186} INFO - Started process (PID=572) to work on /opt/airflow/dags/extract_raw_data_pipeline.py
[2025-07-04T19:34:33.835+0000] {processor.py:914} INFO - Processing file /opt/airflow/dags/extract_raw_data_pipeline.py for tasks to queue
[2025-07-04T19:34:33.838+0000] {logging_mixin.py:190} INFO - [2025-07-04T19:34:33.838+0000] {dagbag.py:588} INFO - Filling up the DagBag from /opt/airflow/dags/extract_raw_data_pipeline.py
[2025-07-04T19:34:34.172+0000] {processor.py:925} INFO - DAG(s) 'extract_raw_data_pipeline' retrieved from /opt/airflow/dags/extract_raw_data_pipeline.py
[2025-07-04T19:34:34.201+0000] {logging_mixin.py:190} INFO - [2025-07-04T19:34:34.200+0000] {dag.py:3239} INFO - Sync 1 DAGs
[2025-07-04T19:34:34.224+0000] {logging_mixin.py:190} INFO - [2025-07-04T19:34:34.224+0000] {dag.py:4180} INFO - Setting next_dagrun for extract_raw_data_pipeline to 2025-07-04 07:00:00+00:00, run_after=2025-07-05 07:00:00+00:00
[2025-07-04T19:34:34.245+0000] {processor.py:208} INFO - Processing /opt/airflow/dags/extract_raw_data_pipeline.py took 0.419 seconds
[2025-07-04T19:35:04.426+0000] {processor.py:186} INFO - Started process (PID=581) to work on /opt/airflow/dags/extract_raw_data_pipeline.py
[2025-07-04T19:35:04.427+0000] {processor.py:914} INFO - Processing file /opt/airflow/dags/extract_raw_data_pipeline.py for tasks to queue
[2025-07-04T19:35:04.430+0000] {logging_mixin.py:190} INFO - [2025-07-04T19:35:04.429+0000] {dagbag.py:588} INFO - Filling up the DagBag from /opt/airflow/dags/extract_raw_data_pipeline.py
[2025-07-04T19:35:04.773+0000] {processor.py:925} INFO - DAG(s) 'extract_raw_data_pipeline' retrieved from /opt/airflow/dags/extract_raw_data_pipeline.py
[2025-07-04T19:35:04.805+0000] {logging_mixin.py:190} INFO - [2025-07-04T19:35:04.804+0000] {dag.py:3239} INFO - Sync 1 DAGs
[2025-07-04T19:35:04.831+0000] {logging_mixin.py:190} INFO - [2025-07-04T19:35:04.831+0000] {dag.py:4180} INFO - Setting next_dagrun for extract_raw_data_pipeline to 2025-07-04 07:00:00+00:00, run_after=2025-07-05 07:00:00+00:00
[2025-07-04T19:35:04.857+0000] {processor.py:208} INFO - Processing /opt/airflow/dags/extract_raw_data_pipeline.py took 0.438 seconds
[2025-07-04T19:35:35.742+0000] {processor.py:186} INFO - Started process (PID=590) to work on /opt/airflow/dags/extract_raw_data_pipeline.py
[2025-07-04T19:35:35.743+0000] {processor.py:914} INFO - Processing file /opt/airflow/dags/extract_raw_data_pipeline.py for tasks to queue
[2025-07-04T19:35:35.747+0000] {logging_mixin.py:190} INFO - [2025-07-04T19:35:35.747+0000] {dagbag.py:588} INFO - Filling up the DagBag from /opt/airflow/dags/extract_raw_data_pipeline.py
[2025-07-04T19:35:36.072+0000] {processor.py:925} INFO - DAG(s) 'extract_raw_data_pipeline' retrieved from /opt/airflow/dags/extract_raw_data_pipeline.py
[2025-07-04T19:35:36.099+0000] {logging_mixin.py:190} INFO - [2025-07-04T19:35:36.098+0000] {dag.py:3239} INFO - Sync 1 DAGs
[2025-07-04T19:35:36.120+0000] {logging_mixin.py:190} INFO - [2025-07-04T19:35:36.120+0000] {dag.py:4180} INFO - Setting next_dagrun for extract_raw_data_pipeline to 2025-07-04 07:00:00+00:00, run_after=2025-07-05 07:00:00+00:00
[2025-07-04T19:35:36.142+0000] {processor.py:208} INFO - Processing /opt/airflow/dags/extract_raw_data_pipeline.py took 0.414 seconds
[2025-07-04T19:36:06.212+0000] {processor.py:186} INFO - Started process (PID=599) to work on /opt/airflow/dags/extract_raw_data_pipeline.py
[2025-07-04T19:36:06.213+0000] {processor.py:914} INFO - Processing file /opt/airflow/dags/extract_raw_data_pipeline.py for tasks to queue
[2025-07-04T19:36:06.215+0000] {logging_mixin.py:190} INFO - [2025-07-04T19:36:06.215+0000] {dagbag.py:588} INFO - Filling up the DagBag from /opt/airflow/dags/extract_raw_data_pipeline.py
[2025-07-04T19:36:06.527+0000] {processor.py:925} INFO - DAG(s) 'extract_raw_data_pipeline' retrieved from /opt/airflow/dags/extract_raw_data_pipeline.py
[2025-07-04T19:36:06.548+0000] {logging_mixin.py:190} INFO - [2025-07-04T19:36:06.548+0000] {dag.py:3239} INFO - Sync 1 DAGs
[2025-07-04T19:36:06.569+0000] {logging_mixin.py:190} INFO - [2025-07-04T19:36:06.568+0000] {dag.py:4180} INFO - Setting next_dagrun for extract_raw_data_pipeline to 2025-07-04 07:00:00+00:00, run_after=2025-07-05 07:00:00+00:00
[2025-07-04T19:36:06.586+0000] {processor.py:208} INFO - Processing /opt/airflow/dags/extract_raw_data_pipeline.py took 0.381 seconds
[2025-07-04T19:36:36.713+0000] {processor.py:186} INFO - Started process (PID=608) to work on /opt/airflow/dags/extract_raw_data_pipeline.py
[2025-07-04T19:36:36.714+0000] {processor.py:914} INFO - Processing file /opt/airflow/dags/extract_raw_data_pipeline.py for tasks to queue
[2025-07-04T19:36:36.717+0000] {logging_mixin.py:190} INFO - [2025-07-04T19:36:36.716+0000] {dagbag.py:588} INFO - Filling up the DagBag from /opt/airflow/dags/extract_raw_data_pipeline.py
[2025-07-04T19:36:37.142+0000] {processor.py:925} INFO - DAG(s) 'extract_raw_data_pipeline' retrieved from /opt/airflow/dags/extract_raw_data_pipeline.py
[2025-07-04T19:36:37.181+0000] {logging_mixin.py:190} INFO - [2025-07-04T19:36:37.181+0000] {dag.py:3239} INFO - Sync 1 DAGs
[2025-07-04T19:36:37.208+0000] {logging_mixin.py:190} INFO - [2025-07-04T19:36:37.208+0000] {dag.py:4180} INFO - Setting next_dagrun for extract_raw_data_pipeline to 2025-07-04 07:00:00+00:00, run_after=2025-07-05 07:00:00+00:00
[2025-07-04T19:36:37.229+0000] {processor.py:208} INFO - Processing /opt/airflow/dags/extract_raw_data_pipeline.py took 0.522 seconds
[2025-07-04T19:37:08.093+0000] {processor.py:186} INFO - Started process (PID=617) to work on /opt/airflow/dags/extract_raw_data_pipeline.py
[2025-07-04T19:37:08.094+0000] {processor.py:914} INFO - Processing file /opt/airflow/dags/extract_raw_data_pipeline.py for tasks to queue
[2025-07-04T19:37:08.098+0000] {logging_mixin.py:190} INFO - [2025-07-04T19:37:08.097+0000] {dagbag.py:588} INFO - Filling up the DagBag from /opt/airflow/dags/extract_raw_data_pipeline.py
[2025-07-04T19:37:08.375+0000] {processor.py:925} INFO - DAG(s) 'extract_raw_data_pipeline' retrieved from /opt/airflow/dags/extract_raw_data_pipeline.py
[2025-07-04T19:37:08.400+0000] {logging_mixin.py:190} INFO - [2025-07-04T19:37:08.400+0000] {dag.py:3239} INFO - Sync 1 DAGs
[2025-07-04T19:37:08.420+0000] {logging_mixin.py:190} INFO - [2025-07-04T19:37:08.420+0000] {dag.py:4180} INFO - Setting next_dagrun for extract_raw_data_pipeline to 2025-07-04 07:00:00+00:00, run_after=2025-07-05 07:00:00+00:00
[2025-07-04T19:37:08.443+0000] {processor.py:208} INFO - Processing /opt/airflow/dags/extract_raw_data_pipeline.py took 0.357 seconds
[2025-07-04T19:37:38.704+0000] {processor.py:186} INFO - Started process (PID=626) to work on /opt/airflow/dags/extract_raw_data_pipeline.py
[2025-07-04T19:37:38.707+0000] {processor.py:914} INFO - Processing file /opt/airflow/dags/extract_raw_data_pipeline.py for tasks to queue
[2025-07-04T19:37:38.711+0000] {logging_mixin.py:190} INFO - [2025-07-04T19:37:38.710+0000] {dagbag.py:588} INFO - Filling up the DagBag from /opt/airflow/dags/extract_raw_data_pipeline.py
[2025-07-04T19:37:39.230+0000] {processor.py:925} INFO - DAG(s) 'extract_raw_data_pipeline' retrieved from /opt/airflow/dags/extract_raw_data_pipeline.py
[2025-07-04T19:37:39.275+0000] {logging_mixin.py:190} INFO - [2025-07-04T19:37:39.274+0000] {dag.py:3239} INFO - Sync 1 DAGs
[2025-07-04T19:37:39.313+0000] {logging_mixin.py:190} INFO - [2025-07-04T19:37:39.313+0000] {dag.py:4180} INFO - Setting next_dagrun for extract_raw_data_pipeline to 2025-07-04 07:00:00+00:00, run_after=2025-07-05 07:00:00+00:00
[2025-07-04T19:37:39.334+0000] {processor.py:208} INFO - Processing /opt/airflow/dags/extract_raw_data_pipeline.py took 0.649 seconds
[2025-07-04T19:38:10.097+0000] {processor.py:186} INFO - Started process (PID=635) to work on /opt/airflow/dags/extract_raw_data_pipeline.py
[2025-07-04T19:38:10.098+0000] {processor.py:914} INFO - Processing file /opt/airflow/dags/extract_raw_data_pipeline.py for tasks to queue
[2025-07-04T19:38:10.101+0000] {logging_mixin.py:190} INFO - [2025-07-04T19:38:10.100+0000] {dagbag.py:588} INFO - Filling up the DagBag from /opt/airflow/dags/extract_raw_data_pipeline.py
[2025-07-04T19:38:10.471+0000] {processor.py:925} INFO - DAG(s) 'extract_raw_data_pipeline' retrieved from /opt/airflow/dags/extract_raw_data_pipeline.py
[2025-07-04T19:38:10.496+0000] {logging_mixin.py:190} INFO - [2025-07-04T19:38:10.496+0000] {dag.py:3239} INFO - Sync 1 DAGs
[2025-07-04T19:38:10.519+0000] {logging_mixin.py:190} INFO - [2025-07-04T19:38:10.519+0000] {dag.py:4180} INFO - Setting next_dagrun for extract_raw_data_pipeline to 2025-07-04 07:00:00+00:00, run_after=2025-07-05 07:00:00+00:00
[2025-07-04T19:38:10.546+0000] {processor.py:208} INFO - Processing /opt/airflow/dags/extract_raw_data_pipeline.py took 0.456 seconds
[2025-07-04T19:38:40.705+0000] {processor.py:186} INFO - Started process (PID=644) to work on /opt/airflow/dags/extract_raw_data_pipeline.py
[2025-07-04T19:38:40.706+0000] {processor.py:914} INFO - Processing file /opt/airflow/dags/extract_raw_data_pipeline.py for tasks to queue
[2025-07-04T19:38:40.710+0000] {logging_mixin.py:190} INFO - [2025-07-04T19:38:40.709+0000] {dagbag.py:588} INFO - Filling up the DagBag from /opt/airflow/dags/extract_raw_data_pipeline.py
[2025-07-04T19:38:41.007+0000] {processor.py:925} INFO - DAG(s) 'extract_raw_data_pipeline' retrieved from /opt/airflow/dags/extract_raw_data_pipeline.py
[2025-07-04T19:38:41.033+0000] {logging_mixin.py:190} INFO - [2025-07-04T19:38:41.033+0000] {dag.py:3239} INFO - Sync 1 DAGs
[2025-07-04T19:38:41.054+0000] {logging_mixin.py:190} INFO - [2025-07-04T19:38:41.053+0000] {dag.py:4180} INFO - Setting next_dagrun for extract_raw_data_pipeline to 2025-07-04 07:00:00+00:00, run_after=2025-07-05 07:00:00+00:00
[2025-07-04T19:38:41.073+0000] {processor.py:208} INFO - Processing /opt/airflow/dags/extract_raw_data_pipeline.py took 0.375 seconds
[2025-07-04T19:39:11.184+0000] {processor.py:186} INFO - Started process (PID=653) to work on /opt/airflow/dags/extract_raw_data_pipeline.py
[2025-07-04T19:39:11.185+0000] {processor.py:914} INFO - Processing file /opt/airflow/dags/extract_raw_data_pipeline.py for tasks to queue
[2025-07-04T19:39:11.188+0000] {logging_mixin.py:190} INFO - [2025-07-04T19:39:11.188+0000] {dagbag.py:588} INFO - Filling up the DagBag from /opt/airflow/dags/extract_raw_data_pipeline.py
[2025-07-04T19:39:11.492+0000] {processor.py:925} INFO - DAG(s) 'extract_raw_data_pipeline' retrieved from /opt/airflow/dags/extract_raw_data_pipeline.py
[2025-07-04T19:39:11.515+0000] {logging_mixin.py:190} INFO - [2025-07-04T19:39:11.515+0000] {dag.py:3239} INFO - Sync 1 DAGs
[2025-07-04T19:39:11.535+0000] {logging_mixin.py:190} INFO - [2025-07-04T19:39:11.535+0000] {dag.py:4180} INFO - Setting next_dagrun for extract_raw_data_pipeline to 2025-07-04 07:00:00+00:00, run_after=2025-07-05 07:00:00+00:00
[2025-07-04T19:39:11.557+0000] {processor.py:208} INFO - Processing /opt/airflow/dags/extract_raw_data_pipeline.py took 0.379 seconds
[2025-07-04T19:39:41.713+0000] {processor.py:186} INFO - Started process (PID=662) to work on /opt/airflow/dags/extract_raw_data_pipeline.py
[2025-07-04T19:39:41.714+0000] {processor.py:914} INFO - Processing file /opt/airflow/dags/extract_raw_data_pipeline.py for tasks to queue
[2025-07-04T19:39:41.718+0000] {logging_mixin.py:190} INFO - [2025-07-04T19:39:41.717+0000] {dagbag.py:588} INFO - Filling up the DagBag from /opt/airflow/dags/extract_raw_data_pipeline.py
[2025-07-04T19:39:42.011+0000] {processor.py:925} INFO - DAG(s) 'extract_raw_data_pipeline' retrieved from /opt/airflow/dags/extract_raw_data_pipeline.py
[2025-07-04T19:39:42.038+0000] {logging_mixin.py:190} INFO - [2025-07-04T19:39:42.037+0000] {dag.py:3239} INFO - Sync 1 DAGs
[2025-07-04T19:39:42.058+0000] {logging_mixin.py:190} INFO - [2025-07-04T19:39:42.058+0000] {dag.py:4180} INFO - Setting next_dagrun for extract_raw_data_pipeline to 2025-07-04 07:00:00+00:00, run_after=2025-07-05 07:00:00+00:00
[2025-07-04T19:39:42.081+0000] {processor.py:208} INFO - Processing /opt/airflow/dags/extract_raw_data_pipeline.py took 0.375 seconds
[2025-07-04T19:40:12.127+0000] {processor.py:186} INFO - Started process (PID=671) to work on /opt/airflow/dags/extract_raw_data_pipeline.py
[2025-07-04T19:40:12.128+0000] {processor.py:914} INFO - Processing file /opt/airflow/dags/extract_raw_data_pipeline.py for tasks to queue
[2025-07-04T19:40:12.130+0000] {logging_mixin.py:190} INFO - [2025-07-04T19:40:12.130+0000] {dagbag.py:588} INFO - Filling up the DagBag from /opt/airflow/dags/extract_raw_data_pipeline.py
[2025-07-04T19:40:12.417+0000] {processor.py:925} INFO - DAG(s) 'extract_raw_data_pipeline' retrieved from /opt/airflow/dags/extract_raw_data_pipeline.py
[2025-07-04T19:40:12.443+0000] {logging_mixin.py:190} INFO - [2025-07-04T19:40:12.442+0000] {dag.py:3239} INFO - Sync 1 DAGs
[2025-07-04T19:40:12.463+0000] {logging_mixin.py:190} INFO - [2025-07-04T19:40:12.463+0000] {dag.py:4180} INFO - Setting next_dagrun for extract_raw_data_pipeline to 2025-07-04 07:00:00+00:00, run_after=2025-07-05 07:00:00+00:00
[2025-07-04T19:40:12.490+0000] {processor.py:208} INFO - Processing /opt/airflow/dags/extract_raw_data_pipeline.py took 0.369 seconds
[2025-07-04T19:40:42.628+0000] {processor.py:186} INFO - Started process (PID=680) to work on /opt/airflow/dags/extract_raw_data_pipeline.py
[2025-07-04T19:40:42.629+0000] {processor.py:914} INFO - Processing file /opt/airflow/dags/extract_raw_data_pipeline.py for tasks to queue
[2025-07-04T19:40:42.632+0000] {logging_mixin.py:190} INFO - [2025-07-04T19:40:42.632+0000] {dagbag.py:588} INFO - Filling up the DagBag from /opt/airflow/dags/extract_raw_data_pipeline.py
[2025-07-04T19:40:42.927+0000] {processor.py:925} INFO - DAG(s) 'extract_raw_data_pipeline' retrieved from /opt/airflow/dags/extract_raw_data_pipeline.py
[2025-07-04T19:40:42.949+0000] {logging_mixin.py:190} INFO - [2025-07-04T19:40:42.949+0000] {dag.py:3239} INFO - Sync 1 DAGs
[2025-07-04T19:40:42.969+0000] {logging_mixin.py:190} INFO - [2025-07-04T19:40:42.968+0000] {dag.py:4180} INFO - Setting next_dagrun for extract_raw_data_pipeline to 2025-07-04 07:00:00+00:00, run_after=2025-07-05 07:00:00+00:00
[2025-07-04T19:40:42.989+0000] {processor.py:208} INFO - Processing /opt/airflow/dags/extract_raw_data_pipeline.py took 0.369 seconds
[2025-07-04T19:41:13.079+0000] {processor.py:186} INFO - Started process (PID=689) to work on /opt/airflow/dags/extract_raw_data_pipeline.py
[2025-07-04T19:41:13.080+0000] {processor.py:914} INFO - Processing file /opt/airflow/dags/extract_raw_data_pipeline.py for tasks to queue
[2025-07-04T19:41:13.083+0000] {logging_mixin.py:190} INFO - [2025-07-04T19:41:13.083+0000] {dagbag.py:588} INFO - Filling up the DagBag from /opt/airflow/dags/extract_raw_data_pipeline.py
[2025-07-04T19:41:13.450+0000] {processor.py:925} INFO - DAG(s) 'extract_raw_data_pipeline' retrieved from /opt/airflow/dags/extract_raw_data_pipeline.py
[2025-07-04T19:41:13.481+0000] {logging_mixin.py:190} INFO - [2025-07-04T19:41:13.481+0000] {dag.py:3239} INFO - Sync 1 DAGs
[2025-07-04T19:41:13.508+0000] {logging_mixin.py:190} INFO - [2025-07-04T19:41:13.508+0000] {dag.py:4180} INFO - Setting next_dagrun for extract_raw_data_pipeline to 2025-07-04 07:00:00+00:00, run_after=2025-07-05 07:00:00+00:00
[2025-07-04T19:41:13.542+0000] {processor.py:208} INFO - Processing /opt/airflow/dags/extract_raw_data_pipeline.py took 0.471 seconds
[2025-07-04T19:41:44.434+0000] {processor.py:186} INFO - Started process (PID=698) to work on /opt/airflow/dags/extract_raw_data_pipeline.py
[2025-07-04T19:41:44.436+0000] {processor.py:914} INFO - Processing file /opt/airflow/dags/extract_raw_data_pipeline.py for tasks to queue
[2025-07-04T19:41:44.440+0000] {logging_mixin.py:190} INFO - [2025-07-04T19:41:44.439+0000] {dagbag.py:588} INFO - Filling up the DagBag from /opt/airflow/dags/extract_raw_data_pipeline.py
[2025-07-04T19:41:44.877+0000] {processor.py:925} INFO - DAG(s) 'extract_raw_data_pipeline' retrieved from /opt/airflow/dags/extract_raw_data_pipeline.py
[2025-07-04T19:41:44.918+0000] {logging_mixin.py:190} INFO - [2025-07-04T19:41:44.917+0000] {dag.py:3239} INFO - Sync 1 DAGs
[2025-07-04T19:41:44.951+0000] {logging_mixin.py:190} INFO - [2025-07-04T19:41:44.950+0000] {dag.py:4180} INFO - Setting next_dagrun for extract_raw_data_pipeline to 2025-07-04 07:00:00+00:00, run_after=2025-07-05 07:00:00+00:00
[2025-07-04T19:41:44.980+0000] {processor.py:208} INFO - Processing /opt/airflow/dags/extract_raw_data_pipeline.py took 0.554 seconds
[2025-07-04T19:42:15.935+0000] {processor.py:186} INFO - Started process (PID=707) to work on /opt/airflow/dags/extract_raw_data_pipeline.py
[2025-07-04T19:42:15.936+0000] {processor.py:914} INFO - Processing file /opt/airflow/dags/extract_raw_data_pipeline.py for tasks to queue
[2025-07-04T19:42:15.939+0000] {logging_mixin.py:190} INFO - [2025-07-04T19:42:15.939+0000] {dagbag.py:588} INFO - Filling up the DagBag from /opt/airflow/dags/extract_raw_data_pipeline.py
[2025-07-04T19:42:16.266+0000] {processor.py:925} INFO - DAG(s) 'extract_raw_data_pipeline' retrieved from /opt/airflow/dags/extract_raw_data_pipeline.py
[2025-07-04T19:42:16.290+0000] {logging_mixin.py:190} INFO - [2025-07-04T19:42:16.289+0000] {dag.py:3239} INFO - Sync 1 DAGs
[2025-07-04T19:42:16.319+0000] {logging_mixin.py:190} INFO - [2025-07-04T19:42:16.318+0000] {dag.py:4180} INFO - Setting next_dagrun for extract_raw_data_pipeline to 2025-07-04 07:00:00+00:00, run_after=2025-07-05 07:00:00+00:00
[2025-07-04T19:42:16.347+0000] {processor.py:208} INFO - Processing /opt/airflow/dags/extract_raw_data_pipeline.py took 0.420 seconds
[2025-07-04T19:42:46.398+0000] {processor.py:186} INFO - Started process (PID=716) to work on /opt/airflow/dags/extract_raw_data_pipeline.py
[2025-07-04T19:42:46.399+0000] {processor.py:914} INFO - Processing file /opt/airflow/dags/extract_raw_data_pipeline.py for tasks to queue
[2025-07-04T19:42:46.402+0000] {logging_mixin.py:190} INFO - [2025-07-04T19:42:46.402+0000] {dagbag.py:588} INFO - Filling up the DagBag from /opt/airflow/dags/extract_raw_data_pipeline.py
[2025-07-04T19:42:46.686+0000] {processor.py:925} INFO - DAG(s) 'extract_raw_data_pipeline' retrieved from /opt/airflow/dags/extract_raw_data_pipeline.py
[2025-07-04T19:42:46.710+0000] {logging_mixin.py:190} INFO - [2025-07-04T19:42:46.710+0000] {dag.py:3239} INFO - Sync 1 DAGs
[2025-07-04T19:42:46.730+0000] {logging_mixin.py:190} INFO - [2025-07-04T19:42:46.730+0000] {dag.py:4180} INFO - Setting next_dagrun for extract_raw_data_pipeline to 2025-07-04 07:00:00+00:00, run_after=2025-07-05 07:00:00+00:00
[2025-07-04T19:42:46.752+0000] {processor.py:208} INFO - Processing /opt/airflow/dags/extract_raw_data_pipeline.py took 0.360 seconds
[2025-07-04T19:43:16.896+0000] {processor.py:186} INFO - Started process (PID=725) to work on /opt/airflow/dags/extract_raw_data_pipeline.py
[2025-07-04T19:43:16.898+0000] {processor.py:914} INFO - Processing file /opt/airflow/dags/extract_raw_data_pipeline.py for tasks to queue
[2025-07-04T19:43:16.902+0000] {logging_mixin.py:190} INFO - [2025-07-04T19:43:16.902+0000] {dagbag.py:588} INFO - Filling up the DagBag from /opt/airflow/dags/extract_raw_data_pipeline.py
[2025-07-04T19:43:17.213+0000] {processor.py:925} INFO - DAG(s) 'extract_raw_data_pipeline' retrieved from /opt/airflow/dags/extract_raw_data_pipeline.py
[2025-07-04T19:43:17.235+0000] {logging_mixin.py:190} INFO - [2025-07-04T19:43:17.235+0000] {dag.py:3239} INFO - Sync 1 DAGs
[2025-07-04T19:43:17.293+0000] {logging_mixin.py:190} INFO - [2025-07-04T19:43:17.293+0000] {dag.py:4180} INFO - Setting next_dagrun for extract_raw_data_pipeline to 2025-07-04 07:00:00+00:00, run_after=2025-07-05 07:00:00+00:00
[2025-07-04T19:43:17.383+0000] {processor.py:208} INFO - Processing /opt/airflow/dags/extract_raw_data_pipeline.py took 0.496 seconds
[2025-07-04T19:43:47.608+0000] {processor.py:186} INFO - Started process (PID=734) to work on /opt/airflow/dags/extract_raw_data_pipeline.py
[2025-07-04T19:43:47.609+0000] {processor.py:914} INFO - Processing file /opt/airflow/dags/extract_raw_data_pipeline.py for tasks to queue
[2025-07-04T19:43:47.611+0000] {logging_mixin.py:190} INFO - [2025-07-04T19:43:47.611+0000] {dagbag.py:588} INFO - Filling up the DagBag from /opt/airflow/dags/extract_raw_data_pipeline.py
[2025-07-04T19:43:47.997+0000] {processor.py:925} INFO - DAG(s) 'extract_raw_data_pipeline' retrieved from /opt/airflow/dags/extract_raw_data_pipeline.py
[2025-07-04T19:43:48.030+0000] {logging_mixin.py:190} INFO - [2025-07-04T19:43:48.030+0000] {dag.py:3239} INFO - Sync 1 DAGs
[2025-07-04T19:43:48.054+0000] {logging_mixin.py:190} INFO - [2025-07-04T19:43:48.054+0000] {dag.py:4180} INFO - Setting next_dagrun for extract_raw_data_pipeline to 2025-07-04 07:00:00+00:00, run_after=2025-07-05 07:00:00+00:00
[2025-07-04T19:43:48.073+0000] {processor.py:208} INFO - Processing /opt/airflow/dags/extract_raw_data_pipeline.py took 0.471 seconds
[2025-07-04T19:44:18.921+0000] {processor.py:186} INFO - Started process (PID=743) to work on /opt/airflow/dags/extract_raw_data_pipeline.py
[2025-07-04T19:44:18.923+0000] {processor.py:914} INFO - Processing file /opt/airflow/dags/extract_raw_data_pipeline.py for tasks to queue
[2025-07-04T19:44:18.927+0000] {logging_mixin.py:190} INFO - [2025-07-04T19:44:18.926+0000] {dagbag.py:588} INFO - Filling up the DagBag from /opt/airflow/dags/extract_raw_data_pipeline.py
[2025-07-04T19:44:19.210+0000] {processor.py:925} INFO - DAG(s) 'extract_raw_data_pipeline' retrieved from /opt/airflow/dags/extract_raw_data_pipeline.py
[2025-07-04T19:44:19.234+0000] {logging_mixin.py:190} INFO - [2025-07-04T19:44:19.234+0000] {dag.py:3239} INFO - Sync 1 DAGs
[2025-07-04T19:44:19.255+0000] {logging_mixin.py:190} INFO - [2025-07-04T19:44:19.255+0000] {dag.py:4180} INFO - Setting next_dagrun for extract_raw_data_pipeline to 2025-07-04 07:00:00+00:00, run_after=2025-07-05 07:00:00+00:00
[2025-07-04T19:44:19.278+0000] {processor.py:208} INFO - Processing /opt/airflow/dags/extract_raw_data_pipeline.py took 0.365 seconds
[2025-07-04T19:44:49.426+0000] {processor.py:186} INFO - Started process (PID=752) to work on /opt/airflow/dags/extract_raw_data_pipeline.py
[2025-07-04T19:44:49.427+0000] {processor.py:914} INFO - Processing file /opt/airflow/dags/extract_raw_data_pipeline.py for tasks to queue
[2025-07-04T19:44:49.430+0000] {logging_mixin.py:190} INFO - [2025-07-04T19:44:49.430+0000] {dagbag.py:588} INFO - Filling up the DagBag from /opt/airflow/dags/extract_raw_data_pipeline.py
[2025-07-04T19:44:49.743+0000] {processor.py:925} INFO - DAG(s) 'extract_raw_data_pipeline' retrieved from /opt/airflow/dags/extract_raw_data_pipeline.py
[2025-07-04T19:44:49.767+0000] {logging_mixin.py:190} INFO - [2025-07-04T19:44:49.767+0000] {dag.py:3239} INFO - Sync 1 DAGs
[2025-07-04T19:44:49.787+0000] {logging_mixin.py:190} INFO - [2025-07-04T19:44:49.787+0000] {dag.py:4180} INFO - Setting next_dagrun for extract_raw_data_pipeline to 2025-07-04 07:00:00+00:00, run_after=2025-07-05 07:00:00+00:00
[2025-07-04T19:44:49.810+0000] {processor.py:208} INFO - Processing /opt/airflow/dags/extract_raw_data_pipeline.py took 0.390 seconds
[2025-07-04T19:45:19.870+0000] {processor.py:186} INFO - Started process (PID=761) to work on /opt/airflow/dags/extract_raw_data_pipeline.py
[2025-07-04T19:45:19.872+0000] {processor.py:914} INFO - Processing file /opt/airflow/dags/extract_raw_data_pipeline.py for tasks to queue
[2025-07-04T19:45:19.874+0000] {logging_mixin.py:190} INFO - [2025-07-04T19:45:19.874+0000] {dagbag.py:588} INFO - Filling up the DagBag from /opt/airflow/dags/extract_raw_data_pipeline.py
[2025-07-04T19:45:20.145+0000] {processor.py:925} INFO - DAG(s) 'extract_raw_data_pipeline' retrieved from /opt/airflow/dags/extract_raw_data_pipeline.py
[2025-07-04T19:45:20.170+0000] {logging_mixin.py:190} INFO - [2025-07-04T19:45:20.170+0000] {dag.py:3239} INFO - Sync 1 DAGs
[2025-07-04T19:45:20.189+0000] {logging_mixin.py:190} INFO - [2025-07-04T19:45:20.189+0000] {dag.py:4180} INFO - Setting next_dagrun for extract_raw_data_pipeline to 2025-07-04 07:00:00+00:00, run_after=2025-07-05 07:00:00+00:00
[2025-07-04T19:45:20.208+0000] {processor.py:208} INFO - Processing /opt/airflow/dags/extract_raw_data_pipeline.py took 0.344 seconds
[2025-07-04T19:45:50.289+0000] {processor.py:186} INFO - Started process (PID=770) to work on /opt/airflow/dags/extract_raw_data_pipeline.py
[2025-07-04T19:45:50.291+0000] {processor.py:914} INFO - Processing file /opt/airflow/dags/extract_raw_data_pipeline.py for tasks to queue
[2025-07-04T19:45:50.294+0000] {logging_mixin.py:190} INFO - [2025-07-04T19:45:50.294+0000] {dagbag.py:588} INFO - Filling up the DagBag from /opt/airflow/dags/extract_raw_data_pipeline.py
[2025-07-04T19:45:50.977+0000] {processor.py:925} INFO - DAG(s) 'extract_raw_data_pipeline' retrieved from /opt/airflow/dags/extract_raw_data_pipeline.py
[2025-07-04T19:45:51.011+0000] {logging_mixin.py:190} INFO - [2025-07-04T19:45:51.011+0000] {dag.py:3239} INFO - Sync 1 DAGs
[2025-07-04T19:45:51.046+0000] {logging_mixin.py:190} INFO - [2025-07-04T19:45:51.046+0000] {dag.py:4180} INFO - Setting next_dagrun for extract_raw_data_pipeline to 2025-07-04 07:00:00+00:00, run_after=2025-07-05 07:00:00+00:00
[2025-07-04T19:45:51.145+0000] {processor.py:208} INFO - Processing /opt/airflow/dags/extract_raw_data_pipeline.py took 0.864 seconds
[2025-07-04T19:46:21.611+0000] {processor.py:186} INFO - Started process (PID=779) to work on /opt/airflow/dags/extract_raw_data_pipeline.py
[2025-07-04T19:46:21.613+0000] {processor.py:914} INFO - Processing file /opt/airflow/dags/extract_raw_data_pipeline.py for tasks to queue
[2025-07-04T19:46:21.616+0000] {logging_mixin.py:190} INFO - [2025-07-04T19:46:21.616+0000] {dagbag.py:588} INFO - Filling up the DagBag from /opt/airflow/dags/extract_raw_data_pipeline.py
[2025-07-04T19:46:22.020+0000] {processor.py:925} INFO - DAG(s) 'extract_raw_data_pipeline' retrieved from /opt/airflow/dags/extract_raw_data_pipeline.py
[2025-07-04T19:46:22.047+0000] {logging_mixin.py:190} INFO - [2025-07-04T19:46:22.047+0000] {dag.py:3239} INFO - Sync 1 DAGs
[2025-07-04T19:46:22.068+0000] {logging_mixin.py:190} INFO - [2025-07-04T19:46:22.067+0000] {dag.py:4180} INFO - Setting next_dagrun for extract_raw_data_pipeline to 2025-07-04 07:00:00+00:00, run_after=2025-07-05 07:00:00+00:00
[2025-07-04T19:46:22.088+0000] {processor.py:208} INFO - Processing /opt/airflow/dags/extract_raw_data_pipeline.py took 0.487 seconds
[2025-07-04T19:46:52.947+0000] {processor.py:186} INFO - Started process (PID=788) to work on /opt/airflow/dags/extract_raw_data_pipeline.py
[2025-07-04T19:46:52.948+0000] {processor.py:914} INFO - Processing file /opt/airflow/dags/extract_raw_data_pipeline.py for tasks to queue
[2025-07-04T19:46:52.951+0000] {logging_mixin.py:190} INFO - [2025-07-04T19:46:52.951+0000] {dagbag.py:588} INFO - Filling up the DagBag from /opt/airflow/dags/extract_raw_data_pipeline.py
[2025-07-04T19:46:53.261+0000] {processor.py:925} INFO - DAG(s) 'extract_raw_data_pipeline' retrieved from /opt/airflow/dags/extract_raw_data_pipeline.py
[2025-07-04T19:46:53.287+0000] {logging_mixin.py:190} INFO - [2025-07-04T19:46:53.287+0000] {dag.py:3239} INFO - Sync 1 DAGs
[2025-07-04T19:46:53.312+0000] {logging_mixin.py:190} INFO - [2025-07-04T19:46:53.312+0000] {dag.py:4180} INFO - Setting next_dagrun for extract_raw_data_pipeline to 2025-07-04 07:00:00+00:00, run_after=2025-07-05 07:00:00+00:00
[2025-07-04T19:46:53.340+0000] {processor.py:208} INFO - Processing /opt/airflow/dags/extract_raw_data_pipeline.py took 0.399 seconds
[2025-07-04T19:47:23.589+0000] {processor.py:186} INFO - Started process (PID=797) to work on /opt/airflow/dags/extract_raw_data_pipeline.py
[2025-07-04T19:47:23.590+0000] {processor.py:914} INFO - Processing file /opt/airflow/dags/extract_raw_data_pipeline.py for tasks to queue
[2025-07-04T19:47:23.594+0000] {logging_mixin.py:190} INFO - [2025-07-04T19:47:23.593+0000] {dagbag.py:588} INFO - Filling up the DagBag from /opt/airflow/dags/extract_raw_data_pipeline.py
[2025-07-04T19:47:23.890+0000] {processor.py:925} INFO - DAG(s) 'extract_raw_data_pipeline' retrieved from /opt/airflow/dags/extract_raw_data_pipeline.py
[2025-07-04T19:47:23.915+0000] {logging_mixin.py:190} INFO - [2025-07-04T19:47:23.914+0000] {dag.py:3239} INFO - Sync 1 DAGs
[2025-07-04T19:47:23.936+0000] {logging_mixin.py:190} INFO - [2025-07-04T19:47:23.936+0000] {dag.py:4180} INFO - Setting next_dagrun for extract_raw_data_pipeline to 2025-07-04 07:00:00+00:00, run_after=2025-07-05 07:00:00+00:00
[2025-07-04T19:47:23.956+0000] {processor.py:208} INFO - Processing /opt/airflow/dags/extract_raw_data_pipeline.py took 0.373 seconds
[2025-07-04T19:47:54.022+0000] {processor.py:186} INFO - Started process (PID=805) to work on /opt/airflow/dags/extract_raw_data_pipeline.py
[2025-07-04T19:47:54.023+0000] {processor.py:914} INFO - Processing file /opt/airflow/dags/extract_raw_data_pipeline.py for tasks to queue
[2025-07-04T19:47:54.026+0000] {logging_mixin.py:190} INFO - [2025-07-04T19:47:54.026+0000] {dagbag.py:588} INFO - Filling up the DagBag from /opt/airflow/dags/extract_raw_data_pipeline.py
[2025-07-04T19:47:54.406+0000] {processor.py:925} INFO - DAG(s) 'extract_raw_data_pipeline' retrieved from /opt/airflow/dags/extract_raw_data_pipeline.py
[2025-07-04T19:47:54.435+0000] {logging_mixin.py:190} INFO - [2025-07-04T19:47:54.435+0000] {dag.py:3239} INFO - Sync 1 DAGs
[2025-07-04T19:47:54.461+0000] {logging_mixin.py:190} INFO - [2025-07-04T19:47:54.461+0000] {dag.py:4180} INFO - Setting next_dagrun for extract_raw_data_pipeline to 2025-07-04 07:00:00+00:00, run_after=2025-07-05 07:00:00+00:00
[2025-07-04T19:47:54.483+0000] {processor.py:208} INFO - Processing /opt/airflow/dags/extract_raw_data_pipeline.py took 0.467 seconds
[2025-07-04T19:48:25.351+0000] {processor.py:186} INFO - Started process (PID=814) to work on /opt/airflow/dags/extract_raw_data_pipeline.py
[2025-07-04T19:48:25.352+0000] {processor.py:914} INFO - Processing file /opt/airflow/dags/extract_raw_data_pipeline.py for tasks to queue
[2025-07-04T19:48:25.356+0000] {logging_mixin.py:190} INFO - [2025-07-04T19:48:25.355+0000] {dagbag.py:588} INFO - Filling up the DagBag from /opt/airflow/dags/extract_raw_data_pipeline.py
[2025-07-04T19:48:25.708+0000] {processor.py:925} INFO - DAG(s) 'extract_raw_data_pipeline' retrieved from /opt/airflow/dags/extract_raw_data_pipeline.py
[2025-07-04T19:48:25.733+0000] {logging_mixin.py:190} INFO - [2025-07-04T19:48:25.733+0000] {dag.py:3239} INFO - Sync 1 DAGs
[2025-07-04T19:48:25.759+0000] {logging_mixin.py:190} INFO - [2025-07-04T19:48:25.759+0000] {dag.py:4180} INFO - Setting next_dagrun for extract_raw_data_pipeline to 2025-07-04 07:00:00+00:00, run_after=2025-07-05 07:00:00+00:00
[2025-07-04T19:48:25.780+0000] {processor.py:208} INFO - Processing /opt/airflow/dags/extract_raw_data_pipeline.py took 0.437 seconds
[2025-07-04T19:48:55.895+0000] {processor.py:186} INFO - Started process (PID=823) to work on /opt/airflow/dags/extract_raw_data_pipeline.py
[2025-07-04T19:48:55.896+0000] {processor.py:914} INFO - Processing file /opt/airflow/dags/extract_raw_data_pipeline.py for tasks to queue
[2025-07-04T19:48:55.900+0000] {logging_mixin.py:190} INFO - [2025-07-04T19:48:55.900+0000] {dagbag.py:588} INFO - Filling up the DagBag from /opt/airflow/dags/extract_raw_data_pipeline.py
[2025-07-04T19:48:56.179+0000] {processor.py:925} INFO - DAG(s) 'extract_raw_data_pipeline' retrieved from /opt/airflow/dags/extract_raw_data_pipeline.py
[2025-07-04T19:48:56.202+0000] {logging_mixin.py:190} INFO - [2025-07-04T19:48:56.202+0000] {dag.py:3239} INFO - Sync 1 DAGs
[2025-07-04T19:48:56.221+0000] {logging_mixin.py:190} INFO - [2025-07-04T19:48:56.220+0000] {dag.py:4180} INFO - Setting next_dagrun for extract_raw_data_pipeline to 2025-07-04 07:00:00+00:00, run_after=2025-07-05 07:00:00+00:00
[2025-07-04T19:48:56.242+0000] {processor.py:208} INFO - Processing /opt/airflow/dags/extract_raw_data_pipeline.py took 0.353 seconds
[2025-07-04T19:49:26.359+0000] {processor.py:186} INFO - Started process (PID=832) to work on /opt/airflow/dags/extract_raw_data_pipeline.py
[2025-07-04T19:49:26.360+0000] {processor.py:914} INFO - Processing file /opt/airflow/dags/extract_raw_data_pipeline.py for tasks to queue
[2025-07-04T19:49:26.364+0000] {logging_mixin.py:190} INFO - [2025-07-04T19:49:26.364+0000] {dagbag.py:588} INFO - Filling up the DagBag from /opt/airflow/dags/extract_raw_data_pipeline.py
[2025-07-04T19:49:26.683+0000] {processor.py:925} INFO - DAG(s) 'extract_raw_data_pipeline' retrieved from /opt/airflow/dags/extract_raw_data_pipeline.py
[2025-07-04T19:49:26.707+0000] {logging_mixin.py:190} INFO - [2025-07-04T19:49:26.706+0000] {dag.py:3239} INFO - Sync 1 DAGs
[2025-07-04T19:49:26.727+0000] {logging_mixin.py:190} INFO - [2025-07-04T19:49:26.727+0000] {dag.py:4180} INFO - Setting next_dagrun for extract_raw_data_pipeline to 2025-07-04 07:00:00+00:00, run_after=2025-07-05 07:00:00+00:00
[2025-07-04T19:49:26.752+0000] {processor.py:208} INFO - Processing /opt/airflow/dags/extract_raw_data_pipeline.py took 0.402 seconds
[2025-07-04T19:49:57.655+0000] {processor.py:186} INFO - Started process (PID=847) to work on /opt/airflow/dags/extract_raw_data_pipeline.py
[2025-07-04T19:49:57.656+0000] {processor.py:914} INFO - Processing file /opt/airflow/dags/extract_raw_data_pipeline.py for tasks to queue
[2025-07-04T19:49:57.659+0000] {logging_mixin.py:190} INFO - [2025-07-04T19:49:57.659+0000] {dagbag.py:588} INFO - Filling up the DagBag from /opt/airflow/dags/extract_raw_data_pipeline.py
[2025-07-04T19:49:58.254+0000] {processor.py:925} INFO - DAG(s) 'extract_raw_data_pipeline' retrieved from /opt/airflow/dags/extract_raw_data_pipeline.py
[2025-07-04T19:49:58.287+0000] {logging_mixin.py:190} INFO - [2025-07-04T19:49:58.287+0000] {dag.py:3239} INFO - Sync 1 DAGs
[2025-07-04T19:49:58.325+0000] {logging_mixin.py:190} INFO - [2025-07-04T19:49:58.325+0000] {dag.py:4180} INFO - Setting next_dagrun for extract_raw_data_pipeline to 2025-07-04 07:00:00+00:00, run_after=2025-07-05 07:00:00+00:00
[2025-07-04T19:49:58.381+0000] {processor.py:208} INFO - Processing /opt/airflow/dags/extract_raw_data_pipeline.py took 0.739 seconds
[2025-07-04T19:50:29.024+0000] {processor.py:186} INFO - Started process (PID=856) to work on /opt/airflow/dags/extract_raw_data_pipeline.py
[2025-07-04T19:50:29.025+0000] {processor.py:914} INFO - Processing file /opt/airflow/dags/extract_raw_data_pipeline.py for tasks to queue
[2025-07-04T19:50:29.028+0000] {logging_mixin.py:190} INFO - [2025-07-04T19:50:29.027+0000] {dagbag.py:588} INFO - Filling up the DagBag from /opt/airflow/dags/extract_raw_data_pipeline.py
[2025-07-04T19:50:29.303+0000] {processor.py:925} INFO - DAG(s) 'extract_raw_data_pipeline' retrieved from /opt/airflow/dags/extract_raw_data_pipeline.py
[2025-07-04T19:50:29.328+0000] {logging_mixin.py:190} INFO - [2025-07-04T19:50:29.327+0000] {dag.py:3239} INFO - Sync 1 DAGs
[2025-07-04T19:50:29.348+0000] {logging_mixin.py:190} INFO - [2025-07-04T19:50:29.348+0000] {dag.py:4180} INFO - Setting next_dagrun for extract_raw_data_pipeline to 2025-07-04 07:00:00+00:00, run_after=2025-07-05 07:00:00+00:00
[2025-07-04T19:50:29.367+0000] {processor.py:208} INFO - Processing /opt/airflow/dags/extract_raw_data_pipeline.py took 0.350 seconds
[2025-07-04T19:50:59.440+0000] {processor.py:186} INFO - Started process (PID=865) to work on /opt/airflow/dags/extract_raw_data_pipeline.py
[2025-07-04T19:50:59.441+0000] {processor.py:914} INFO - Processing file /opt/airflow/dags/extract_raw_data_pipeline.py for tasks to queue
[2025-07-04T19:50:59.444+0000] {logging_mixin.py:190} INFO - [2025-07-04T19:50:59.444+0000] {dagbag.py:588} INFO - Filling up the DagBag from /opt/airflow/dags/extract_raw_data_pipeline.py
[2025-07-04T19:50:59.727+0000] {processor.py:925} INFO - DAG(s) 'extract_raw_data_pipeline' retrieved from /opt/airflow/dags/extract_raw_data_pipeline.py
[2025-07-04T19:50:59.749+0000] {logging_mixin.py:190} INFO - [2025-07-04T19:50:59.749+0000] {dag.py:3239} INFO - Sync 1 DAGs
[2025-07-04T19:50:59.789+0000] {logging_mixin.py:190} INFO - [2025-07-04T19:50:59.789+0000] {dag.py:4180} INFO - Setting next_dagrun for extract_raw_data_pipeline to 2025-07-04 07:00:00+00:00, run_after=2025-07-05 07:00:00+00:00
[2025-07-04T19:50:59.835+0000] {processor.py:208} INFO - Processing /opt/airflow/dags/extract_raw_data_pipeline.py took 0.401 seconds
[2025-07-04T19:51:29.889+0000] {processor.py:186} INFO - Started process (PID=874) to work on /opt/airflow/dags/extract_raw_data_pipeline.py
[2025-07-04T19:51:29.890+0000] {processor.py:914} INFO - Processing file /opt/airflow/dags/extract_raw_data_pipeline.py for tasks to queue
[2025-07-04T19:51:29.894+0000] {logging_mixin.py:190} INFO - [2025-07-04T19:51:29.893+0000] {dagbag.py:588} INFO - Filling up the DagBag from /opt/airflow/dags/extract_raw_data_pipeline.py
[2025-07-04T19:51:30.255+0000] {processor.py:925} INFO - DAG(s) 'extract_raw_data_pipeline' retrieved from /opt/airflow/dags/extract_raw_data_pipeline.py
[2025-07-04T19:51:30.284+0000] {logging_mixin.py:190} INFO - [2025-07-04T19:51:30.283+0000] {dag.py:3239} INFO - Sync 1 DAGs
[2025-07-04T19:51:30.310+0000] {logging_mixin.py:190} INFO - [2025-07-04T19:51:30.310+0000] {dag.py:4180} INFO - Setting next_dagrun for extract_raw_data_pipeline to 2025-07-04 07:00:00+00:00, run_after=2025-07-05 07:00:00+00:00
[2025-07-04T19:51:30.337+0000] {processor.py:208} INFO - Processing /opt/airflow/dags/extract_raw_data_pipeline.py took 0.456 seconds
[2025-07-04T19:52:01.308+0000] {processor.py:186} INFO - Started process (PID=883) to work on /opt/airflow/dags/extract_raw_data_pipeline.py
[2025-07-04T19:52:01.309+0000] {processor.py:914} INFO - Processing file /opt/airflow/dags/extract_raw_data_pipeline.py for tasks to queue
[2025-07-04T19:52:01.312+0000] {logging_mixin.py:190} INFO - [2025-07-04T19:52:01.312+0000] {dagbag.py:588} INFO - Filling up the DagBag from /opt/airflow/dags/extract_raw_data_pipeline.py
[2025-07-04T19:52:01.602+0000] {processor.py:925} INFO - DAG(s) 'extract_raw_data_pipeline' retrieved from /opt/airflow/dags/extract_raw_data_pipeline.py
[2025-07-04T19:52:01.625+0000] {logging_mixin.py:190} INFO - [2025-07-04T19:52:01.625+0000] {dag.py:3239} INFO - Sync 1 DAGs
[2025-07-04T19:52:01.648+0000] {logging_mixin.py:190} INFO - [2025-07-04T19:52:01.648+0000] {dag.py:4180} INFO - Setting next_dagrun for extract_raw_data_pipeline to 2025-07-04 07:00:00+00:00, run_after=2025-07-05 07:00:00+00:00
[2025-07-04T19:52:01.672+0000] {processor.py:208} INFO - Processing /opt/airflow/dags/extract_raw_data_pipeline.py took 0.369 seconds
[2025-07-04T19:52:31.779+0000] {processor.py:186} INFO - Started process (PID=893) to work on /opt/airflow/dags/extract_raw_data_pipeline.py
[2025-07-04T19:52:31.780+0000] {processor.py:914} INFO - Processing file /opt/airflow/dags/extract_raw_data_pipeline.py for tasks to queue
[2025-07-04T19:52:31.783+0000] {logging_mixin.py:190} INFO - [2025-07-04T19:52:31.783+0000] {dagbag.py:588} INFO - Filling up the DagBag from /opt/airflow/dags/extract_raw_data_pipeline.py
[2025-07-04T19:52:32.047+0000] {processor.py:925} INFO - DAG(s) 'extract_raw_data_pipeline' retrieved from /opt/airflow/dags/extract_raw_data_pipeline.py
[2025-07-04T19:52:32.070+0000] {logging_mixin.py:190} INFO - [2025-07-04T19:52:32.070+0000] {dag.py:3239} INFO - Sync 1 DAGs
[2025-07-04T19:52:32.091+0000] {logging_mixin.py:190} INFO - [2025-07-04T19:52:32.091+0000] {dag.py:4180} INFO - Setting next_dagrun for extract_raw_data_pipeline to 2025-07-04 07:00:00+00:00, run_after=2025-07-05 07:00:00+00:00
[2025-07-04T19:52:32.113+0000] {processor.py:208} INFO - Processing /opt/airflow/dags/extract_raw_data_pipeline.py took 0.339 seconds
[2025-07-04T19:53:02.207+0000] {processor.py:186} INFO - Started process (PID=902) to work on /opt/airflow/dags/extract_raw_data_pipeline.py
[2025-07-04T19:53:02.214+0000] {processor.py:914} INFO - Processing file /opt/airflow/dags/extract_raw_data_pipeline.py for tasks to queue
[2025-07-04T19:53:02.219+0000] {logging_mixin.py:190} INFO - [2025-07-04T19:53:02.218+0000] {dagbag.py:588} INFO - Filling up the DagBag from /opt/airflow/dags/extract_raw_data_pipeline.py
[2025-07-04T19:53:02.590+0000] {processor.py:925} INFO - DAG(s) 'extract_raw_data_pipeline' retrieved from /opt/airflow/dags/extract_raw_data_pipeline.py
[2025-07-04T19:53:02.616+0000] {logging_mixin.py:190} INFO - [2025-07-04T19:53:02.616+0000] {dag.py:3239} INFO - Sync 1 DAGs
[2025-07-04T19:53:02.641+0000] {logging_mixin.py:190} INFO - [2025-07-04T19:53:02.641+0000] {dag.py:4180} INFO - Setting next_dagrun for extract_raw_data_pipeline to 2025-07-04 07:00:00+00:00, run_after=2025-07-05 07:00:00+00:00
[2025-07-04T19:53:02.664+0000] {processor.py:208} INFO - Processing /opt/airflow/dags/extract_raw_data_pipeline.py took 0.468 seconds
[2025-07-04T19:53:32.833+0000] {processor.py:186} INFO - Started process (PID=911) to work on /opt/airflow/dags/extract_raw_data_pipeline.py
[2025-07-04T19:53:32.834+0000] {processor.py:914} INFO - Processing file /opt/airflow/dags/extract_raw_data_pipeline.py for tasks to queue
[2025-07-04T19:53:32.838+0000] {logging_mixin.py:190} INFO - [2025-07-04T19:53:32.838+0000] {dagbag.py:588} INFO - Filling up the DagBag from /opt/airflow/dags/extract_raw_data_pipeline.py
[2025-07-04T19:53:33.198+0000] {processor.py:925} INFO - DAG(s) 'extract_raw_data_pipeline' retrieved from /opt/airflow/dags/extract_raw_data_pipeline.py
[2025-07-04T19:53:33.232+0000] {logging_mixin.py:190} INFO - [2025-07-04T19:53:33.231+0000] {dag.py:3239} INFO - Sync 1 DAGs
[2025-07-04T19:53:33.269+0000] {logging_mixin.py:190} INFO - [2025-07-04T19:53:33.269+0000] {dag.py:4180} INFO - Setting next_dagrun for extract_raw_data_pipeline to 2025-07-04 07:00:00+00:00, run_after=2025-07-05 07:00:00+00:00
[2025-07-04T19:53:33.287+0000] {processor.py:208} INFO - Processing /opt/airflow/dags/extract_raw_data_pipeline.py took 0.461 seconds
[2025-07-04T19:54:04.214+0000] {processor.py:186} INFO - Started process (PID=920) to work on /opt/airflow/dags/extract_raw_data_pipeline.py
[2025-07-04T19:54:04.216+0000] {processor.py:914} INFO - Processing file /opt/airflow/dags/extract_raw_data_pipeline.py for tasks to queue
[2025-07-04T19:54:04.220+0000] {logging_mixin.py:190} INFO - [2025-07-04T19:54:04.219+0000] {dagbag.py:588} INFO - Filling up the DagBag from /opt/airflow/dags/extract_raw_data_pipeline.py
[2025-07-04T19:54:04.532+0000] {processor.py:925} INFO - DAG(s) 'extract_raw_data_pipeline' retrieved from /opt/airflow/dags/extract_raw_data_pipeline.py
[2025-07-04T19:54:04.560+0000] {logging_mixin.py:190} INFO - [2025-07-04T19:54:04.560+0000] {dag.py:3239} INFO - Sync 1 DAGs
[2025-07-04T19:54:04.585+0000] {logging_mixin.py:190} INFO - [2025-07-04T19:54:04.585+0000] {dag.py:4180} INFO - Setting next_dagrun for extract_raw_data_pipeline to 2025-07-04 07:00:00+00:00, run_after=2025-07-05 07:00:00+00:00
[2025-07-04T19:54:04.606+0000] {processor.py:208} INFO - Processing /opt/airflow/dags/extract_raw_data_pipeline.py took 0.398 seconds
[2025-07-04T19:54:34.790+0000] {processor.py:186} INFO - Started process (PID=929) to work on /opt/airflow/dags/extract_raw_data_pipeline.py
[2025-07-04T19:54:34.792+0000] {processor.py:914} INFO - Processing file /opt/airflow/dags/extract_raw_data_pipeline.py for tasks to queue
[2025-07-04T19:54:34.796+0000] {logging_mixin.py:190} INFO - [2025-07-04T19:54:34.795+0000] {dagbag.py:588} INFO - Filling up the DagBag from /opt/airflow/dags/extract_raw_data_pipeline.py
[2025-07-04T19:54:35.154+0000] {processor.py:925} INFO - DAG(s) 'extract_raw_data_pipeline' retrieved from /opt/airflow/dags/extract_raw_data_pipeline.py
[2025-07-04T19:54:35.179+0000] {logging_mixin.py:190} INFO - [2025-07-04T19:54:35.179+0000] {dag.py:3239} INFO - Sync 1 DAGs
[2025-07-04T19:54:35.198+0000] {logging_mixin.py:190} INFO - [2025-07-04T19:54:35.198+0000] {dag.py:4180} INFO - Setting next_dagrun for extract_raw_data_pipeline to 2025-07-04 07:00:00+00:00, run_after=2025-07-05 07:00:00+00:00
[2025-07-04T19:54:35.218+0000] {processor.py:208} INFO - Processing /opt/airflow/dags/extract_raw_data_pipeline.py took 0.438 seconds
[2025-07-04T19:55:05.311+0000] {processor.py:186} INFO - Started process (PID=938) to work on /opt/airflow/dags/extract_raw_data_pipeline.py
[2025-07-04T19:55:05.312+0000] {processor.py:914} INFO - Processing file /opt/airflow/dags/extract_raw_data_pipeline.py for tasks to queue
[2025-07-04T19:55:05.315+0000] {logging_mixin.py:190} INFO - [2025-07-04T19:55:05.314+0000] {dagbag.py:588} INFO - Filling up the DagBag from /opt/airflow/dags/extract_raw_data_pipeline.py
[2025-07-04T19:55:05.664+0000] {processor.py:925} INFO - DAG(s) 'extract_raw_data_pipeline' retrieved from /opt/airflow/dags/extract_raw_data_pipeline.py
[2025-07-04T19:55:05.695+0000] {logging_mixin.py:190} INFO - [2025-07-04T19:55:05.695+0000] {dag.py:3239} INFO - Sync 1 DAGs
[2025-07-04T19:55:05.724+0000] {logging_mixin.py:190} INFO - [2025-07-04T19:55:05.723+0000] {dag.py:4180} INFO - Setting next_dagrun for extract_raw_data_pipeline to 2025-07-04 07:00:00+00:00, run_after=2025-07-05 07:00:00+00:00
[2025-07-04T19:55:05.755+0000] {processor.py:208} INFO - Processing /opt/airflow/dags/extract_raw_data_pipeline.py took 0.452 seconds
[2025-07-04T19:55:36.658+0000] {processor.py:186} INFO - Started process (PID=947) to work on /opt/airflow/dags/extract_raw_data_pipeline.py
[2025-07-04T19:55:36.659+0000] {processor.py:914} INFO - Processing file /opt/airflow/dags/extract_raw_data_pipeline.py for tasks to queue
[2025-07-04T19:55:36.662+0000] {logging_mixin.py:190} INFO - [2025-07-04T19:55:36.661+0000] {dagbag.py:588} INFO - Filling up the DagBag from /opt/airflow/dags/extract_raw_data_pipeline.py
[2025-07-04T19:55:37.014+0000] {processor.py:925} INFO - DAG(s) 'extract_raw_data_pipeline' retrieved from /opt/airflow/dags/extract_raw_data_pipeline.py
[2025-07-04T19:55:37.063+0000] {logging_mixin.py:190} INFO - [2025-07-04T19:55:37.062+0000] {dag.py:3239} INFO - Sync 1 DAGs
[2025-07-04T19:55:37.108+0000] {logging_mixin.py:190} INFO - [2025-07-04T19:55:37.107+0000] {dag.py:4180} INFO - Setting next_dagrun for extract_raw_data_pipeline to 2025-07-04 07:00:00+00:00, run_after=2025-07-05 07:00:00+00:00
[2025-07-04T19:55:37.146+0000] {processor.py:208} INFO - Processing /opt/airflow/dags/extract_raw_data_pipeline.py took 0.495 seconds
[2025-07-04T19:56:07.212+0000] {processor.py:186} INFO - Started process (PID=956) to work on /opt/airflow/dags/extract_raw_data_pipeline.py
[2025-07-04T19:56:07.214+0000] {processor.py:914} INFO - Processing file /opt/airflow/dags/extract_raw_data_pipeline.py for tasks to queue
[2025-07-04T19:56:07.218+0000] {logging_mixin.py:190} INFO - [2025-07-04T19:56:07.217+0000] {dagbag.py:588} INFO - Filling up the DagBag from /opt/airflow/dags/extract_raw_data_pipeline.py
[2025-07-04T19:56:07.522+0000] {processor.py:925} INFO - DAG(s) 'extract_raw_data_pipeline' retrieved from /opt/airflow/dags/extract_raw_data_pipeline.py
[2025-07-04T19:56:07.549+0000] {logging_mixin.py:190} INFO - [2025-07-04T19:56:07.549+0000] {dag.py:3239} INFO - Sync 1 DAGs
[2025-07-04T19:56:07.570+0000] {logging_mixin.py:190} INFO - [2025-07-04T19:56:07.570+0000] {dag.py:4180} INFO - Setting next_dagrun for extract_raw_data_pipeline to 2025-07-04 07:00:00+00:00, run_after=2025-07-05 07:00:00+00:00
[2025-07-04T19:56:07.596+0000] {processor.py:208} INFO - Processing /opt/airflow/dags/extract_raw_data_pipeline.py took 0.392 seconds
[2025-07-04T19:56:37.644+0000] {processor.py:186} INFO - Started process (PID=965) to work on /opt/airflow/dags/extract_raw_data_pipeline.py
[2025-07-04T19:56:37.645+0000] {processor.py:914} INFO - Processing file /opt/airflow/dags/extract_raw_data_pipeline.py for tasks to queue
[2025-07-04T19:56:37.649+0000] {logging_mixin.py:190} INFO - [2025-07-04T19:56:37.648+0000] {dagbag.py:588} INFO - Filling up the DagBag from /opt/airflow/dags/extract_raw_data_pipeline.py
[2025-07-04T19:56:37.948+0000] {processor.py:925} INFO - DAG(s) 'extract_raw_data_pipeline' retrieved from /opt/airflow/dags/extract_raw_data_pipeline.py
[2025-07-04T19:56:37.974+0000] {logging_mixin.py:190} INFO - [2025-07-04T19:56:37.973+0000] {dag.py:3239} INFO - Sync 1 DAGs
[2025-07-04T19:56:37.993+0000] {logging_mixin.py:190} INFO - [2025-07-04T19:56:37.992+0000] {dag.py:4180} INFO - Setting next_dagrun for extract_raw_data_pipeline to 2025-07-04 07:00:00+00:00, run_after=2025-07-05 07:00:00+00:00
[2025-07-04T19:56:38.013+0000] {processor.py:208} INFO - Processing /opt/airflow/dags/extract_raw_data_pipeline.py took 0.376 seconds
[2025-07-04T19:57:08.379+0000] {processor.py:186} INFO - Started process (PID=974) to work on /opt/airflow/dags/extract_raw_data_pipeline.py
[2025-07-04T19:57:08.380+0000] {processor.py:914} INFO - Processing file /opt/airflow/dags/extract_raw_data_pipeline.py for tasks to queue
[2025-07-04T19:57:08.384+0000] {logging_mixin.py:190} INFO - [2025-07-04T19:57:08.383+0000] {dagbag.py:588} INFO - Filling up the DagBag from /opt/airflow/dags/extract_raw_data_pipeline.py
[2025-07-04T19:57:08.698+0000] {processor.py:925} INFO - DAG(s) 'extract_raw_data_pipeline' retrieved from /opt/airflow/dags/extract_raw_data_pipeline.py
[2025-07-04T19:57:08.731+0000] {logging_mixin.py:190} INFO - [2025-07-04T19:57:08.731+0000] {dag.py:3239} INFO - Sync 1 DAGs
[2025-07-04T19:57:08.761+0000] {logging_mixin.py:190} INFO - [2025-07-04T19:57:08.760+0000] {dag.py:4180} INFO - Setting next_dagrun for extract_raw_data_pipeline to 2025-07-04 07:00:00+00:00, run_after=2025-07-05 07:00:00+00:00
[2025-07-04T19:57:08.787+0000] {processor.py:208} INFO - Processing /opt/airflow/dags/extract_raw_data_pipeline.py took 0.417 seconds
[2025-07-04T19:57:38.885+0000] {processor.py:186} INFO - Started process (PID=983) to work on /opt/airflow/dags/extract_raw_data_pipeline.py
[2025-07-04T19:57:38.886+0000] {processor.py:914} INFO - Processing file /opt/airflow/dags/extract_raw_data_pipeline.py for tasks to queue
[2025-07-04T19:57:38.889+0000] {logging_mixin.py:190} INFO - [2025-07-04T19:57:38.889+0000] {dagbag.py:588} INFO - Filling up the DagBag from /opt/airflow/dags/extract_raw_data_pipeline.py
[2025-07-04T19:57:39.271+0000] {processor.py:925} INFO - DAG(s) 'extract_raw_data_pipeline' retrieved from /opt/airflow/dags/extract_raw_data_pipeline.py
[2025-07-04T19:57:39.302+0000] {logging_mixin.py:190} INFO - [2025-07-04T19:57:39.301+0000] {dag.py:3239} INFO - Sync 1 DAGs
[2025-07-04T19:57:39.332+0000] {logging_mixin.py:190} INFO - [2025-07-04T19:57:39.332+0000] {dag.py:4180} INFO - Setting next_dagrun for extract_raw_data_pipeline to 2025-07-04 07:00:00+00:00, run_after=2025-07-05 07:00:00+00:00
[2025-07-04T19:57:39.367+0000] {processor.py:208} INFO - Processing /opt/airflow/dags/extract_raw_data_pipeline.py took 0.489 seconds
[2025-07-04T19:58:10.239+0000] {processor.py:186} INFO - Started process (PID=992) to work on /opt/airflow/dags/extract_raw_data_pipeline.py
[2025-07-04T19:58:10.240+0000] {processor.py:914} INFO - Processing file /opt/airflow/dags/extract_raw_data_pipeline.py for tasks to queue
[2025-07-04T19:58:10.243+0000] {logging_mixin.py:190} INFO - [2025-07-04T19:58:10.243+0000] {dagbag.py:588} INFO - Filling up the DagBag from /opt/airflow/dags/extract_raw_data_pipeline.py
[2025-07-04T19:58:10.510+0000] {processor.py:925} INFO - DAG(s) 'extract_raw_data_pipeline' retrieved from /opt/airflow/dags/extract_raw_data_pipeline.py
[2025-07-04T19:58:10.532+0000] {logging_mixin.py:190} INFO - [2025-07-04T19:58:10.532+0000] {dag.py:3239} INFO - Sync 1 DAGs
[2025-07-04T19:58:10.554+0000] {logging_mixin.py:190} INFO - [2025-07-04T19:58:10.554+0000] {dag.py:4180} INFO - Setting next_dagrun for extract_raw_data_pipeline to 2025-07-04 07:00:00+00:00, run_after=2025-07-05 07:00:00+00:00
[2025-07-04T19:58:10.575+0000] {processor.py:208} INFO - Processing /opt/airflow/dags/extract_raw_data_pipeline.py took 0.342 seconds
[2025-07-04T19:58:41.534+0000] {processor.py:186} INFO - Started process (PID=1002) to work on /opt/airflow/dags/extract_raw_data_pipeline.py
[2025-07-04T19:58:41.536+0000] {processor.py:914} INFO - Processing file /opt/airflow/dags/extract_raw_data_pipeline.py for tasks to queue
[2025-07-04T19:58:41.546+0000] {logging_mixin.py:190} INFO - [2025-07-04T19:58:41.545+0000] {dagbag.py:588} INFO - Filling up the DagBag from /opt/airflow/dags/extract_raw_data_pipeline.py
[2025-07-04T19:58:43.747+0000] {processor.py:925} INFO - DAG(s) 'extract_raw_data_pipeline' retrieved from /opt/airflow/dags/extract_raw_data_pipeline.py
[2025-07-04T19:58:43.816+0000] {logging_mixin.py:190} INFO - [2025-07-04T19:58:43.815+0000] {dag.py:3239} INFO - Sync 1 DAGs
[2025-07-04T19:58:43.906+0000] {logging_mixin.py:190} INFO - [2025-07-04T19:58:43.905+0000] {dag.py:4180} INFO - Setting next_dagrun for extract_raw_data_pipeline to 2025-07-04 07:00:00+00:00, run_after=2025-07-05 07:00:00+00:00
[2025-07-04T19:58:43.947+0000] {processor.py:208} INFO - Processing /opt/airflow/dags/extract_raw_data_pipeline.py took 2.440 seconds
[2025-07-04T19:59:14.061+0000] {processor.py:186} INFO - Started process (PID=1011) to work on /opt/airflow/dags/extract_raw_data_pipeline.py
[2025-07-04T19:59:14.064+0000] {processor.py:914} INFO - Processing file /opt/airflow/dags/extract_raw_data_pipeline.py for tasks to queue
[2025-07-04T19:59:14.083+0000] {logging_mixin.py:190} INFO - [2025-07-04T19:59:14.082+0000] {dagbag.py:588} INFO - Filling up the DagBag from /opt/airflow/dags/extract_raw_data_pipeline.py
[2025-07-04T19:59:14.625+0000] {processor.py:925} INFO - DAG(s) 'extract_raw_data_pipeline' retrieved from /opt/airflow/dags/extract_raw_data_pipeline.py
[2025-07-04T19:59:14.677+0000] {logging_mixin.py:190} INFO - [2025-07-04T19:59:14.677+0000] {dag.py:3239} INFO - Sync 1 DAGs
[2025-07-04T19:59:14.733+0000] {logging_mixin.py:190} INFO - [2025-07-04T19:59:14.733+0000] {dag.py:4180} INFO - Setting next_dagrun for extract_raw_data_pipeline to 2025-07-04 07:00:00+00:00, run_after=2025-07-05 07:00:00+00:00
[2025-07-04T19:59:14.791+0000] {processor.py:208} INFO - Processing /opt/airflow/dags/extract_raw_data_pipeline.py took 0.738 seconds
[2025-07-04T19:59:45.416+0000] {processor.py:186} INFO - Started process (PID=1020) to work on /opt/airflow/dags/extract_raw_data_pipeline.py
[2025-07-04T19:59:45.417+0000] {processor.py:914} INFO - Processing file /opt/airflow/dags/extract_raw_data_pipeline.py for tasks to queue
[2025-07-04T19:59:45.421+0000] {logging_mixin.py:190} INFO - [2025-07-04T19:59:45.421+0000] {dagbag.py:588} INFO - Filling up the DagBag from /opt/airflow/dags/extract_raw_data_pipeline.py
[2025-07-04T19:59:45.997+0000] {processor.py:925} INFO - DAG(s) 'extract_raw_data_pipeline' retrieved from /opt/airflow/dags/extract_raw_data_pipeline.py
[2025-07-04T19:59:46.018+0000] {logging_mixin.py:190} INFO - [2025-07-04T19:59:46.018+0000] {dag.py:3239} INFO - Sync 1 DAGs
[2025-07-04T19:59:46.039+0000] {logging_mixin.py:190} INFO - [2025-07-04T19:59:46.038+0000] {dag.py:4180} INFO - Setting next_dagrun for extract_raw_data_pipeline to 2025-07-04 07:00:00+00:00, run_after=2025-07-05 07:00:00+00:00
[2025-07-04T19:59:46.056+0000] {processor.py:208} INFO - Processing /opt/airflow/dags/extract_raw_data_pipeline.py took 0.649 seconds
[2025-07-04T20:01:25.456+0000] {processor.py:186} INFO - Started process (PID=88) to work on /opt/airflow/dags/extract_raw_data_pipeline.py
[2025-07-04T20:01:25.463+0000] {processor.py:914} INFO - Processing file /opt/airflow/dags/extract_raw_data_pipeline.py for tasks to queue
[2025-07-04T20:01:25.468+0000] {logging_mixin.py:190} INFO - [2025-07-04T20:01:25.467+0000] {dagbag.py:588} INFO - Filling up the DagBag from /opt/airflow/dags/extract_raw_data_pipeline.py
[2025-07-04T20:01:34.313+0000] {processor.py:925} INFO - DAG(s) 'extract_raw_data_pipeline' retrieved from /opt/airflow/dags/extract_raw_data_pipeline.py
[2025-07-04T20:01:34.413+0000] {logging_mixin.py:190} INFO - [2025-07-04T20:01:34.413+0000] {dag.py:3239} INFO - Sync 1 DAGs
[2025-07-04T20:01:34.468+0000] {logging_mixin.py:190} INFO - [2025-07-04T20:01:34.467+0000] {dag.py:4180} INFO - Setting next_dagrun for extract_raw_data_pipeline to 2025-07-04 07:00:00+00:00, run_after=2025-07-05 07:00:00+00:00
[2025-07-04T20:01:34.517+0000] {processor.py:208} INFO - Processing /opt/airflow/dags/extract_raw_data_pipeline.py took 9.074 seconds
[2025-07-04T20:02:04.743+0000] {processor.py:186} INFO - Started process (PID=96) to work on /opt/airflow/dags/extract_raw_data_pipeline.py
[2025-07-04T20:02:04.749+0000] {processor.py:914} INFO - Processing file /opt/airflow/dags/extract_raw_data_pipeline.py for tasks to queue
[2025-07-04T20:02:04.761+0000] {logging_mixin.py:190} INFO - [2025-07-04T20:02:04.760+0000] {dagbag.py:588} INFO - Filling up the DagBag from /opt/airflow/dags/extract_raw_data_pipeline.py
[2025-07-04T20:02:12.692+0000] {processor.py:925} INFO - DAG(s) 'extract_raw_data_pipeline' retrieved from /opt/airflow/dags/extract_raw_data_pipeline.py
[2025-07-04T20:02:12.755+0000] {logging_mixin.py:190} INFO - [2025-07-04T20:02:12.754+0000] {dag.py:3239} INFO - Sync 1 DAGs
[2025-07-04T20:02:12.818+0000] {logging_mixin.py:190} INFO - [2025-07-04T20:02:12.817+0000] {dag.py:4180} INFO - Setting next_dagrun for extract_raw_data_pipeline to 2025-07-04 07:00:00+00:00, run_after=2025-07-05 07:00:00+00:00
[2025-07-04T20:02:12.883+0000] {processor.py:208} INFO - Processing /opt/airflow/dags/extract_raw_data_pipeline.py took 8.168 seconds
[2025-07-04T20:02:43.500+0000] {processor.py:186} INFO - Started process (PID=106) to work on /opt/airflow/dags/extract_raw_data_pipeline.py
[2025-07-04T20:02:43.502+0000] {processor.py:914} INFO - Processing file /opt/airflow/dags/extract_raw_data_pipeline.py for tasks to queue
[2025-07-04T20:02:43.510+0000] {logging_mixin.py:190} INFO - [2025-07-04T20:02:43.509+0000] {dagbag.py:588} INFO - Filling up the DagBag from /opt/airflow/dags/extract_raw_data_pipeline.py
[2025-07-04T20:02:46.016+0000] {processor.py:925} INFO - DAG(s) 'extract_raw_data_pipeline' retrieved from /opt/airflow/dags/extract_raw_data_pipeline.py
[2025-07-04T20:02:46.043+0000] {logging_mixin.py:190} INFO - [2025-07-04T20:02:46.042+0000] {dag.py:3239} INFO - Sync 1 DAGs
[2025-07-04T20:02:46.097+0000] {logging_mixin.py:190} INFO - [2025-07-04T20:02:46.097+0000] {dag.py:4180} INFO - Setting next_dagrun for extract_raw_data_pipeline to 2025-07-04 07:00:00+00:00, run_after=2025-07-05 07:00:00+00:00
[2025-07-04T20:02:46.165+0000] {processor.py:208} INFO - Processing /opt/airflow/dags/extract_raw_data_pipeline.py took 2.683 seconds
[2025-07-04T20:03:16.459+0000] {processor.py:186} INFO - Started process (PID=114) to work on /opt/airflow/dags/extract_raw_data_pipeline.py
[2025-07-04T20:03:16.460+0000] {processor.py:914} INFO - Processing file /opt/airflow/dags/extract_raw_data_pipeline.py for tasks to queue
[2025-07-04T20:03:16.462+0000] {logging_mixin.py:190} INFO - [2025-07-04T20:03:16.462+0000] {dagbag.py:588} INFO - Filling up the DagBag from /opt/airflow/dags/extract_raw_data_pipeline.py
[2025-07-04T20:03:16.978+0000] {processor.py:925} INFO - DAG(s) 'extract_raw_data_pipeline' retrieved from /opt/airflow/dags/extract_raw_data_pipeline.py
[2025-07-04T20:03:17.011+0000] {logging_mixin.py:190} INFO - [2025-07-04T20:03:17.011+0000] {dag.py:3239} INFO - Sync 1 DAGs
[2025-07-04T20:03:17.040+0000] {logging_mixin.py:190} INFO - [2025-07-04T20:03:17.039+0000] {dag.py:4180} INFO - Setting next_dagrun for extract_raw_data_pipeline to 2025-07-04 07:00:00+00:00, run_after=2025-07-05 07:00:00+00:00
[2025-07-04T20:03:17.070+0000] {processor.py:208} INFO - Processing /opt/airflow/dags/extract_raw_data_pipeline.py took 0.618 seconds
[2025-07-04T20:03:47.271+0000] {processor.py:186} INFO - Started process (PID=123) to work on /opt/airflow/dags/extract_raw_data_pipeline.py
[2025-07-04T20:03:47.273+0000] {processor.py:914} INFO - Processing file /opt/airflow/dags/extract_raw_data_pipeline.py for tasks to queue
[2025-07-04T20:03:47.276+0000] {logging_mixin.py:190} INFO - [2025-07-04T20:03:47.276+0000] {dagbag.py:588} INFO - Filling up the DagBag from /opt/airflow/dags/extract_raw_data_pipeline.py
[2025-07-04T20:03:48.393+0000] {processor.py:925} INFO - DAG(s) 'extract_raw_data_pipeline' retrieved from /opt/airflow/dags/extract_raw_data_pipeline.py
[2025-07-04T20:03:48.432+0000] {logging_mixin.py:190} INFO - [2025-07-04T20:03:48.432+0000] {dag.py:3239} INFO - Sync 1 DAGs
[2025-07-04T20:03:48.465+0000] {logging_mixin.py:190} INFO - [2025-07-04T20:03:48.465+0000] {dag.py:4180} INFO - Setting next_dagrun for extract_raw_data_pipeline to 2025-07-04 07:00:00+00:00, run_after=2025-07-05 07:00:00+00:00
[2025-07-04T20:03:48.504+0000] {processor.py:208} INFO - Processing /opt/airflow/dags/extract_raw_data_pipeline.py took 1.241 seconds
[2025-07-04T20:04:18.627+0000] {processor.py:186} INFO - Started process (PID=132) to work on /opt/airflow/dags/extract_raw_data_pipeline.py
[2025-07-04T20:04:18.629+0000] {processor.py:914} INFO - Processing file /opt/airflow/dags/extract_raw_data_pipeline.py for tasks to queue
[2025-07-04T20:04:18.632+0000] {logging_mixin.py:190} INFO - [2025-07-04T20:04:18.631+0000] {dagbag.py:588} INFO - Filling up the DagBag from /opt/airflow/dags/extract_raw_data_pipeline.py
[2025-07-04T20:04:19.200+0000] {processor.py:925} INFO - DAG(s) 'extract_raw_data_pipeline' retrieved from /opt/airflow/dags/extract_raw_data_pipeline.py
[2025-07-04T20:04:19.225+0000] {logging_mixin.py:190} INFO - [2025-07-04T20:04:19.225+0000] {dag.py:3239} INFO - Sync 1 DAGs
[2025-07-04T20:04:19.251+0000] {logging_mixin.py:190} INFO - [2025-07-04T20:04:19.250+0000] {dag.py:4180} INFO - Setting next_dagrun for extract_raw_data_pipeline to 2025-07-04 07:00:00+00:00, run_after=2025-07-05 07:00:00+00:00
[2025-07-04T20:04:19.287+0000] {processor.py:208} INFO - Processing /opt/airflow/dags/extract_raw_data_pipeline.py took 0.669 seconds
[2025-07-04T20:04:50.091+0000] {processor.py:186} INFO - Started process (PID=147) to work on /opt/airflow/dags/extract_raw_data_pipeline.py
[2025-07-04T20:04:50.092+0000] {processor.py:914} INFO - Processing file /opt/airflow/dags/extract_raw_data_pipeline.py for tasks to queue
[2025-07-04T20:04:50.095+0000] {logging_mixin.py:190} INFO - [2025-07-04T20:04:50.094+0000] {dagbag.py:588} INFO - Filling up the DagBag from /opt/airflow/dags/extract_raw_data_pipeline.py
[2025-07-04T20:04:50.554+0000] {processor.py:925} INFO - DAG(s) 'extract_raw_data_pipeline' retrieved from /opt/airflow/dags/extract_raw_data_pipeline.py
[2025-07-04T20:04:50.573+0000] {logging_mixin.py:190} INFO - [2025-07-04T20:04:50.573+0000] {dag.py:3239} INFO - Sync 1 DAGs
[2025-07-04T20:04:50.591+0000] {logging_mixin.py:190} INFO - [2025-07-04T20:04:50.591+0000] {dag.py:4180} INFO - Setting next_dagrun for extract_raw_data_pipeline to 2025-07-04 07:00:00+00:00, run_after=2025-07-05 07:00:00+00:00
[2025-07-04T20:04:50.610+0000] {processor.py:208} INFO - Processing /opt/airflow/dags/extract_raw_data_pipeline.py took 0.526 seconds
[2025-07-04T20:05:20.672+0000] {processor.py:186} INFO - Started process (PID=156) to work on /opt/airflow/dags/extract_raw_data_pipeline.py
[2025-07-04T20:05:20.673+0000] {processor.py:914} INFO - Processing file /opt/airflow/dags/extract_raw_data_pipeline.py for tasks to queue
[2025-07-04T20:05:20.676+0000] {logging_mixin.py:190} INFO - [2025-07-04T20:05:20.676+0000] {dagbag.py:588} INFO - Filling up the DagBag from /opt/airflow/dags/extract_raw_data_pipeline.py
[2025-07-04T20:05:21.196+0000] {processor.py:925} INFO - DAG(s) 'extract_raw_data_pipeline' retrieved from /opt/airflow/dags/extract_raw_data_pipeline.py
[2025-07-04T20:05:21.220+0000] {logging_mixin.py:190} INFO - [2025-07-04T20:05:21.218+0000] {dag.py:3239} INFO - Sync 1 DAGs
[2025-07-04T20:05:21.242+0000] {logging_mixin.py:190} INFO - [2025-07-04T20:05:21.242+0000] {dag.py:4180} INFO - Setting next_dagrun for extract_raw_data_pipeline to 2025-07-04 07:00:00+00:00, run_after=2025-07-05 07:00:00+00:00
[2025-07-04T20:05:21.264+0000] {processor.py:208} INFO - Processing /opt/airflow/dags/extract_raw_data_pipeline.py took 0.598 seconds
[2025-07-04T20:05:51.437+0000] {processor.py:186} INFO - Started process (PID=164) to work on /opt/airflow/dags/extract_raw_data_pipeline.py
[2025-07-04T20:05:51.438+0000] {processor.py:914} INFO - Processing file /opt/airflow/dags/extract_raw_data_pipeline.py for tasks to queue
[2025-07-04T20:05:51.443+0000] {logging_mixin.py:190} INFO - [2025-07-04T20:05:51.442+0000] {dagbag.py:588} INFO - Filling up the DagBag from /opt/airflow/dags/extract_raw_data_pipeline.py
[2025-07-04T20:05:52.275+0000] {processor.py:925} INFO - DAG(s) 'extract_raw_data_pipeline' retrieved from /opt/airflow/dags/extract_raw_data_pipeline.py
[2025-07-04T20:05:52.305+0000] {logging_mixin.py:190} INFO - [2025-07-04T20:05:52.305+0000] {dag.py:3239} INFO - Sync 1 DAGs
[2025-07-04T20:05:52.332+0000] {logging_mixin.py:190} INFO - [2025-07-04T20:05:52.331+0000] {dag.py:4180} INFO - Setting next_dagrun for extract_raw_data_pipeline to 2025-07-04 07:00:00+00:00, run_after=2025-07-05 07:00:00+00:00
[2025-07-04T20:05:52.352+0000] {processor.py:208} INFO - Processing /opt/airflow/dags/extract_raw_data_pipeline.py took 0.926 seconds
[2025-07-04T20:06:23.352+0000] {processor.py:186} INFO - Started process (PID=173) to work on /opt/airflow/dags/extract_raw_data_pipeline.py
[2025-07-04T20:06:23.353+0000] {processor.py:914} INFO - Processing file /opt/airflow/dags/extract_raw_data_pipeline.py for tasks to queue
[2025-07-04T20:06:23.360+0000] {logging_mixin.py:190} INFO - [2025-07-04T20:06:23.359+0000] {dagbag.py:588} INFO - Filling up the DagBag from /opt/airflow/dags/extract_raw_data_pipeline.py
[2025-07-04T20:06:23.916+0000] {processor.py:925} INFO - DAG(s) 'extract_raw_data_pipeline' retrieved from /opt/airflow/dags/extract_raw_data_pipeline.py
[2025-07-04T20:06:23.941+0000] {logging_mixin.py:190} INFO - [2025-07-04T20:06:23.940+0000] {dag.py:3239} INFO - Sync 1 DAGs
[2025-07-04T20:06:23.959+0000] {logging_mixin.py:190} INFO - [2025-07-04T20:06:23.959+0000] {dag.py:4180} INFO - Setting next_dagrun for extract_raw_data_pipeline to 2025-07-04 07:00:00+00:00, run_after=2025-07-05 07:00:00+00:00
[2025-07-04T20:06:23.977+0000] {processor.py:208} INFO - Processing /opt/airflow/dags/extract_raw_data_pipeline.py took 0.631 seconds
[2025-07-04T20:06:54.035+0000] {processor.py:186} INFO - Started process (PID=181) to work on /opt/airflow/dags/extract_raw_data_pipeline.py
[2025-07-04T20:06:54.036+0000] {processor.py:914} INFO - Processing file /opt/airflow/dags/extract_raw_data_pipeline.py for tasks to queue
[2025-07-04T20:06:54.038+0000] {logging_mixin.py:190} INFO - [2025-07-04T20:06:54.038+0000] {dagbag.py:588} INFO - Filling up the DagBag from /opt/airflow/dags/extract_raw_data_pipeline.py
[2025-07-04T20:06:54.425+0000] {processor.py:925} INFO - DAG(s) 'extract_raw_data_pipeline' retrieved from /opt/airflow/dags/extract_raw_data_pipeline.py
[2025-07-04T20:06:54.447+0000] {logging_mixin.py:190} INFO - [2025-07-04T20:06:54.447+0000] {dag.py:3239} INFO - Sync 1 DAGs
[2025-07-04T20:06:54.470+0000] {logging_mixin.py:190} INFO - [2025-07-04T20:06:54.469+0000] {dag.py:4180} INFO - Setting next_dagrun for extract_raw_data_pipeline to 2025-07-04 07:00:00+00:00, run_after=2025-07-05 07:00:00+00:00
[2025-07-04T20:06:54.489+0000] {processor.py:208} INFO - Processing /opt/airflow/dags/extract_raw_data_pipeline.py took 0.459 seconds
[2025-07-04T20:07:24.588+0000] {processor.py:186} INFO - Started process (PID=190) to work on /opt/airflow/dags/extract_raw_data_pipeline.py
[2025-07-04T20:07:24.590+0000] {processor.py:914} INFO - Processing file /opt/airflow/dags/extract_raw_data_pipeline.py for tasks to queue
[2025-07-04T20:07:24.592+0000] {logging_mixin.py:190} INFO - [2025-07-04T20:07:24.592+0000] {dagbag.py:588} INFO - Filling up the DagBag from /opt/airflow/dags/extract_raw_data_pipeline.py
[2025-07-04T20:07:24.993+0000] {processor.py:925} INFO - DAG(s) 'extract_raw_data_pipeline' retrieved from /opt/airflow/dags/extract_raw_data_pipeline.py
[2025-07-04T20:07:25.012+0000] {logging_mixin.py:190} INFO - [2025-07-04T20:07:25.012+0000] {dag.py:3239} INFO - Sync 1 DAGs
[2025-07-04T20:07:25.028+0000] {logging_mixin.py:190} INFO - [2025-07-04T20:07:25.028+0000] {dag.py:4180} INFO - Setting next_dagrun for extract_raw_data_pipeline to 2025-07-04 07:00:00+00:00, run_after=2025-07-05 07:00:00+00:00
[2025-07-04T20:07:25.049+0000] {processor.py:208} INFO - Processing /opt/airflow/dags/extract_raw_data_pipeline.py took 0.466 seconds
[2025-07-04T20:07:55.971+0000] {processor.py:186} INFO - Started process (PID=198) to work on /opt/airflow/dags/extract_raw_data_pipeline.py
[2025-07-04T20:07:55.972+0000] {processor.py:914} INFO - Processing file /opt/airflow/dags/extract_raw_data_pipeline.py for tasks to queue
[2025-07-04T20:07:55.974+0000] {logging_mixin.py:190} INFO - [2025-07-04T20:07:55.974+0000] {dagbag.py:588} INFO - Filling up the DagBag from /opt/airflow/dags/extract_raw_data_pipeline.py
[2025-07-04T20:07:56.397+0000] {processor.py:925} INFO - DAG(s) 'extract_raw_data_pipeline' retrieved from /opt/airflow/dags/extract_raw_data_pipeline.py
[2025-07-04T20:07:56.421+0000] {logging_mixin.py:190} INFO - [2025-07-04T20:07:56.421+0000] {dag.py:3239} INFO - Sync 1 DAGs
[2025-07-04T20:07:56.445+0000] {logging_mixin.py:190} INFO - [2025-07-04T20:07:56.444+0000] {dag.py:4180} INFO - Setting next_dagrun for extract_raw_data_pipeline to 2025-07-04 07:00:00+00:00, run_after=2025-07-05 07:00:00+00:00
[2025-07-04T20:07:56.466+0000] {processor.py:208} INFO - Processing /opt/airflow/dags/extract_raw_data_pipeline.py took 0.500 seconds
[2025-07-04T20:08:26.693+0000] {processor.py:186} INFO - Started process (PID=207) to work on /opt/airflow/dags/extract_raw_data_pipeline.py
[2025-07-04T20:08:26.694+0000] {processor.py:914} INFO - Processing file /opt/airflow/dags/extract_raw_data_pipeline.py for tasks to queue
[2025-07-04T20:08:26.697+0000] {logging_mixin.py:190} INFO - [2025-07-04T20:08:26.697+0000] {dagbag.py:588} INFO - Filling up the DagBag from /opt/airflow/dags/extract_raw_data_pipeline.py
[2025-07-04T20:08:27.240+0000] {processor.py:925} INFO - DAG(s) 'extract_raw_data_pipeline' retrieved from /opt/airflow/dags/extract_raw_data_pipeline.py
[2025-07-04T20:08:27.259+0000] {logging_mixin.py:190} INFO - [2025-07-04T20:08:27.259+0000] {dag.py:3239} INFO - Sync 1 DAGs
[2025-07-04T20:08:27.276+0000] {logging_mixin.py:190} INFO - [2025-07-04T20:08:27.276+0000] {dag.py:4180} INFO - Setting next_dagrun for extract_raw_data_pipeline to 2025-07-04 07:00:00+00:00, run_after=2025-07-05 07:00:00+00:00
[2025-07-04T20:08:27.296+0000] {processor.py:208} INFO - Processing /opt/airflow/dags/extract_raw_data_pipeline.py took 0.609 seconds
[2025-07-04T20:08:57.377+0000] {processor.py:186} INFO - Started process (PID=216) to work on /opt/airflow/dags/extract_raw_data_pipeline.py
[2025-07-04T20:08:57.378+0000] {processor.py:914} INFO - Processing file /opt/airflow/dags/extract_raw_data_pipeline.py for tasks to queue
[2025-07-04T20:08:57.381+0000] {logging_mixin.py:190} INFO - [2025-07-04T20:08:57.380+0000] {dagbag.py:588} INFO - Filling up the DagBag from /opt/airflow/dags/extract_raw_data_pipeline.py
[2025-07-04T20:08:57.939+0000] {processor.py:925} INFO - DAG(s) 'extract_raw_data_pipeline' retrieved from /opt/airflow/dags/extract_raw_data_pipeline.py
[2025-07-04T20:08:57.995+0000] {logging_mixin.py:190} INFO - [2025-07-04T20:08:57.995+0000] {dag.py:3239} INFO - Sync 1 DAGs
[2025-07-04T20:08:58.050+0000] {logging_mixin.py:190} INFO - [2025-07-04T20:08:58.049+0000] {dag.py:4180} INFO - Setting next_dagrun for extract_raw_data_pipeline to 2025-07-04 07:00:00+00:00, run_after=2025-07-05 07:00:00+00:00
[2025-07-04T20:08:58.080+0000] {processor.py:208} INFO - Processing /opt/airflow/dags/extract_raw_data_pipeline.py took 0.709 seconds
[2025-07-04T20:09:28.519+0000] {processor.py:186} INFO - Started process (PID=225) to work on /opt/airflow/dags/extract_raw_data_pipeline.py
[2025-07-04T20:09:28.520+0000] {processor.py:914} INFO - Processing file /opt/airflow/dags/extract_raw_data_pipeline.py for tasks to queue
[2025-07-04T20:09:28.523+0000] {logging_mixin.py:190} INFO - [2025-07-04T20:09:28.522+0000] {dagbag.py:588} INFO - Filling up the DagBag from /opt/airflow/dags/extract_raw_data_pipeline.py
[2025-07-04T20:09:28.931+0000] {processor.py:925} INFO - DAG(s) 'extract_raw_data_pipeline' retrieved from /opt/airflow/dags/extract_raw_data_pipeline.py
[2025-07-04T20:09:28.968+0000] {logging_mixin.py:190} INFO - [2025-07-04T20:09:28.968+0000] {dag.py:3239} INFO - Sync 1 DAGs
[2025-07-04T20:09:28.991+0000] {logging_mixin.py:190} INFO - [2025-07-04T20:09:28.991+0000] {dag.py:4180} INFO - Setting next_dagrun for extract_raw_data_pipeline to 2025-07-04 07:00:00+00:00, run_after=2025-07-05 07:00:00+00:00
[2025-07-04T20:09:29.014+0000] {processor.py:208} INFO - Processing /opt/airflow/dags/extract_raw_data_pipeline.py took 0.501 seconds
[2025-07-04T20:09:59.085+0000] {processor.py:186} INFO - Started process (PID=234) to work on /opt/airflow/dags/extract_raw_data_pipeline.py
[2025-07-04T20:09:59.086+0000] {processor.py:914} INFO - Processing file /opt/airflow/dags/extract_raw_data_pipeline.py for tasks to queue
[2025-07-04T20:09:59.089+0000] {logging_mixin.py:190} INFO - [2025-07-04T20:09:59.088+0000] {dagbag.py:588} INFO - Filling up the DagBag from /opt/airflow/dags/extract_raw_data_pipeline.py
[2025-07-04T20:09:59.580+0000] {processor.py:925} INFO - DAG(s) 'extract_raw_data_pipeline' retrieved from /opt/airflow/dags/extract_raw_data_pipeline.py
[2025-07-04T20:09:59.599+0000] {logging_mixin.py:190} INFO - [2025-07-04T20:09:59.599+0000] {dag.py:3239} INFO - Sync 1 DAGs
[2025-07-04T20:09:59.617+0000] {logging_mixin.py:190} INFO - [2025-07-04T20:09:59.616+0000] {dag.py:4180} INFO - Setting next_dagrun for extract_raw_data_pipeline to 2025-07-04 07:00:00+00:00, run_after=2025-07-05 07:00:00+00:00
[2025-07-04T20:09:59.638+0000] {processor.py:208} INFO - Processing /opt/airflow/dags/extract_raw_data_pipeline.py took 0.559 seconds
[2025-07-04T20:10:30.569+0000] {processor.py:186} INFO - Started process (PID=242) to work on /opt/airflow/dags/extract_raw_data_pipeline.py
[2025-07-04T20:10:30.570+0000] {processor.py:914} INFO - Processing file /opt/airflow/dags/extract_raw_data_pipeline.py for tasks to queue
[2025-07-04T20:10:30.573+0000] {logging_mixin.py:190} INFO - [2025-07-04T20:10:30.573+0000] {dagbag.py:588} INFO - Filling up the DagBag from /opt/airflow/dags/extract_raw_data_pipeline.py
[2025-07-04T20:10:30.986+0000] {processor.py:925} INFO - DAG(s) 'extract_raw_data_pipeline' retrieved from /opt/airflow/dags/extract_raw_data_pipeline.py
[2025-07-04T20:10:31.006+0000] {logging_mixin.py:190} INFO - [2025-07-04T20:10:31.005+0000] {dag.py:3239} INFO - Sync 1 DAGs
[2025-07-04T20:10:31.023+0000] {logging_mixin.py:190} INFO - [2025-07-04T20:10:31.023+0000] {dag.py:4180} INFO - Setting next_dagrun for extract_raw_data_pipeline to 2025-07-04 07:00:00+00:00, run_after=2025-07-05 07:00:00+00:00
[2025-07-04T20:10:31.043+0000] {processor.py:208} INFO - Processing /opt/airflow/dags/extract_raw_data_pipeline.py took 0.479 seconds
[2025-07-04T20:11:01.156+0000] {processor.py:186} INFO - Started process (PID=251) to work on /opt/airflow/dags/extract_raw_data_pipeline.py
[2025-07-04T20:11:01.158+0000] {processor.py:914} INFO - Processing file /opt/airflow/dags/extract_raw_data_pipeline.py for tasks to queue
[2025-07-04T20:11:01.163+0000] {logging_mixin.py:190} INFO - [2025-07-04T20:11:01.163+0000] {dagbag.py:588} INFO - Filling up the DagBag from /opt/airflow/dags/extract_raw_data_pipeline.py
[2025-07-04T20:11:02.783+0000] {processor.py:925} INFO - DAG(s) 'extract_raw_data_pipeline' retrieved from /opt/airflow/dags/extract_raw_data_pipeline.py
[2025-07-04T20:11:02.808+0000] {logging_mixin.py:190} INFO - [2025-07-04T20:11:02.808+0000] {dag.py:3239} INFO - Sync 1 DAGs
[2025-07-04T20:11:02.830+0000] {logging_mixin.py:190} INFO - [2025-07-04T20:11:02.830+0000] {dag.py:4180} INFO - Setting next_dagrun for extract_raw_data_pipeline to 2025-07-04 07:00:00+00:00, run_after=2025-07-05 07:00:00+00:00
[2025-07-04T20:11:02.848+0000] {processor.py:208} INFO - Processing /opt/airflow/dags/extract_raw_data_pipeline.py took 1.702 seconds
[2025-07-04T20:11:33.258+0000] {processor.py:186} INFO - Started process (PID=260) to work on /opt/airflow/dags/extract_raw_data_pipeline.py
[2025-07-04T20:11:33.260+0000] {processor.py:914} INFO - Processing file /opt/airflow/dags/extract_raw_data_pipeline.py for tasks to queue
[2025-07-04T20:11:33.263+0000] {logging_mixin.py:190} INFO - [2025-07-04T20:11:33.263+0000] {dagbag.py:588} INFO - Filling up the DagBag from /opt/airflow/dags/extract_raw_data_pipeline.py
[2025-07-04T20:11:33.971+0000] {processor.py:925} INFO - DAG(s) 'extract_raw_data_pipeline' retrieved from /opt/airflow/dags/extract_raw_data_pipeline.py
[2025-07-04T20:11:34.018+0000] {logging_mixin.py:190} INFO - [2025-07-04T20:11:34.018+0000] {dag.py:3239} INFO - Sync 1 DAGs
[2025-07-04T20:11:34.058+0000] {logging_mixin.py:190} INFO - [2025-07-04T20:11:34.057+0000] {dag.py:4180} INFO - Setting next_dagrun for extract_raw_data_pipeline to 2025-07-04 07:00:00+00:00, run_after=2025-07-05 07:00:00+00:00
[2025-07-04T20:11:36.028+0000] {processor.py:208} INFO - Processing /opt/airflow/dags/extract_raw_data_pipeline.py took 2.778 seconds
[2025-07-04T20:12:06.102+0000] {processor.py:186} INFO - Started process (PID=269) to work on /opt/airflow/dags/extract_raw_data_pipeline.py
[2025-07-04T20:12:06.103+0000] {processor.py:914} INFO - Processing file /opt/airflow/dags/extract_raw_data_pipeline.py for tasks to queue
[2025-07-04T20:12:06.105+0000] {logging_mixin.py:190} INFO - [2025-07-04T20:12:06.105+0000] {dagbag.py:588} INFO - Filling up the DagBag from /opt/airflow/dags/extract_raw_data_pipeline.py
[2025-07-04T20:12:06.583+0000] {processor.py:925} INFO - DAG(s) 'extract_raw_data_pipeline' retrieved from /opt/airflow/dags/extract_raw_data_pipeline.py
[2025-07-04T20:12:06.605+0000] {logging_mixin.py:190} INFO - [2025-07-04T20:12:06.605+0000] {dag.py:3239} INFO - Sync 1 DAGs
[2025-07-04T20:12:06.626+0000] {logging_mixin.py:190} INFO - [2025-07-04T20:12:06.626+0000] {dag.py:4180} INFO - Setting next_dagrun for extract_raw_data_pipeline to 2025-07-04 07:00:00+00:00, run_after=2025-07-05 07:00:00+00:00
[2025-07-04T20:12:06.649+0000] {processor.py:208} INFO - Processing /opt/airflow/dags/extract_raw_data_pipeline.py took 0.552 seconds
[2025-07-04T20:12:37.467+0000] {processor.py:186} INFO - Started process (PID=278) to work on /opt/airflow/dags/extract_raw_data_pipeline.py
[2025-07-04T20:12:37.468+0000] {processor.py:914} INFO - Processing file /opt/airflow/dags/extract_raw_data_pipeline.py for tasks to queue
[2025-07-04T20:12:37.471+0000] {logging_mixin.py:190} INFO - [2025-07-04T20:12:37.471+0000] {dagbag.py:588} INFO - Filling up the DagBag from /opt/airflow/dags/extract_raw_data_pipeline.py
[2025-07-04T20:12:37.994+0000] {processor.py:925} INFO - DAG(s) 'extract_raw_data_pipeline' retrieved from /opt/airflow/dags/extract_raw_data_pipeline.py
[2025-07-04T20:12:38.017+0000] {logging_mixin.py:190} INFO - [2025-07-04T20:12:38.017+0000] {dag.py:3239} INFO - Sync 1 DAGs
[2025-07-04T20:12:38.036+0000] {logging_mixin.py:190} INFO - [2025-07-04T20:12:38.036+0000] {dag.py:4180} INFO - Setting next_dagrun for extract_raw_data_pipeline to 2025-07-04 07:00:00+00:00, run_after=2025-07-05 07:00:00+00:00
[2025-07-04T20:12:38.056+0000] {processor.py:208} INFO - Processing /opt/airflow/dags/extract_raw_data_pipeline.py took 0.598 seconds
[2025-07-04T20:13:08.425+0000] {processor.py:186} INFO - Started process (PID=286) to work on /opt/airflow/dags/extract_raw_data_pipeline.py
[2025-07-04T20:13:08.426+0000] {processor.py:914} INFO - Processing file /opt/airflow/dags/extract_raw_data_pipeline.py for tasks to queue
[2025-07-04T20:13:08.430+0000] {logging_mixin.py:190} INFO - [2025-07-04T20:13:08.429+0000] {dagbag.py:588} INFO - Filling up the DagBag from /opt/airflow/dags/extract_raw_data_pipeline.py
[2025-07-04T20:13:08.738+0000] {processor.py:925} INFO - DAG(s) 'extract_raw_data_pipeline' retrieved from /opt/airflow/dags/extract_raw_data_pipeline.py
[2025-07-04T20:13:08.760+0000] {logging_mixin.py:190} INFO - [2025-07-04T20:13:08.760+0000] {dag.py:3239} INFO - Sync 1 DAGs
[2025-07-04T20:13:08.780+0000] {logging_mixin.py:190} INFO - [2025-07-04T20:13:08.779+0000] {dag.py:4180} INFO - Setting next_dagrun for extract_raw_data_pipeline to 2025-07-04 07:00:00+00:00, run_after=2025-07-05 07:00:00+00:00
[2025-07-04T20:13:08.799+0000] {processor.py:208} INFO - Processing /opt/airflow/dags/extract_raw_data_pipeline.py took 0.383 seconds
[2025-07-04T20:13:38.889+0000] {processor.py:186} INFO - Started process (PID=295) to work on /opt/airflow/dags/extract_raw_data_pipeline.py
[2025-07-04T20:13:38.890+0000] {processor.py:914} INFO - Processing file /opt/airflow/dags/extract_raw_data_pipeline.py for tasks to queue
[2025-07-04T20:13:38.894+0000] {logging_mixin.py:190} INFO - [2025-07-04T20:13:38.893+0000] {dagbag.py:588} INFO - Filling up the DagBag from /opt/airflow/dags/extract_raw_data_pipeline.py
[2025-07-04T20:13:39.285+0000] {processor.py:925} INFO - DAG(s) 'extract_raw_data_pipeline' retrieved from /opt/airflow/dags/extract_raw_data_pipeline.py
[2025-07-04T20:13:39.312+0000] {logging_mixin.py:190} INFO - [2025-07-04T20:13:39.312+0000] {dag.py:3239} INFO - Sync 1 DAGs
[2025-07-04T20:13:39.334+0000] {logging_mixin.py:190} INFO - [2025-07-04T20:13:39.334+0000] {dag.py:4180} INFO - Setting next_dagrun for extract_raw_data_pipeline to 2025-07-04 07:00:00+00:00, run_after=2025-07-05 07:00:00+00:00
[2025-07-04T20:13:39.362+0000] {processor.py:208} INFO - Processing /opt/airflow/dags/extract_raw_data_pipeline.py took 0.482 seconds
[2025-07-04T20:14:10.194+0000] {processor.py:186} INFO - Started process (PID=304) to work on /opt/airflow/dags/extract_raw_data_pipeline.py
[2025-07-04T20:14:10.195+0000] {processor.py:914} INFO - Processing file /opt/airflow/dags/extract_raw_data_pipeline.py for tasks to queue
[2025-07-04T20:14:10.198+0000] {logging_mixin.py:190} INFO - [2025-07-04T20:14:10.198+0000] {dagbag.py:588} INFO - Filling up the DagBag from /opt/airflow/dags/extract_raw_data_pipeline.py
[2025-07-04T20:14:10.470+0000] {processor.py:925} INFO - DAG(s) 'extract_raw_data_pipeline' retrieved from /opt/airflow/dags/extract_raw_data_pipeline.py
[2025-07-04T20:14:10.493+0000] {logging_mixin.py:190} INFO - [2025-07-04T20:14:10.493+0000] {dag.py:3239} INFO - Sync 1 DAGs
[2025-07-04T20:14:10.512+0000] {logging_mixin.py:190} INFO - [2025-07-04T20:14:10.511+0000] {dag.py:4180} INFO - Setting next_dagrun for extract_raw_data_pipeline to 2025-07-04 07:00:00+00:00, run_after=2025-07-05 07:00:00+00:00
[2025-07-04T20:14:10.534+0000] {processor.py:208} INFO - Processing /opt/airflow/dags/extract_raw_data_pipeline.py took 0.345 seconds
[2025-07-04T20:14:40.636+0000] {processor.py:186} INFO - Started process (PID=313) to work on /opt/airflow/dags/extract_raw_data_pipeline.py
[2025-07-04T20:14:40.637+0000] {processor.py:914} INFO - Processing file /opt/airflow/dags/extract_raw_data_pipeline.py for tasks to queue
[2025-07-04T20:14:40.639+0000] {logging_mixin.py:190} INFO - [2025-07-04T20:14:40.639+0000] {dagbag.py:588} INFO - Filling up the DagBag from /opt/airflow/dags/extract_raw_data_pipeline.py
[2025-07-04T20:14:40.935+0000] {processor.py:925} INFO - DAG(s) 'extract_raw_data_pipeline' retrieved from /opt/airflow/dags/extract_raw_data_pipeline.py
[2025-07-04T20:14:40.959+0000] {logging_mixin.py:190} INFO - [2025-07-04T20:14:40.958+0000] {dag.py:3239} INFO - Sync 1 DAGs
[2025-07-04T20:14:40.979+0000] {logging_mixin.py:190} INFO - [2025-07-04T20:14:40.979+0000] {dag.py:4180} INFO - Setting next_dagrun for extract_raw_data_pipeline to 2025-07-04 07:00:00+00:00, run_after=2025-07-05 07:00:00+00:00
[2025-07-04T20:14:41.001+0000] {processor.py:208} INFO - Processing /opt/airflow/dags/extract_raw_data_pipeline.py took 0.371 seconds
[2025-07-04T20:15:11.155+0000] {processor.py:186} INFO - Started process (PID=321) to work on /opt/airflow/dags/extract_raw_data_pipeline.py
[2025-07-04T20:15:11.156+0000] {processor.py:914} INFO - Processing file /opt/airflow/dags/extract_raw_data_pipeline.py for tasks to queue
[2025-07-04T20:15:11.159+0000] {logging_mixin.py:190} INFO - [2025-07-04T20:15:11.158+0000] {dagbag.py:588} INFO - Filling up the DagBag from /opt/airflow/dags/extract_raw_data_pipeline.py
[2025-07-04T20:15:11.448+0000] {processor.py:925} INFO - DAG(s) 'extract_raw_data_pipeline' retrieved from /opt/airflow/dags/extract_raw_data_pipeline.py
[2025-07-04T20:15:11.481+0000] {logging_mixin.py:190} INFO - [2025-07-04T20:15:11.480+0000] {dag.py:3239} INFO - Sync 1 DAGs
[2025-07-04T20:15:11.513+0000] {logging_mixin.py:190} INFO - [2025-07-04T20:15:11.513+0000] {dag.py:4180} INFO - Setting next_dagrun for extract_raw_data_pipeline to 2025-07-04 07:00:00+00:00, run_after=2025-07-05 07:00:00+00:00
[2025-07-04T20:15:11.573+0000] {processor.py:208} INFO - Processing /opt/airflow/dags/extract_raw_data_pipeline.py took 0.425 seconds
[2025-07-04T20:15:41.788+0000] {processor.py:186} INFO - Started process (PID=330) to work on /opt/airflow/dags/extract_raw_data_pipeline.py
[2025-07-04T20:15:41.789+0000] {processor.py:914} INFO - Processing file /opt/airflow/dags/extract_raw_data_pipeline.py for tasks to queue
[2025-07-04T20:15:41.794+0000] {logging_mixin.py:190} INFO - [2025-07-04T20:15:41.793+0000] {dagbag.py:588} INFO - Filling up the DagBag from /opt/airflow/dags/extract_raw_data_pipeline.py
[2025-07-04T20:15:42.180+0000] {processor.py:925} INFO - DAG(s) 'extract_raw_data_pipeline' retrieved from /opt/airflow/dags/extract_raw_data_pipeline.py
[2025-07-04T20:15:42.214+0000] {logging_mixin.py:190} INFO - [2025-07-04T20:15:42.214+0000] {dag.py:3239} INFO - Sync 1 DAGs
[2025-07-04T20:15:42.245+0000] {logging_mixin.py:190} INFO - [2025-07-04T20:15:42.245+0000] {dag.py:4180} INFO - Setting next_dagrun for extract_raw_data_pipeline to 2025-07-04 07:00:00+00:00, run_after=2025-07-05 07:00:00+00:00
[2025-07-04T20:15:42.269+0000] {processor.py:208} INFO - Processing /opt/airflow/dags/extract_raw_data_pipeline.py took 0.491 seconds
[2025-07-04T20:16:13.168+0000] {processor.py:186} INFO - Started process (PID=338) to work on /opt/airflow/dags/extract_raw_data_pipeline.py
[2025-07-04T20:16:13.169+0000] {processor.py:914} INFO - Processing file /opt/airflow/dags/extract_raw_data_pipeline.py for tasks to queue
[2025-07-04T20:16:13.172+0000] {logging_mixin.py:190} INFO - [2025-07-04T20:16:13.171+0000] {dagbag.py:588} INFO - Filling up the DagBag from /opt/airflow/dags/extract_raw_data_pipeline.py
[2025-07-04T20:16:13.474+0000] {processor.py:925} INFO - DAG(s) 'extract_raw_data_pipeline' retrieved from /opt/airflow/dags/extract_raw_data_pipeline.py
[2025-07-04T20:16:13.504+0000] {logging_mixin.py:190} INFO - [2025-07-04T20:16:13.504+0000] {dag.py:3239} INFO - Sync 1 DAGs
[2025-07-04T20:16:13.530+0000] {logging_mixin.py:190} INFO - [2025-07-04T20:16:13.529+0000] {dag.py:4180} INFO - Setting next_dagrun for extract_raw_data_pipeline to 2025-07-04 07:00:00+00:00, run_after=2025-07-05 07:00:00+00:00
[2025-07-04T20:16:13.552+0000] {processor.py:208} INFO - Processing /opt/airflow/dags/extract_raw_data_pipeline.py took 0.391 seconds
[2025-07-04T20:16:44.726+0000] {processor.py:186} INFO - Started process (PID=347) to work on /opt/airflow/dags/extract_raw_data_pipeline.py
[2025-07-04T20:16:44.743+0000] {processor.py:914} INFO - Processing file /opt/airflow/dags/extract_raw_data_pipeline.py for tasks to queue
[2025-07-04T20:16:44.753+0000] {logging_mixin.py:190} INFO - [2025-07-04T20:16:44.752+0000] {dagbag.py:588} INFO - Filling up the DagBag from /opt/airflow/dags/extract_raw_data_pipeline.py
[2025-07-04T20:16:45.885+0000] {processor.py:925} INFO - DAG(s) 'extract_raw_data_pipeline' retrieved from /opt/airflow/dags/extract_raw_data_pipeline.py
[2025-07-04T20:16:45.939+0000] {logging_mixin.py:190} INFO - [2025-07-04T20:16:45.939+0000] {dag.py:3239} INFO - Sync 1 DAGs
[2025-07-04T20:16:45.968+0000] {logging_mixin.py:190} INFO - [2025-07-04T20:16:45.967+0000] {dag.py:4180} INFO - Setting next_dagrun for extract_raw_data_pipeline to 2025-07-04 07:00:00+00:00, run_after=2025-07-05 07:00:00+00:00
[2025-07-04T20:16:46.007+0000] {processor.py:208} INFO - Processing /opt/airflow/dags/extract_raw_data_pipeline.py took 1.290 seconds
[2025-07-04T20:17:16.378+0000] {processor.py:186} INFO - Started process (PID=356) to work on /opt/airflow/dags/extract_raw_data_pipeline.py
[2025-07-04T20:17:16.380+0000] {processor.py:914} INFO - Processing file /opt/airflow/dags/extract_raw_data_pipeline.py for tasks to queue
[2025-07-04T20:17:16.384+0000] {logging_mixin.py:190} INFO - [2025-07-04T20:17:16.383+0000] {dagbag.py:588} INFO - Filling up the DagBag from /opt/airflow/dags/extract_raw_data_pipeline.py
[2025-07-04T20:17:16.793+0000] {processor.py:925} INFO - DAG(s) 'extract_raw_data_pipeline' retrieved from /opt/airflow/dags/extract_raw_data_pipeline.py
[2025-07-04T20:17:16.835+0000] {logging_mixin.py:190} INFO - [2025-07-04T20:17:16.835+0000] {dag.py:3239} INFO - Sync 1 DAGs
[2025-07-04T20:17:16.853+0000] {logging_mixin.py:190} INFO - [2025-07-04T20:17:16.852+0000] {dag.py:4180} INFO - Setting next_dagrun for extract_raw_data_pipeline to 2025-07-04 07:00:00+00:00, run_after=2025-07-05 07:00:00+00:00
[2025-07-04T20:17:16.891+0000] {processor.py:208} INFO - Processing /opt/airflow/dags/extract_raw_data_pipeline.py took 0.519 seconds
[2025-07-04T20:17:46.953+0000] {processor.py:186} INFO - Started process (PID=365) to work on /opt/airflow/dags/extract_raw_data_pipeline.py
[2025-07-04T20:17:46.955+0000] {processor.py:914} INFO - Processing file /opt/airflow/dags/extract_raw_data_pipeline.py for tasks to queue
[2025-07-04T20:17:46.959+0000] {logging_mixin.py:190} INFO - [2025-07-04T20:17:46.958+0000] {dagbag.py:588} INFO - Filling up the DagBag from /opt/airflow/dags/extract_raw_data_pipeline.py
[2025-07-04T20:17:47.266+0000] {processor.py:925} INFO - DAG(s) 'extract_raw_data_pipeline' retrieved from /opt/airflow/dags/extract_raw_data_pipeline.py
[2025-07-04T20:17:47.288+0000] {logging_mixin.py:190} INFO - [2025-07-04T20:17:47.288+0000] {dag.py:3239} INFO - Sync 1 DAGs
[2025-07-04T20:17:47.307+0000] {logging_mixin.py:190} INFO - [2025-07-04T20:17:47.306+0000] {dag.py:4180} INFO - Setting next_dagrun for extract_raw_data_pipeline to 2025-07-04 07:00:00+00:00, run_after=2025-07-05 07:00:00+00:00
[2025-07-04T20:17:47.326+0000] {processor.py:208} INFO - Processing /opt/airflow/dags/extract_raw_data_pipeline.py took 0.380 seconds
[2025-07-04T20:18:18.205+0000] {processor.py:186} INFO - Started process (PID=374) to work on /opt/airflow/dags/extract_raw_data_pipeline.py
[2025-07-04T20:18:18.264+0000] {processor.py:914} INFO - Processing file /opt/airflow/dags/extract_raw_data_pipeline.py for tasks to queue
[2025-07-04T20:18:18.316+0000] {logging_mixin.py:190} INFO - [2025-07-04T20:18:18.316+0000] {dagbag.py:588} INFO - Filling up the DagBag from /opt/airflow/dags/extract_raw_data_pipeline.py
[2025-07-04T20:18:21.825+0000] {processor.py:925} INFO - DAG(s) 'extract_raw_data_pipeline' retrieved from /opt/airflow/dags/extract_raw_data_pipeline.py
[2025-07-04T20:18:21.892+0000] {logging_mixin.py:190} INFO - [2025-07-04T20:18:21.892+0000] {dag.py:3239} INFO - Sync 1 DAGs
[2025-07-04T20:18:21.935+0000] {logging_mixin.py:190} INFO - [2025-07-04T20:18:21.934+0000] {dag.py:4180} INFO - Setting next_dagrun for extract_raw_data_pipeline to 2025-07-04 07:00:00+00:00, run_after=2025-07-05 07:00:00+00:00
[2025-07-04T20:18:21.985+0000] {processor.py:208} INFO - Processing /opt/airflow/dags/extract_raw_data_pipeline.py took 3.865 seconds
[2025-07-04T20:18:52.378+0000] {processor.py:186} INFO - Started process (PID=384) to work on /opt/airflow/dags/extract_raw_data_pipeline.py
[2025-07-04T20:18:52.380+0000] {processor.py:914} INFO - Processing file /opt/airflow/dags/extract_raw_data_pipeline.py for tasks to queue
[2025-07-04T20:18:52.385+0000] {logging_mixin.py:190} INFO - [2025-07-04T20:18:52.384+0000] {dagbag.py:588} INFO - Filling up the DagBag from /opt/airflow/dags/extract_raw_data_pipeline.py
[2025-07-04T20:18:53.410+0000] {processor.py:925} INFO - DAG(s) 'extract_raw_data_pipeline' retrieved from /opt/airflow/dags/extract_raw_data_pipeline.py
[2025-07-04T20:18:53.467+0000] {logging_mixin.py:190} INFO - [2025-07-04T20:18:53.466+0000] {dag.py:3239} INFO - Sync 1 DAGs
[2025-07-04T20:18:53.521+0000] {logging_mixin.py:190} INFO - [2025-07-04T20:18:53.521+0000] {dag.py:4180} INFO - Setting next_dagrun for extract_raw_data_pipeline to 2025-07-04 07:00:00+00:00, run_after=2025-07-05 07:00:00+00:00
[2025-07-04T20:18:53.569+0000] {processor.py:208} INFO - Processing /opt/airflow/dags/extract_raw_data_pipeline.py took 1.198 seconds
[2025-07-04T20:19:23.959+0000] {processor.py:186} INFO - Started process (PID=400) to work on /opt/airflow/dags/extract_raw_data_pipeline.py
[2025-07-04T20:19:23.961+0000] {processor.py:914} INFO - Processing file /opt/airflow/dags/extract_raw_data_pipeline.py for tasks to queue
[2025-07-04T20:19:23.964+0000] {logging_mixin.py:190} INFO - [2025-07-04T20:19:23.964+0000] {dagbag.py:588} INFO - Filling up the DagBag from /opt/airflow/dags/extract_raw_data_pipeline.py
[2025-07-04T20:19:24.629+0000] {processor.py:925} INFO - DAG(s) 'extract_raw_data_pipeline' retrieved from /opt/airflow/dags/extract_raw_data_pipeline.py
[2025-07-04T20:19:24.656+0000] {logging_mixin.py:190} INFO - [2025-07-04T20:19:24.656+0000] {dag.py:3239} INFO - Sync 1 DAGs
[2025-07-04T20:19:24.678+0000] {logging_mixin.py:190} INFO - [2025-07-04T20:19:24.676+0000] {dag.py:4180} INFO - Setting next_dagrun for extract_raw_data_pipeline to 2025-07-04 07:00:00+00:00, run_after=2025-07-05 07:00:00+00:00
[2025-07-04T20:19:24.700+0000] {processor.py:208} INFO - Processing /opt/airflow/dags/extract_raw_data_pipeline.py took 0.748 seconds
[2025-07-04T20:19:54.921+0000] {processor.py:186} INFO - Started process (PID=409) to work on /opt/airflow/dags/extract_raw_data_pipeline.py
[2025-07-04T20:19:54.926+0000] {processor.py:914} INFO - Processing file /opt/airflow/dags/extract_raw_data_pipeline.py for tasks to queue
[2025-07-04T20:19:54.929+0000] {logging_mixin.py:190} INFO - [2025-07-04T20:19:54.929+0000] {dagbag.py:588} INFO - Filling up the DagBag from /opt/airflow/dags/extract_raw_data_pipeline.py
[2025-07-04T20:19:55.731+0000] {processor.py:925} INFO - DAG(s) 'extract_raw_data_pipeline' retrieved from /opt/airflow/dags/extract_raw_data_pipeline.py
[2025-07-04T20:19:55.761+0000] {logging_mixin.py:190} INFO - [2025-07-04T20:19:55.761+0000] {dag.py:3239} INFO - Sync 1 DAGs
[2025-07-04T20:19:55.787+0000] {logging_mixin.py:190} INFO - [2025-07-04T20:19:55.787+0000] {dag.py:4180} INFO - Setting next_dagrun for extract_raw_data_pipeline to 2025-07-04 07:00:00+00:00, run_after=2025-07-05 07:00:00+00:00
[2025-07-04T20:19:55.812+0000] {processor.py:208} INFO - Processing /opt/airflow/dags/extract_raw_data_pipeline.py took 0.900 seconds
[2025-07-04T20:20:26.165+0000] {processor.py:186} INFO - Started process (PID=417) to work on /opt/airflow/dags/extract_raw_data_pipeline.py
[2025-07-04T20:20:26.167+0000] {processor.py:914} INFO - Processing file /opt/airflow/dags/extract_raw_data_pipeline.py for tasks to queue
[2025-07-04T20:20:26.171+0000] {logging_mixin.py:190} INFO - [2025-07-04T20:20:26.170+0000] {dagbag.py:588} INFO - Filling up the DagBag from /opt/airflow/dags/extract_raw_data_pipeline.py
[2025-07-04T20:20:26.871+0000] {processor.py:925} INFO - DAG(s) 'extract_raw_data_pipeline' retrieved from /opt/airflow/dags/extract_raw_data_pipeline.py
[2025-07-04T20:20:26.900+0000] {logging_mixin.py:190} INFO - [2025-07-04T20:20:26.899+0000] {dag.py:3239} INFO - Sync 1 DAGs
[2025-07-04T20:20:26.921+0000] {logging_mixin.py:190} INFO - [2025-07-04T20:20:26.921+0000] {dag.py:4180} INFO - Setting next_dagrun for extract_raw_data_pipeline to 2025-07-04 07:00:00+00:00, run_after=2025-07-05 07:00:00+00:00
[2025-07-04T20:20:26.938+0000] {processor.py:208} INFO - Processing /opt/airflow/dags/extract_raw_data_pipeline.py took 0.791 seconds
[2025-07-04T20:20:57.612+0000] {processor.py:186} INFO - Started process (PID=426) to work on /opt/airflow/dags/extract_raw_data_pipeline.py
[2025-07-04T20:20:57.613+0000] {processor.py:914} INFO - Processing file /opt/airflow/dags/extract_raw_data_pipeline.py for tasks to queue
[2025-07-04T20:20:57.618+0000] {logging_mixin.py:190} INFO - [2025-07-04T20:20:57.617+0000] {dagbag.py:588} INFO - Filling up the DagBag from /opt/airflow/dags/extract_raw_data_pipeline.py
[2025-07-04T20:20:58.356+0000] {processor.py:925} INFO - DAG(s) 'extract_raw_data_pipeline' retrieved from /opt/airflow/dags/extract_raw_data_pipeline.py
[2025-07-04T20:20:58.387+0000] {logging_mixin.py:190} INFO - [2025-07-04T20:20:58.386+0000] {dag.py:3239} INFO - Sync 1 DAGs
[2025-07-04T20:20:58.414+0000] {logging_mixin.py:190} INFO - [2025-07-04T20:20:58.413+0000] {dag.py:4180} INFO - Setting next_dagrun for extract_raw_data_pipeline to 2025-07-04 07:00:00+00:00, run_after=2025-07-05 07:00:00+00:00
[2025-07-04T20:20:58.445+0000] {processor.py:208} INFO - Processing /opt/airflow/dags/extract_raw_data_pipeline.py took 0.839 seconds
[2025-07-04T20:21:28.920+0000] {processor.py:186} INFO - Started process (PID=435) to work on /opt/airflow/dags/extract_raw_data_pipeline.py
[2025-07-04T20:21:28.922+0000] {processor.py:914} INFO - Processing file /opt/airflow/dags/extract_raw_data_pipeline.py for tasks to queue
[2025-07-04T20:21:28.925+0000] {logging_mixin.py:190} INFO - [2025-07-04T20:21:28.925+0000] {dagbag.py:588} INFO - Filling up the DagBag from /opt/airflow/dags/extract_raw_data_pipeline.py
[2025-07-04T20:21:29.756+0000] {processor.py:925} INFO - DAG(s) 'extract_raw_data_pipeline' retrieved from /opt/airflow/dags/extract_raw_data_pipeline.py
[2025-07-04T20:21:29.782+0000] {logging_mixin.py:190} INFO - [2025-07-04T20:21:29.781+0000] {dag.py:3239} INFO - Sync 1 DAGs
[2025-07-04T20:21:29.805+0000] {logging_mixin.py:190} INFO - [2025-07-04T20:21:29.805+0000] {dag.py:4180} INFO - Setting next_dagrun for extract_raw_data_pipeline to 2025-07-04 07:00:00+00:00, run_after=2025-07-05 07:00:00+00:00
[2025-07-04T20:21:29.848+0000] {processor.py:208} INFO - Processing /opt/airflow/dags/extract_raw_data_pipeline.py took 0.934 seconds
[2025-07-04T20:22:00.370+0000] {processor.py:186} INFO - Started process (PID=444) to work on /opt/airflow/dags/extract_raw_data_pipeline.py
[2025-07-04T20:22:00.371+0000] {processor.py:914} INFO - Processing file /opt/airflow/dags/extract_raw_data_pipeline.py for tasks to queue
[2025-07-04T20:22:00.374+0000] {logging_mixin.py:190} INFO - [2025-07-04T20:22:00.373+0000] {dagbag.py:588} INFO - Filling up the DagBag from /opt/airflow/dags/extract_raw_data_pipeline.py
[2025-07-04T20:22:01.068+0000] {processor.py:925} INFO - DAG(s) 'extract_raw_data_pipeline' retrieved from /opt/airflow/dags/extract_raw_data_pipeline.py
[2025-07-04T20:22:01.093+0000] {logging_mixin.py:190} INFO - [2025-07-04T20:22:01.092+0000] {dag.py:3239} INFO - Sync 1 DAGs
[2025-07-04T20:22:01.122+0000] {logging_mixin.py:190} INFO - [2025-07-04T20:22:01.122+0000] {dag.py:4180} INFO - Setting next_dagrun for extract_raw_data_pipeline to 2025-07-04 07:00:00+00:00, run_after=2025-07-05 07:00:00+00:00
[2025-07-04T20:22:01.149+0000] {processor.py:208} INFO - Processing /opt/airflow/dags/extract_raw_data_pipeline.py took 0.784 seconds
[2025-07-04T20:22:31.495+0000] {processor.py:186} INFO - Started process (PID=453) to work on /opt/airflow/dags/extract_raw_data_pipeline.py
[2025-07-04T20:22:31.496+0000] {processor.py:914} INFO - Processing file /opt/airflow/dags/extract_raw_data_pipeline.py for tasks to queue
[2025-07-04T20:22:31.499+0000] {logging_mixin.py:190} INFO - [2025-07-04T20:22:31.499+0000] {dagbag.py:588} INFO - Filling up the DagBag from /opt/airflow/dags/extract_raw_data_pipeline.py
[2025-07-04T20:22:32.139+0000] {processor.py:925} INFO - DAG(s) 'extract_raw_data_pipeline' retrieved from /opt/airflow/dags/extract_raw_data_pipeline.py
[2025-07-04T20:22:32.163+0000] {logging_mixin.py:190} INFO - [2025-07-04T20:22:32.163+0000] {dag.py:3239} INFO - Sync 1 DAGs
[2025-07-04T20:22:32.183+0000] {logging_mixin.py:190} INFO - [2025-07-04T20:22:32.183+0000] {dag.py:4180} INFO - Setting next_dagrun for extract_raw_data_pipeline to 2025-07-04 07:00:00+00:00, run_after=2025-07-05 07:00:00+00:00
[2025-07-04T20:22:32.205+0000] {processor.py:208} INFO - Processing /opt/airflow/dags/extract_raw_data_pipeline.py took 0.716 seconds
[2025-07-04T20:23:03.023+0000] {processor.py:186} INFO - Started process (PID=461) to work on /opt/airflow/dags/extract_raw_data_pipeline.py
[2025-07-04T20:23:03.024+0000] {processor.py:914} INFO - Processing file /opt/airflow/dags/extract_raw_data_pipeline.py for tasks to queue
[2025-07-04T20:23:03.032+0000] {logging_mixin.py:190} INFO - [2025-07-04T20:23:03.031+0000] {dagbag.py:588} INFO - Filling up the DagBag from /opt/airflow/dags/extract_raw_data_pipeline.py
[2025-07-04T20:23:04.188+0000] {processor.py:925} INFO - DAG(s) 'extract_raw_data_pipeline' retrieved from /opt/airflow/dags/extract_raw_data_pipeline.py
[2025-07-04T20:23:04.309+0000] {logging_mixin.py:190} INFO - [2025-07-04T20:23:04.309+0000] {dag.py:3239} INFO - Sync 1 DAGs
[2025-07-04T20:23:04.338+0000] {logging_mixin.py:190} INFO - [2025-07-04T20:23:04.338+0000] {dag.py:4180} INFO - Setting next_dagrun for extract_raw_data_pipeline to 2025-07-04 07:00:00+00:00, run_after=2025-07-05 07:00:00+00:00
[2025-07-04T20:23:04.408+0000] {processor.py:208} INFO - Processing /opt/airflow/dags/extract_raw_data_pipeline.py took 1.393 seconds
[2025-07-04T20:23:34.584+0000] {processor.py:186} INFO - Started process (PID=470) to work on /opt/airflow/dags/extract_raw_data_pipeline.py
[2025-07-04T20:23:34.585+0000] {processor.py:914} INFO - Processing file /opt/airflow/dags/extract_raw_data_pipeline.py for tasks to queue
[2025-07-04T20:23:34.588+0000] {logging_mixin.py:190} INFO - [2025-07-04T20:23:34.588+0000] {dagbag.py:588} INFO - Filling up the DagBag from /opt/airflow/dags/extract_raw_data_pipeline.py
[2025-07-04T20:23:35.066+0000] {processor.py:925} INFO - DAG(s) 'extract_raw_data_pipeline' retrieved from /opt/airflow/dags/extract_raw_data_pipeline.py
[2025-07-04T20:23:35.097+0000] {logging_mixin.py:190} INFO - [2025-07-04T20:23:35.097+0000] {dag.py:3239} INFO - Sync 1 DAGs
[2025-07-04T20:23:35.124+0000] {logging_mixin.py:190} INFO - [2025-07-04T20:23:35.123+0000] {dag.py:4180} INFO - Setting next_dagrun for extract_raw_data_pipeline to 2025-07-04 07:00:00+00:00, run_after=2025-07-05 07:00:00+00:00
[2025-07-04T20:23:35.147+0000] {processor.py:208} INFO - Processing /opt/airflow/dags/extract_raw_data_pipeline.py took 0.569 seconds
[2025-07-04T20:24:05.905+0000] {processor.py:186} INFO - Started process (PID=479) to work on /opt/airflow/dags/extract_raw_data_pipeline.py
[2025-07-04T20:24:05.906+0000] {processor.py:914} INFO - Processing file /opt/airflow/dags/extract_raw_data_pipeline.py for tasks to queue
[2025-07-04T20:24:05.909+0000] {logging_mixin.py:190} INFO - [2025-07-04T20:24:05.908+0000] {dagbag.py:588} INFO - Filling up the DagBag from /opt/airflow/dags/extract_raw_data_pipeline.py
[2025-07-04T20:24:06.541+0000] {processor.py:925} INFO - DAG(s) 'extract_raw_data_pipeline' retrieved from /opt/airflow/dags/extract_raw_data_pipeline.py
[2025-07-04T20:24:06.563+0000] {logging_mixin.py:190} INFO - [2025-07-04T20:24:06.563+0000] {dag.py:3239} INFO - Sync 1 DAGs
[2025-07-04T20:24:06.587+0000] {logging_mixin.py:190} INFO - [2025-07-04T20:24:06.587+0000] {dag.py:4180} INFO - Setting next_dagrun for extract_raw_data_pipeline to 2025-07-04 07:00:00+00:00, run_after=2025-07-05 07:00:00+00:00
[2025-07-04T20:24:06.606+0000] {processor.py:208} INFO - Processing /opt/airflow/dags/extract_raw_data_pipeline.py took 0.709 seconds
[2025-07-04T20:24:37.315+0000] {processor.py:186} INFO - Started process (PID=487) to work on /opt/airflow/dags/extract_raw_data_pipeline.py
[2025-07-04T20:24:37.316+0000] {processor.py:914} INFO - Processing file /opt/airflow/dags/extract_raw_data_pipeline.py for tasks to queue
[2025-07-04T20:24:37.319+0000] {logging_mixin.py:190} INFO - [2025-07-04T20:24:37.319+0000] {dagbag.py:588} INFO - Filling up the DagBag from /opt/airflow/dags/extract_raw_data_pipeline.py
[2025-07-04T20:24:37.979+0000] {processor.py:925} INFO - DAG(s) 'extract_raw_data_pipeline' retrieved from /opt/airflow/dags/extract_raw_data_pipeline.py
[2025-07-04T20:24:38.005+0000] {logging_mixin.py:190} INFO - [2025-07-04T20:24:38.004+0000] {dag.py:3239} INFO - Sync 1 DAGs
[2025-07-04T20:24:38.027+0000] {logging_mixin.py:190} INFO - [2025-07-04T20:24:38.027+0000] {dag.py:4180} INFO - Setting next_dagrun for extract_raw_data_pipeline to 2025-07-04 07:00:00+00:00, run_after=2025-07-05 07:00:00+00:00
[2025-07-04T20:24:38.047+0000] {processor.py:208} INFO - Processing /opt/airflow/dags/extract_raw_data_pipeline.py took 0.738 seconds
[2025-07-04T20:25:08.815+0000] {processor.py:186} INFO - Started process (PID=496) to work on /opt/airflow/dags/extract_raw_data_pipeline.py
[2025-07-04T20:25:08.816+0000] {processor.py:914} INFO - Processing file /opt/airflow/dags/extract_raw_data_pipeline.py for tasks to queue
[2025-07-04T20:25:08.818+0000] {logging_mixin.py:190} INFO - [2025-07-04T20:25:08.818+0000] {dagbag.py:588} INFO - Filling up the DagBag from /opt/airflow/dags/extract_raw_data_pipeline.py
[2025-07-04T20:25:09.390+0000] {processor.py:925} INFO - DAG(s) 'extract_raw_data_pipeline' retrieved from /opt/airflow/dags/extract_raw_data_pipeline.py
[2025-07-04T20:25:09.415+0000] {logging_mixin.py:190} INFO - [2025-07-04T20:25:09.415+0000] {dag.py:3239} INFO - Sync 1 DAGs
[2025-07-04T20:25:09.434+0000] {logging_mixin.py:190} INFO - [2025-07-04T20:25:09.434+0000] {dag.py:4180} INFO - Setting next_dagrun for extract_raw_data_pipeline to 2025-07-04 07:00:00+00:00, run_after=2025-07-05 07:00:00+00:00
[2025-07-04T20:25:09.454+0000] {processor.py:208} INFO - Processing /opt/airflow/dags/extract_raw_data_pipeline.py took 0.645 seconds
[2025-07-04T20:25:40.333+0000] {processor.py:186} INFO - Started process (PID=504) to work on /opt/airflow/dags/extract_raw_data_pipeline.py
[2025-07-04T20:25:40.335+0000] {processor.py:914} INFO - Processing file /opt/airflow/dags/extract_raw_data_pipeline.py for tasks to queue
[2025-07-04T20:25:40.338+0000] {logging_mixin.py:190} INFO - [2025-07-04T20:25:40.337+0000] {dagbag.py:588} INFO - Filling up the DagBag from /opt/airflow/dags/extract_raw_data_pipeline.py
[2025-07-04T20:25:40.942+0000] {processor.py:925} INFO - DAG(s) 'extract_raw_data_pipeline' retrieved from /opt/airflow/dags/extract_raw_data_pipeline.py
[2025-07-04T20:25:40.969+0000] {logging_mixin.py:190} INFO - [2025-07-04T20:25:40.969+0000] {dag.py:3239} INFO - Sync 1 DAGs
[2025-07-04T20:25:40.989+0000] {logging_mixin.py:190} INFO - [2025-07-04T20:25:40.989+0000] {dag.py:4180} INFO - Setting next_dagrun for extract_raw_data_pipeline to 2025-07-04 07:00:00+00:00, run_after=2025-07-05 07:00:00+00:00
[2025-07-04T20:25:41.009+0000] {processor.py:208} INFO - Processing /opt/airflow/dags/extract_raw_data_pipeline.py took 0.686 seconds
[2025-07-04T20:26:11.831+0000] {processor.py:186} INFO - Started process (PID=513) to work on /opt/airflow/dags/extract_raw_data_pipeline.py
[2025-07-04T20:26:11.832+0000] {processor.py:914} INFO - Processing file /opt/airflow/dags/extract_raw_data_pipeline.py for tasks to queue
[2025-07-04T20:26:11.835+0000] {logging_mixin.py:190} INFO - [2025-07-04T20:26:11.835+0000] {dagbag.py:588} INFO - Filling up the DagBag from /opt/airflow/dags/extract_raw_data_pipeline.py
[2025-07-04T20:26:12.429+0000] {processor.py:925} INFO - DAG(s) 'extract_raw_data_pipeline' retrieved from /opt/airflow/dags/extract_raw_data_pipeline.py
[2025-07-04T20:26:12.451+0000] {logging_mixin.py:190} INFO - [2025-07-04T20:26:12.451+0000] {dag.py:3239} INFO - Sync 1 DAGs
[2025-07-04T20:26:12.472+0000] {logging_mixin.py:190} INFO - [2025-07-04T20:26:12.472+0000] {dag.py:4180} INFO - Setting next_dagrun for extract_raw_data_pipeline to 2025-07-04 07:00:00+00:00, run_after=2025-07-05 07:00:00+00:00
[2025-07-04T20:26:12.494+0000] {processor.py:208} INFO - Processing /opt/airflow/dags/extract_raw_data_pipeline.py took 0.669 seconds
[2025-07-04T20:26:43.378+0000] {processor.py:186} INFO - Started process (PID=522) to work on /opt/airflow/dags/extract_raw_data_pipeline.py
[2025-07-04T20:26:43.379+0000] {processor.py:914} INFO - Processing file /opt/airflow/dags/extract_raw_data_pipeline.py for tasks to queue
[2025-07-04T20:26:43.383+0000] {logging_mixin.py:190} INFO - [2025-07-04T20:26:43.382+0000] {dagbag.py:588} INFO - Filling up the DagBag from /opt/airflow/dags/extract_raw_data_pipeline.py
[2025-07-04T20:26:44.022+0000] {processor.py:925} INFO - DAG(s) 'extract_raw_data_pipeline' retrieved from /opt/airflow/dags/extract_raw_data_pipeline.py
[2025-07-04T20:26:44.045+0000] {logging_mixin.py:190} INFO - [2025-07-04T20:26:44.045+0000] {dag.py:3239} INFO - Sync 1 DAGs
[2025-07-04T20:26:44.065+0000] {logging_mixin.py:190} INFO - [2025-07-04T20:26:44.065+0000] {dag.py:4180} INFO - Setting next_dagrun for extract_raw_data_pipeline to 2025-07-04 07:00:00+00:00, run_after=2025-07-05 07:00:00+00:00
[2025-07-04T20:26:44.084+0000] {processor.py:208} INFO - Processing /opt/airflow/dags/extract_raw_data_pipeline.py took 0.711 seconds
[2025-07-04T20:27:14.761+0000] {processor.py:186} INFO - Started process (PID=531) to work on /opt/airflow/dags/extract_raw_data_pipeline.py
[2025-07-04T20:27:14.762+0000] {processor.py:914} INFO - Processing file /opt/airflow/dags/extract_raw_data_pipeline.py for tasks to queue
[2025-07-04T20:27:14.766+0000] {logging_mixin.py:190} INFO - [2025-07-04T20:27:14.765+0000] {dagbag.py:588} INFO - Filling up the DagBag from /opt/airflow/dags/extract_raw_data_pipeline.py
[2025-07-04T20:27:15.546+0000] {processor.py:925} INFO - DAG(s) 'extract_raw_data_pipeline' retrieved from /opt/airflow/dags/extract_raw_data_pipeline.py
[2025-07-04T20:27:15.577+0000] {logging_mixin.py:190} INFO - [2025-07-04T20:27:15.576+0000] {dag.py:3239} INFO - Sync 1 DAGs
[2025-07-04T20:27:15.598+0000] {logging_mixin.py:190} INFO - [2025-07-04T20:27:15.598+0000] {dag.py:4180} INFO - Setting next_dagrun for extract_raw_data_pipeline to 2025-07-04 07:00:00+00:00, run_after=2025-07-05 07:00:00+00:00
[2025-07-04T20:27:15.620+0000] {processor.py:208} INFO - Processing /opt/airflow/dags/extract_raw_data_pipeline.py took 0.869 seconds
[2025-07-04T20:27:46.064+0000] {processor.py:186} INFO - Started process (PID=540) to work on /opt/airflow/dags/extract_raw_data_pipeline.py
[2025-07-04T20:27:46.066+0000] {processor.py:914} INFO - Processing file /opt/airflow/dags/extract_raw_data_pipeline.py for tasks to queue
[2025-07-04T20:27:46.070+0000] {logging_mixin.py:190} INFO - [2025-07-04T20:27:46.069+0000] {dagbag.py:588} INFO - Filling up the DagBag from /opt/airflow/dags/extract_raw_data_pipeline.py
[2025-07-04T20:27:47.064+0000] {processor.py:925} INFO - DAG(s) 'extract_raw_data_pipeline' retrieved from /opt/airflow/dags/extract_raw_data_pipeline.py
[2025-07-04T20:27:47.158+0000] {logging_mixin.py:190} INFO - [2025-07-04T20:27:47.156+0000] {dag.py:3239} INFO - Sync 1 DAGs
[2025-07-04T20:27:47.186+0000] {logging_mixin.py:190} INFO - [2025-07-04T20:27:47.186+0000] {dag.py:4180} INFO - Setting next_dagrun for extract_raw_data_pipeline to 2025-07-04 07:00:00+00:00, run_after=2025-07-05 07:00:00+00:00
[2025-07-04T20:27:47.211+0000] {processor.py:208} INFO - Processing /opt/airflow/dags/extract_raw_data_pipeline.py took 1.155 seconds
[2025-07-04T20:28:17.558+0000] {processor.py:186} INFO - Started process (PID=549) to work on /opt/airflow/dags/extract_raw_data_pipeline.py
[2025-07-04T20:28:17.560+0000] {processor.py:914} INFO - Processing file /opt/airflow/dags/extract_raw_data_pipeline.py for tasks to queue
[2025-07-04T20:28:17.564+0000] {logging_mixin.py:190} INFO - [2025-07-04T20:28:17.563+0000] {dagbag.py:588} INFO - Filling up the DagBag from /opt/airflow/dags/extract_raw_data_pipeline.py
[2025-07-04T20:28:18.266+0000] {processor.py:925} INFO - DAG(s) 'extract_raw_data_pipeline' retrieved from /opt/airflow/dags/extract_raw_data_pipeline.py
[2025-07-04T20:28:18.308+0000] {logging_mixin.py:190} INFO - [2025-07-04T20:28:18.307+0000] {dag.py:3239} INFO - Sync 1 DAGs
[2025-07-04T20:28:18.336+0000] {logging_mixin.py:190} INFO - [2025-07-04T20:28:18.336+0000] {dag.py:4180} INFO - Setting next_dagrun for extract_raw_data_pipeline to 2025-07-04 07:00:00+00:00, run_after=2025-07-05 07:00:00+00:00
[2025-07-04T20:28:18.362+0000] {processor.py:208} INFO - Processing /opt/airflow/dags/extract_raw_data_pipeline.py took 0.810 seconds
[2025-07-04T20:28:48.883+0000] {processor.py:186} INFO - Started process (PID=558) to work on /opt/airflow/dags/extract_raw_data_pipeline.py
[2025-07-04T20:28:48.885+0000] {processor.py:914} INFO - Processing file /opt/airflow/dags/extract_raw_data_pipeline.py for tasks to queue
[2025-07-04T20:28:48.889+0000] {logging_mixin.py:190} INFO - [2025-07-04T20:28:48.889+0000] {dagbag.py:588} INFO - Filling up the DagBag from /opt/airflow/dags/extract_raw_data_pipeline.py
[2025-07-04T20:28:50.163+0000] {processor.py:925} INFO - DAG(s) 'extract_raw_data_pipeline' retrieved from /opt/airflow/dags/extract_raw_data_pipeline.py
[2025-07-04T20:28:50.190+0000] {logging_mixin.py:190} INFO - [2025-07-04T20:28:50.190+0000] {dag.py:3239} INFO - Sync 1 DAGs
[2025-07-04T20:28:50.214+0000] {logging_mixin.py:190} INFO - [2025-07-04T20:28:50.213+0000] {dag.py:4180} INFO - Setting next_dagrun for extract_raw_data_pipeline to 2025-07-04 07:00:00+00:00, run_after=2025-07-05 07:00:00+00:00
[2025-07-04T20:28:50.238+0000] {processor.py:208} INFO - Processing /opt/airflow/dags/extract_raw_data_pipeline.py took 1.364 seconds
[2025-07-04T20:29:20.710+0000] {processor.py:186} INFO - Started process (PID=567) to work on /opt/airflow/dags/extract_raw_data_pipeline.py
[2025-07-04T20:29:20.713+0000] {processor.py:914} INFO - Processing file /opt/airflow/dags/extract_raw_data_pipeline.py for tasks to queue
[2025-07-04T20:29:20.716+0000] {logging_mixin.py:190} INFO - [2025-07-04T20:29:20.716+0000] {dagbag.py:588} INFO - Filling up the DagBag from /opt/airflow/dags/extract_raw_data_pipeline.py
[2025-07-04T20:29:21.684+0000] {processor.py:925} INFO - DAG(s) 'extract_raw_data_pipeline' retrieved from /opt/airflow/dags/extract_raw_data_pipeline.py
[2025-07-04T20:29:21.717+0000] {logging_mixin.py:190} INFO - [2025-07-04T20:29:21.717+0000] {dag.py:3239} INFO - Sync 1 DAGs
[2025-07-04T20:29:21.743+0000] {logging_mixin.py:190} INFO - [2025-07-04T20:29:21.743+0000] {dag.py:4180} INFO - Setting next_dagrun for extract_raw_data_pipeline to 2025-07-04 07:00:00+00:00, run_after=2025-07-05 07:00:00+00:00
[2025-07-04T20:29:21.774+0000] {processor.py:208} INFO - Processing /opt/airflow/dags/extract_raw_data_pipeline.py took 1.074 seconds
[2025-07-04T20:29:52.104+0000] {processor.py:186} INFO - Started process (PID=576) to work on /opt/airflow/dags/extract_raw_data_pipeline.py
[2025-07-04T20:29:52.106+0000] {processor.py:914} INFO - Processing file /opt/airflow/dags/extract_raw_data_pipeline.py for tasks to queue
[2025-07-04T20:29:52.108+0000] {logging_mixin.py:190} INFO - [2025-07-04T20:29:52.108+0000] {dagbag.py:588} INFO - Filling up the DagBag from /opt/airflow/dags/extract_raw_data_pipeline.py
[2025-07-04T20:29:52.696+0000] {processor.py:925} INFO - DAG(s) 'extract_raw_data_pipeline' retrieved from /opt/airflow/dags/extract_raw_data_pipeline.py
[2025-07-04T20:29:52.718+0000] {logging_mixin.py:190} INFO - [2025-07-04T20:29:52.718+0000] {dag.py:3239} INFO - Sync 1 DAGs
[2025-07-04T20:29:52.742+0000] {logging_mixin.py:190} INFO - [2025-07-04T20:29:52.741+0000] {dag.py:4180} INFO - Setting next_dagrun for extract_raw_data_pipeline to 2025-07-04 07:00:00+00:00, run_after=2025-07-05 07:00:00+00:00
[2025-07-04T20:29:52.760+0000] {processor.py:208} INFO - Processing /opt/airflow/dags/extract_raw_data_pipeline.py took 0.661 seconds
[2025-07-04T20:30:22.935+0000] {processor.py:186} INFO - Started process (PID=584) to work on /opt/airflow/dags/extract_raw_data_pipeline.py
[2025-07-04T20:30:22.936+0000] {processor.py:914} INFO - Processing file /opt/airflow/dags/extract_raw_data_pipeline.py for tasks to queue
[2025-07-04T20:30:22.939+0000] {logging_mixin.py:190} INFO - [2025-07-04T20:30:22.938+0000] {dagbag.py:588} INFO - Filling up the DagBag from /opt/airflow/dags/extract_raw_data_pipeline.py
[2025-07-04T20:30:23.600+0000] {processor.py:925} INFO - DAG(s) 'extract_raw_data_pipeline' retrieved from /opt/airflow/dags/extract_raw_data_pipeline.py
[2025-07-04T20:30:23.623+0000] {logging_mixin.py:190} INFO - [2025-07-04T20:30:23.623+0000] {dag.py:3239} INFO - Sync 1 DAGs
[2025-07-04T20:30:23.644+0000] {logging_mixin.py:190} INFO - [2025-07-04T20:30:23.644+0000] {dag.py:4180} INFO - Setting next_dagrun for extract_raw_data_pipeline to 2025-07-04 07:00:00+00:00, run_after=2025-07-05 07:00:00+00:00
[2025-07-04T20:30:23.664+0000] {processor.py:208} INFO - Processing /opt/airflow/dags/extract_raw_data_pipeline.py took 0.736 seconds
[2025-07-04T20:30:54.011+0000] {processor.py:186} INFO - Started process (PID=593) to work on /opt/airflow/dags/extract_raw_data_pipeline.py
[2025-07-04T20:30:54.012+0000] {processor.py:914} INFO - Processing file /opt/airflow/dags/extract_raw_data_pipeline.py for tasks to queue
[2025-07-04T20:30:54.015+0000] {logging_mixin.py:190} INFO - [2025-07-04T20:30:54.015+0000] {dagbag.py:588} INFO - Filling up the DagBag from /opt/airflow/dags/extract_raw_data_pipeline.py
[2025-07-04T20:30:54.714+0000] {processor.py:925} INFO - DAG(s) 'extract_raw_data_pipeline' retrieved from /opt/airflow/dags/extract_raw_data_pipeline.py
[2025-07-04T20:30:54.737+0000] {logging_mixin.py:190} INFO - [2025-07-04T20:30:54.736+0000] {dag.py:3239} INFO - Sync 1 DAGs
[2025-07-04T20:30:54.755+0000] {logging_mixin.py:190} INFO - [2025-07-04T20:30:54.755+0000] {dag.py:4180} INFO - Setting next_dagrun for extract_raw_data_pipeline to 2025-07-04 07:00:00+00:00, run_after=2025-07-05 07:00:00+00:00
[2025-07-04T20:30:54.772+0000] {processor.py:208} INFO - Processing /opt/airflow/dags/extract_raw_data_pipeline.py took 0.767 seconds
[2025-07-04T20:31:25.446+0000] {processor.py:186} INFO - Started process (PID=601) to work on /opt/airflow/dags/extract_raw_data_pipeline.py
[2025-07-04T20:31:25.447+0000] {processor.py:914} INFO - Processing file /opt/airflow/dags/extract_raw_data_pipeline.py for tasks to queue
[2025-07-04T20:31:25.450+0000] {logging_mixin.py:190} INFO - [2025-07-04T20:31:25.449+0000] {dagbag.py:588} INFO - Filling up the DagBag from /opt/airflow/dags/extract_raw_data_pipeline.py
[2025-07-04T20:31:26.127+0000] {processor.py:925} INFO - DAG(s) 'extract_raw_data_pipeline' retrieved from /opt/airflow/dags/extract_raw_data_pipeline.py
[2025-07-04T20:31:26.150+0000] {logging_mixin.py:190} INFO - [2025-07-04T20:31:26.150+0000] {dag.py:3239} INFO - Sync 1 DAGs
[2025-07-04T20:31:26.169+0000] {logging_mixin.py:190} INFO - [2025-07-04T20:31:26.169+0000] {dag.py:4180} INFO - Setting next_dagrun for extract_raw_data_pipeline to 2025-07-04 07:00:00+00:00, run_after=2025-07-05 07:00:00+00:00
[2025-07-04T20:31:26.187+0000] {processor.py:208} INFO - Processing /opt/airflow/dags/extract_raw_data_pipeline.py took 0.747 seconds
[2025-07-04T20:31:56.888+0000] {processor.py:186} INFO - Started process (PID=609) to work on /opt/airflow/dags/extract_raw_data_pipeline.py
[2025-07-04T20:31:56.890+0000] {processor.py:914} INFO - Processing file /opt/airflow/dags/extract_raw_data_pipeline.py for tasks to queue
[2025-07-04T20:31:56.895+0000] {logging_mixin.py:190} INFO - [2025-07-04T20:31:56.894+0000] {dagbag.py:588} INFO - Filling up the DagBag from /opt/airflow/dags/extract_raw_data_pipeline.py
[2025-07-04T20:31:58.066+0000] {processor.py:925} INFO - DAG(s) 'extract_raw_data_pipeline' retrieved from /opt/airflow/dags/extract_raw_data_pipeline.py
[2025-07-04T20:31:58.165+0000] {logging_mixin.py:190} INFO - [2025-07-04T20:31:58.164+0000] {dag.py:3239} INFO - Sync 1 DAGs
[2025-07-04T20:31:58.211+0000] {logging_mixin.py:190} INFO - [2025-07-04T20:31:58.211+0000] {dag.py:4180} INFO - Setting next_dagrun for extract_raw_data_pipeline to 2025-07-04 07:00:00+00:00, run_after=2025-07-05 07:00:00+00:00
[2025-07-04T20:31:58.239+0000] {processor.py:208} INFO - Processing /opt/airflow/dags/extract_raw_data_pipeline.py took 1.361 seconds
[2025-07-04T20:32:28.671+0000] {processor.py:186} INFO - Started process (PID=624) to work on /opt/airflow/dags/extract_raw_data_pipeline.py
[2025-07-04T20:32:28.672+0000] {processor.py:914} INFO - Processing file /opt/airflow/dags/extract_raw_data_pipeline.py for tasks to queue
[2025-07-04T20:32:28.675+0000] {logging_mixin.py:190} INFO - [2025-07-04T20:32:28.675+0000] {dagbag.py:588} INFO - Filling up the DagBag from /opt/airflow/dags/extract_raw_data_pipeline.py
[2025-07-04T20:32:29.388+0000] {processor.py:925} INFO - DAG(s) 'extract_raw_data_pipeline' retrieved from /opt/airflow/dags/extract_raw_data_pipeline.py
[2025-07-04T20:32:29.424+0000] {logging_mixin.py:190} INFO - [2025-07-04T20:32:29.424+0000] {dag.py:3239} INFO - Sync 1 DAGs
[2025-07-04T20:32:29.457+0000] {logging_mixin.py:190} INFO - [2025-07-04T20:32:29.457+0000] {dag.py:4180} INFO - Setting next_dagrun for extract_raw_data_pipeline to 2025-07-04 07:00:00+00:00, run_after=2025-07-05 07:00:00+00:00
[2025-07-04T20:32:29.483+0000] {processor.py:208} INFO - Processing /opt/airflow/dags/extract_raw_data_pipeline.py took 0.818 seconds
[2025-07-04T20:33:00.166+0000] {processor.py:186} INFO - Started process (PID=633) to work on /opt/airflow/dags/extract_raw_data_pipeline.py
[2025-07-04T20:33:00.167+0000] {processor.py:914} INFO - Processing file /opt/airflow/dags/extract_raw_data_pipeline.py for tasks to queue
[2025-07-04T20:33:00.170+0000] {logging_mixin.py:190} INFO - [2025-07-04T20:33:00.170+0000] {dagbag.py:588} INFO - Filling up the DagBag from /opt/airflow/dags/extract_raw_data_pipeline.py
[2025-07-04T20:33:00.965+0000] {processor.py:925} INFO - DAG(s) 'extract_raw_data_pipeline' retrieved from /opt/airflow/dags/extract_raw_data_pipeline.py
[2025-07-04T20:33:00.990+0000] {logging_mixin.py:190} INFO - [2025-07-04T20:33:00.989+0000] {dag.py:3239} INFO - Sync 1 DAGs
[2025-07-04T20:33:01.012+0000] {logging_mixin.py:190} INFO - [2025-07-04T20:33:01.012+0000] {dag.py:4180} INFO - Setting next_dagrun for extract_raw_data_pipeline to 2025-07-04 07:00:00+00:00, run_after=2025-07-05 07:00:00+00:00
[2025-07-04T20:33:01.035+0000] {processor.py:208} INFO - Processing /opt/airflow/dags/extract_raw_data_pipeline.py took 0.879 seconds
[2025-07-04T20:33:31.778+0000] {processor.py:186} INFO - Started process (PID=642) to work on /opt/airflow/dags/extract_raw_data_pipeline.py
[2025-07-04T20:33:31.780+0000] {processor.py:914} INFO - Processing file /opt/airflow/dags/extract_raw_data_pipeline.py for tasks to queue
[2025-07-04T20:33:31.783+0000] {logging_mixin.py:190} INFO - [2025-07-04T20:33:31.783+0000] {dagbag.py:588} INFO - Filling up the DagBag from /opt/airflow/dags/extract_raw_data_pipeline.py
[2025-07-04T20:33:32.343+0000] {processor.py:925} INFO - DAG(s) 'extract_raw_data_pipeline' retrieved from /opt/airflow/dags/extract_raw_data_pipeline.py
[2025-07-04T20:33:32.367+0000] {logging_mixin.py:190} INFO - [2025-07-04T20:33:32.366+0000] {dag.py:3239} INFO - Sync 1 DAGs
[2025-07-04T20:33:32.386+0000] {logging_mixin.py:190} INFO - [2025-07-04T20:33:32.386+0000] {dag.py:4180} INFO - Setting next_dagrun for extract_raw_data_pipeline to 2025-07-04 07:00:00+00:00, run_after=2025-07-05 07:00:00+00:00
[2025-07-04T20:33:32.412+0000] {processor.py:208} INFO - Processing /opt/airflow/dags/extract_raw_data_pipeline.py took 0.642 seconds
[2025-07-04T20:34:02.670+0000] {processor.py:186} INFO - Started process (PID=652) to work on /opt/airflow/dags/extract_raw_data_pipeline.py
[2025-07-04T20:34:02.671+0000] {processor.py:914} INFO - Processing file /opt/airflow/dags/extract_raw_data_pipeline.py for tasks to queue
[2025-07-04T20:34:02.675+0000] {logging_mixin.py:190} INFO - [2025-07-04T20:34:02.675+0000] {dagbag.py:588} INFO - Filling up the DagBag from /opt/airflow/dags/extract_raw_data_pipeline.py
[2025-07-04T20:34:03.428+0000] {processor.py:925} INFO - DAG(s) 'extract_raw_data_pipeline' retrieved from /opt/airflow/dags/extract_raw_data_pipeline.py
[2025-07-04T20:34:03.454+0000] {logging_mixin.py:190} INFO - [2025-07-04T20:34:03.454+0000] {dag.py:3239} INFO - Sync 1 DAGs
[2025-07-04T20:34:03.476+0000] {logging_mixin.py:190} INFO - [2025-07-04T20:34:03.476+0000] {dag.py:4180} INFO - Setting next_dagrun for extract_raw_data_pipeline to 2025-07-04 07:00:00+00:00, run_after=2025-07-05 07:00:00+00:00
[2025-07-04T20:34:03.496+0000] {processor.py:208} INFO - Processing /opt/airflow/dags/extract_raw_data_pipeline.py took 0.848 seconds
[2025-07-04T20:34:33.998+0000] {processor.py:186} INFO - Started process (PID=661) to work on /opt/airflow/dags/extract_raw_data_pipeline.py
[2025-07-04T20:34:33.999+0000] {processor.py:914} INFO - Processing file /opt/airflow/dags/extract_raw_data_pipeline.py for tasks to queue
[2025-07-04T20:34:34.003+0000] {logging_mixin.py:190} INFO - [2025-07-04T20:34:34.003+0000] {dagbag.py:588} INFO - Filling up the DagBag from /opt/airflow/dags/extract_raw_data_pipeline.py
[2025-07-04T20:34:34.957+0000] {processor.py:925} INFO - DAG(s) 'extract_raw_data_pipeline' retrieved from /opt/airflow/dags/extract_raw_data_pipeline.py
[2025-07-04T20:34:34.989+0000] {logging_mixin.py:190} INFO - [2025-07-04T20:34:34.989+0000] {dag.py:3239} INFO - Sync 1 DAGs
[2025-07-04T20:34:35.016+0000] {logging_mixin.py:190} INFO - [2025-07-04T20:34:35.016+0000] {dag.py:4180} INFO - Setting next_dagrun for extract_raw_data_pipeline to 2025-07-04 07:00:00+00:00, run_after=2025-07-05 07:00:00+00:00
[2025-07-04T20:34:35.036+0000] {processor.py:208} INFO - Processing /opt/airflow/dags/extract_raw_data_pipeline.py took 1.046 seconds
[2025-07-04T20:35:05.411+0000] {processor.py:186} INFO - Started process (PID=670) to work on /opt/airflow/dags/extract_raw_data_pipeline.py
[2025-07-04T20:35:05.413+0000] {processor.py:914} INFO - Processing file /opt/airflow/dags/extract_raw_data_pipeline.py for tasks to queue
[2025-07-04T20:35:05.417+0000] {logging_mixin.py:190} INFO - [2025-07-04T20:35:05.416+0000] {dagbag.py:588} INFO - Filling up the DagBag from /opt/airflow/dags/extract_raw_data_pipeline.py
[2025-07-04T20:35:06.112+0000] {processor.py:925} INFO - DAG(s) 'extract_raw_data_pipeline' retrieved from /opt/airflow/dags/extract_raw_data_pipeline.py
[2025-07-04T20:35:06.150+0000] {logging_mixin.py:190} INFO - [2025-07-04T20:35:06.150+0000] {dag.py:3239} INFO - Sync 1 DAGs
[2025-07-04T20:35:06.181+0000] {logging_mixin.py:190} INFO - [2025-07-04T20:35:06.181+0000] {dag.py:4180} INFO - Setting next_dagrun for extract_raw_data_pipeline to 2025-07-04 07:00:00+00:00, run_after=2025-07-05 07:00:00+00:00
[2025-07-04T20:35:06.208+0000] {processor.py:208} INFO - Processing /opt/airflow/dags/extract_raw_data_pipeline.py took 0.803 seconds
[2025-07-04T20:35:36.578+0000] {processor.py:186} INFO - Started process (PID=679) to work on /opt/airflow/dags/extract_raw_data_pipeline.py
[2025-07-04T20:35:36.580+0000] {processor.py:914} INFO - Processing file /opt/airflow/dags/extract_raw_data_pipeline.py for tasks to queue
[2025-07-04T20:35:36.589+0000] {logging_mixin.py:190} INFO - [2025-07-04T20:35:36.589+0000] {dagbag.py:588} INFO - Filling up the DagBag from /opt/airflow/dags/extract_raw_data_pipeline.py
[2025-07-04T20:35:37.230+0000] {processor.py:925} INFO - DAG(s) 'extract_raw_data_pipeline' retrieved from /opt/airflow/dags/extract_raw_data_pipeline.py
[2025-07-04T20:35:37.257+0000] {logging_mixin.py:190} INFO - [2025-07-04T20:35:37.257+0000] {dag.py:3239} INFO - Sync 1 DAGs
[2025-07-04T20:35:37.285+0000] {logging_mixin.py:190} INFO - [2025-07-04T20:35:37.285+0000] {dag.py:4180} INFO - Setting next_dagrun for extract_raw_data_pipeline to 2025-07-04 07:00:00+00:00, run_after=2025-07-05 07:00:00+00:00
[2025-07-04T20:35:37.313+0000] {processor.py:208} INFO - Processing /opt/airflow/dags/extract_raw_data_pipeline.py took 0.745 seconds
[2025-07-04T20:36:07.924+0000] {processor.py:186} INFO - Started process (PID=688) to work on /opt/airflow/dags/extract_raw_data_pipeline.py
[2025-07-04T20:36:07.925+0000] {processor.py:914} INFO - Processing file /opt/airflow/dags/extract_raw_data_pipeline.py for tasks to queue
[2025-07-04T20:36:07.930+0000] {logging_mixin.py:190} INFO - [2025-07-04T20:36:07.930+0000] {dagbag.py:588} INFO - Filling up the DagBag from /opt/airflow/dags/extract_raw_data_pipeline.py
[2025-07-04T20:36:08.940+0000] {processor.py:925} INFO - DAG(s) 'extract_raw_data_pipeline' retrieved from /opt/airflow/dags/extract_raw_data_pipeline.py
[2025-07-04T20:36:08.979+0000] {logging_mixin.py:190} INFO - [2025-07-04T20:36:08.979+0000] {dag.py:3239} INFO - Sync 1 DAGs
[2025-07-04T20:36:09.012+0000] {logging_mixin.py:190} INFO - [2025-07-04T20:36:09.011+0000] {dag.py:4180} INFO - Setting next_dagrun for extract_raw_data_pipeline to 2025-07-04 07:00:00+00:00, run_after=2025-07-05 07:00:00+00:00
[2025-07-04T20:36:09.073+0000] {processor.py:208} INFO - Processing /opt/airflow/dags/extract_raw_data_pipeline.py took 1.161 seconds
[2025-07-04T20:36:39.605+0000] {processor.py:186} INFO - Started process (PID=698) to work on /opt/airflow/dags/extract_raw_data_pipeline.py
[2025-07-04T20:36:39.606+0000] {processor.py:914} INFO - Processing file /opt/airflow/dags/extract_raw_data_pipeline.py for tasks to queue
[2025-07-04T20:36:39.610+0000] {logging_mixin.py:190} INFO - [2025-07-04T20:36:39.609+0000] {dagbag.py:588} INFO - Filling up the DagBag from /opt/airflow/dags/extract_raw_data_pipeline.py
[2025-07-04T20:36:40.191+0000] {processor.py:925} INFO - DAG(s) 'extract_raw_data_pipeline' retrieved from /opt/airflow/dags/extract_raw_data_pipeline.py
[2025-07-04T20:36:40.233+0000] {logging_mixin.py:190} INFO - [2025-07-04T20:36:40.232+0000] {dag.py:3239} INFO - Sync 1 DAGs
[2025-07-04T20:36:40.260+0000] {logging_mixin.py:190} INFO - [2025-07-04T20:36:40.259+0000] {dag.py:4180} INFO - Setting next_dagrun for extract_raw_data_pipeline to 2025-07-04 07:00:00+00:00, run_after=2025-07-05 07:00:00+00:00
[2025-07-04T20:36:40.313+0000] {processor.py:208} INFO - Processing /opt/airflow/dags/extract_raw_data_pipeline.py took 0.722 seconds
[2025-07-04T20:37:11.080+0000] {processor.py:186} INFO - Started process (PID=707) to work on /opt/airflow/dags/extract_raw_data_pipeline.py
[2025-07-04T20:37:11.082+0000] {processor.py:914} INFO - Processing file /opt/airflow/dags/extract_raw_data_pipeline.py for tasks to queue
[2025-07-04T20:37:11.085+0000] {logging_mixin.py:190} INFO - [2025-07-04T20:37:11.085+0000] {dagbag.py:588} INFO - Filling up the DagBag from /opt/airflow/dags/extract_raw_data_pipeline.py
[2025-07-04T20:37:11.616+0000] {processor.py:925} INFO - DAG(s) 'extract_raw_data_pipeline' retrieved from /opt/airflow/dags/extract_raw_data_pipeline.py
[2025-07-04T20:37:11.642+0000] {logging_mixin.py:190} INFO - [2025-07-04T20:37:11.642+0000] {dag.py:3239} INFO - Sync 1 DAGs
[2025-07-04T20:37:11.668+0000] {logging_mixin.py:190} INFO - [2025-07-04T20:37:11.668+0000] {dag.py:4180} INFO - Setting next_dagrun for extract_raw_data_pipeline to 2025-07-04 07:00:00+00:00, run_after=2025-07-05 07:00:00+00:00
[2025-07-04T20:37:11.689+0000] {processor.py:208} INFO - Processing /opt/airflow/dags/extract_raw_data_pipeline.py took 0.616 seconds
[2025-07-04T20:37:42.567+0000] {processor.py:186} INFO - Started process (PID=716) to work on /opt/airflow/dags/extract_raw_data_pipeline.py
[2025-07-04T20:37:42.569+0000] {processor.py:914} INFO - Processing file /opt/airflow/dags/extract_raw_data_pipeline.py for tasks to queue
[2025-07-04T20:37:42.574+0000] {logging_mixin.py:190} INFO - [2025-07-04T20:37:42.574+0000] {dagbag.py:588} INFO - Filling up the DagBag from /opt/airflow/dags/extract_raw_data_pipeline.py
[2025-07-04T20:37:43.388+0000] {processor.py:925} INFO - DAG(s) 'extract_raw_data_pipeline' retrieved from /opt/airflow/dags/extract_raw_data_pipeline.py
[2025-07-04T20:37:43.414+0000] {logging_mixin.py:190} INFO - [2025-07-04T20:37:43.414+0000] {dag.py:3239} INFO - Sync 1 DAGs
[2025-07-04T20:37:43.437+0000] {logging_mixin.py:190} INFO - [2025-07-04T20:37:43.437+0000] {dag.py:4180} INFO - Setting next_dagrun for extract_raw_data_pipeline to 2025-07-04 07:00:00+00:00, run_after=2025-07-05 07:00:00+00:00
[2025-07-04T20:37:43.458+0000] {processor.py:208} INFO - Processing /opt/airflow/dags/extract_raw_data_pipeline.py took 0.899 seconds
[2025-07-04T20:38:13.858+0000] {processor.py:186} INFO - Started process (PID=725) to work on /opt/airflow/dags/extract_raw_data_pipeline.py
[2025-07-04T20:38:13.859+0000] {processor.py:914} INFO - Processing file /opt/airflow/dags/extract_raw_data_pipeline.py for tasks to queue
[2025-07-04T20:38:13.863+0000] {logging_mixin.py:190} INFO - [2025-07-04T20:38:13.863+0000] {dagbag.py:588} INFO - Filling up the DagBag from /opt/airflow/dags/extract_raw_data_pipeline.py
[2025-07-04T20:38:14.841+0000] {processor.py:925} INFO - DAG(s) 'extract_raw_data_pipeline' retrieved from /opt/airflow/dags/extract_raw_data_pipeline.py
[2025-07-04T20:38:14.881+0000] {logging_mixin.py:190} INFO - [2025-07-04T20:38:14.881+0000] {dag.py:3239} INFO - Sync 1 DAGs
[2025-07-04T20:38:14.913+0000] {logging_mixin.py:190} INFO - [2025-07-04T20:38:14.913+0000] {dag.py:4180} INFO - Setting next_dagrun for extract_raw_data_pipeline to 2025-07-04 07:00:00+00:00, run_after=2025-07-05 07:00:00+00:00
[2025-07-04T20:38:14.948+0000] {processor.py:208} INFO - Processing /opt/airflow/dags/extract_raw_data_pipeline.py took 1.100 seconds
[2025-07-04T20:38:45.300+0000] {processor.py:186} INFO - Started process (PID=735) to work on /opt/airflow/dags/extract_raw_data_pipeline.py
[2025-07-04T20:38:45.302+0000] {processor.py:914} INFO - Processing file /opt/airflow/dags/extract_raw_data_pipeline.py for tasks to queue
[2025-07-04T20:38:45.306+0000] {logging_mixin.py:190} INFO - [2025-07-04T20:38:45.304+0000] {dagbag.py:588} INFO - Filling up the DagBag from /opt/airflow/dags/extract_raw_data_pipeline.py
[2025-07-04T20:38:46.233+0000] {processor.py:925} INFO - DAG(s) 'extract_raw_data_pipeline' retrieved from /opt/airflow/dags/extract_raw_data_pipeline.py
[2025-07-04T20:38:46.262+0000] {logging_mixin.py:190} INFO - [2025-07-04T20:38:46.262+0000] {dag.py:3239} INFO - Sync 1 DAGs
[2025-07-04T20:38:46.285+0000] {logging_mixin.py:190} INFO - [2025-07-04T20:38:46.285+0000] {dag.py:4180} INFO - Setting next_dagrun for extract_raw_data_pipeline to 2025-07-04 07:00:00+00:00, run_after=2025-07-05 07:00:00+00:00
[2025-07-04T20:38:46.308+0000] {processor.py:208} INFO - Processing /opt/airflow/dags/extract_raw_data_pipeline.py took 1.014 seconds
[2025-07-04T20:39:16.686+0000] {processor.py:186} INFO - Started process (PID=745) to work on /opt/airflow/dags/extract_raw_data_pipeline.py
[2025-07-04T20:39:16.687+0000] {processor.py:914} INFO - Processing file /opt/airflow/dags/extract_raw_data_pipeline.py for tasks to queue
[2025-07-04T20:39:16.691+0000] {logging_mixin.py:190} INFO - [2025-07-04T20:39:16.691+0000] {dagbag.py:588} INFO - Filling up the DagBag from /opt/airflow/dags/extract_raw_data_pipeline.py
[2025-07-04T20:39:17.441+0000] {processor.py:925} INFO - DAG(s) 'extract_raw_data_pipeline' retrieved from /opt/airflow/dags/extract_raw_data_pipeline.py
[2025-07-04T20:39:17.466+0000] {logging_mixin.py:190} INFO - [2025-07-04T20:39:17.466+0000] {dag.py:3239} INFO - Sync 1 DAGs
[2025-07-04T20:39:17.487+0000] {logging_mixin.py:190} INFO - [2025-07-04T20:39:17.487+0000] {dag.py:4180} INFO - Setting next_dagrun for extract_raw_data_pipeline to 2025-07-04 07:00:00+00:00, run_after=2025-07-05 07:00:00+00:00
[2025-07-04T20:39:17.510+0000] {processor.py:208} INFO - Processing /opt/airflow/dags/extract_raw_data_pipeline.py took 0.835 seconds
[2025-07-04T20:39:47.956+0000] {processor.py:186} INFO - Started process (PID=754) to work on /opt/airflow/dags/extract_raw_data_pipeline.py
[2025-07-04T20:39:47.958+0000] {processor.py:914} INFO - Processing file /opt/airflow/dags/extract_raw_data_pipeline.py for tasks to queue
[2025-07-04T20:39:47.989+0000] {logging_mixin.py:190} INFO - [2025-07-04T20:39:47.988+0000] {dagbag.py:588} INFO - Filling up the DagBag from /opt/airflow/dags/extract_raw_data_pipeline.py
[2025-07-04T20:39:49.570+0000] {processor.py:925} INFO - DAG(s) 'extract_raw_data_pipeline' retrieved from /opt/airflow/dags/extract_raw_data_pipeline.py
[2025-07-04T20:39:49.661+0000] {logging_mixin.py:190} INFO - [2025-07-04T20:39:49.661+0000] {dag.py:3239} INFO - Sync 1 DAGs
[2025-07-04T20:39:49.692+0000] {logging_mixin.py:190} INFO - [2025-07-04T20:39:49.692+0000] {dag.py:4180} INFO - Setting next_dagrun for extract_raw_data_pipeline to 2025-07-04 07:00:00+00:00, run_after=2025-07-05 07:00:00+00:00
[2025-07-04T20:39:49.755+0000] {processor.py:208} INFO - Processing /opt/airflow/dags/extract_raw_data_pipeline.py took 1.811 seconds
[2025-07-04T20:40:20.134+0000] {processor.py:186} INFO - Started process (PID=763) to work on /opt/airflow/dags/extract_raw_data_pipeline.py
[2025-07-04T20:40:20.135+0000] {processor.py:914} INFO - Processing file /opt/airflow/dags/extract_raw_data_pipeline.py for tasks to queue
[2025-07-04T20:40:20.140+0000] {logging_mixin.py:190} INFO - [2025-07-04T20:40:20.139+0000] {dagbag.py:588} INFO - Filling up the DagBag from /opt/airflow/dags/extract_raw_data_pipeline.py
[2025-07-04T20:40:20.707+0000] {processor.py:925} INFO - DAG(s) 'extract_raw_data_pipeline' retrieved from /opt/airflow/dags/extract_raw_data_pipeline.py
[2025-07-04T20:40:20.746+0000] {logging_mixin.py:190} INFO - [2025-07-04T20:40:20.745+0000] {dag.py:3239} INFO - Sync 1 DAGs
[2025-07-04T20:40:20.779+0000] {logging_mixin.py:190} INFO - [2025-07-04T20:40:20.779+0000] {dag.py:4180} INFO - Setting next_dagrun for extract_raw_data_pipeline to 2025-07-04 07:00:00+00:00, run_after=2025-07-05 07:00:00+00:00
[2025-07-04T20:40:20.810+0000] {processor.py:208} INFO - Processing /opt/airflow/dags/extract_raw_data_pipeline.py took 0.687 seconds
[2025-07-04T20:40:51.678+0000] {processor.py:186} INFO - Started process (PID=772) to work on /opt/airflow/dags/extract_raw_data_pipeline.py
[2025-07-04T20:40:51.679+0000] {processor.py:914} INFO - Processing file /opt/airflow/dags/extract_raw_data_pipeline.py for tasks to queue
[2025-07-04T20:40:51.682+0000] {logging_mixin.py:190} INFO - [2025-07-04T20:40:51.681+0000] {dagbag.py:588} INFO - Filling up the DagBag from /opt/airflow/dags/extract_raw_data_pipeline.py
[2025-07-04T20:40:52.266+0000] {processor.py:925} INFO - DAG(s) 'extract_raw_data_pipeline' retrieved from /opt/airflow/dags/extract_raw_data_pipeline.py
[2025-07-04T20:40:52.291+0000] {logging_mixin.py:190} INFO - [2025-07-04T20:40:52.290+0000] {dag.py:3239} INFO - Sync 1 DAGs
[2025-07-04T20:40:52.313+0000] {logging_mixin.py:190} INFO - [2025-07-04T20:40:52.313+0000] {dag.py:4180} INFO - Setting next_dagrun for extract_raw_data_pipeline to 2025-07-04 07:00:00+00:00, run_after=2025-07-05 07:00:00+00:00
[2025-07-04T20:40:52.338+0000] {processor.py:208} INFO - Processing /opt/airflow/dags/extract_raw_data_pipeline.py took 0.667 seconds
[2025-07-04T20:41:23.138+0000] {processor.py:186} INFO - Started process (PID=781) to work on /opt/airflow/dags/extract_raw_data_pipeline.py
[2025-07-04T20:41:23.139+0000] {processor.py:914} INFO - Processing file /opt/airflow/dags/extract_raw_data_pipeline.py for tasks to queue
[2025-07-04T20:41:23.145+0000] {logging_mixin.py:190} INFO - [2025-07-04T20:41:23.144+0000] {dagbag.py:588} INFO - Filling up the DagBag from /opt/airflow/dags/extract_raw_data_pipeline.py
[2025-07-04T20:41:24.087+0000] {processor.py:925} INFO - DAG(s) 'extract_raw_data_pipeline' retrieved from /opt/airflow/dags/extract_raw_data_pipeline.py
[2025-07-04T20:41:24.117+0000] {logging_mixin.py:190} INFO - [2025-07-04T20:41:24.116+0000] {dag.py:3239} INFO - Sync 1 DAGs
[2025-07-04T20:41:24.145+0000] {logging_mixin.py:190} INFO - [2025-07-04T20:41:24.145+0000] {dag.py:4180} INFO - Setting next_dagrun for extract_raw_data_pipeline to 2025-07-04 07:00:00+00:00, run_after=2025-07-05 07:00:00+00:00
[2025-07-04T20:41:24.175+0000] {processor.py:208} INFO - Processing /opt/airflow/dags/extract_raw_data_pipeline.py took 1.044 seconds
[2025-07-04T20:41:54.513+0000] {processor.py:186} INFO - Started process (PID=790) to work on /opt/airflow/dags/extract_raw_data_pipeline.py
[2025-07-04T20:41:54.515+0000] {processor.py:914} INFO - Processing file /opt/airflow/dags/extract_raw_data_pipeline.py for tasks to queue
[2025-07-04T20:41:54.518+0000] {logging_mixin.py:190} INFO - [2025-07-04T20:41:54.518+0000] {dagbag.py:588} INFO - Filling up the DagBag from /opt/airflow/dags/extract_raw_data_pipeline.py
[2025-07-04T20:41:55.213+0000] {processor.py:925} INFO - DAG(s) 'extract_raw_data_pipeline' retrieved from /opt/airflow/dags/extract_raw_data_pipeline.py
[2025-07-04T20:41:55.237+0000] {logging_mixin.py:190} INFO - [2025-07-04T20:41:55.236+0000] {dag.py:3239} INFO - Sync 1 DAGs
[2025-07-04T20:41:55.257+0000] {logging_mixin.py:190} INFO - [2025-07-04T20:41:55.257+0000] {dag.py:4180} INFO - Setting next_dagrun for extract_raw_data_pipeline to 2025-07-04 07:00:00+00:00, run_after=2025-07-05 07:00:00+00:00
[2025-07-04T20:41:55.276+0000] {processor.py:208} INFO - Processing /opt/airflow/dags/extract_raw_data_pipeline.py took 0.769 seconds
[2025-07-04T20:42:25.942+0000] {processor.py:186} INFO - Started process (PID=799) to work on /opt/airflow/dags/extract_raw_data_pipeline.py
[2025-07-04T20:42:25.943+0000] {processor.py:914} INFO - Processing file /opt/airflow/dags/extract_raw_data_pipeline.py for tasks to queue
[2025-07-04T20:42:25.946+0000] {logging_mixin.py:190} INFO - [2025-07-04T20:42:25.946+0000] {dagbag.py:588} INFO - Filling up the DagBag from /opt/airflow/dags/extract_raw_data_pipeline.py
[2025-07-04T20:42:26.632+0000] {processor.py:925} INFO - DAG(s) 'extract_raw_data_pipeline' retrieved from /opt/airflow/dags/extract_raw_data_pipeline.py
[2025-07-04T20:42:26.656+0000] {logging_mixin.py:190} INFO - [2025-07-04T20:42:26.656+0000] {dag.py:3239} INFO - Sync 1 DAGs
[2025-07-04T20:42:26.676+0000] {logging_mixin.py:190} INFO - [2025-07-04T20:42:26.676+0000] {dag.py:4180} INFO - Setting next_dagrun for extract_raw_data_pipeline to 2025-07-04 07:00:00+00:00, run_after=2025-07-05 07:00:00+00:00
[2025-07-04T20:42:26.694+0000] {processor.py:208} INFO - Processing /opt/airflow/dags/extract_raw_data_pipeline.py took 0.758 seconds
[2025-07-04T20:42:57.341+0000] {processor.py:186} INFO - Started process (PID=808) to work on /opt/airflow/dags/extract_raw_data_pipeline.py
[2025-07-04T20:42:57.343+0000] {processor.py:914} INFO - Processing file /opt/airflow/dags/extract_raw_data_pipeline.py for tasks to queue
[2025-07-04T20:42:57.357+0000] {logging_mixin.py:190} INFO - [2025-07-04T20:42:57.347+0000] {dagbag.py:588} INFO - Filling up the DagBag from /opt/airflow/dags/extract_raw_data_pipeline.py
[2025-07-04T20:42:58.241+0000] {processor.py:925} INFO - DAG(s) 'extract_raw_data_pipeline' retrieved from /opt/airflow/dags/extract_raw_data_pipeline.py
[2025-07-04T20:42:58.265+0000] {logging_mixin.py:190} INFO - [2025-07-04T20:42:58.265+0000] {dag.py:3239} INFO - Sync 1 DAGs
[2025-07-04T20:42:58.288+0000] {logging_mixin.py:190} INFO - [2025-07-04T20:42:58.288+0000] {dag.py:4180} INFO - Setting next_dagrun for extract_raw_data_pipeline to 2025-07-04 07:00:00+00:00, run_after=2025-07-05 07:00:00+00:00
[2025-07-04T20:42:58.309+0000] {processor.py:208} INFO - Processing /opt/airflow/dags/extract_raw_data_pipeline.py took 0.979 seconds
